"file","date","time_point","culture_ID","comment","time","replicate","indiv_per_frame","indiv_per_volume","bioarea_per_frame","bioarea_per_volume","major_mean","major_sd","minor_mean","minor_sd","gross_speed_mean","gross_speed_sd","net_speed_mean","net_speed_sd","sd_turning_mean","video_replicate"
"sample_00001","07.05.22","t6",1,NA,NA,1,4,0.116279069767442,18765.37854,545.505190116279,117.5636511,12.2426977003888,50.9088888,5.24088485114241,244.6405,123.442937331384,181.385,58.5983358694312,0.255,1
"sample_00002","07.05.22","t6",2,NA,NA,1,1.04,0.0302325581395349,3493.60128,101.558176744186,112.440146215973,13.4184680756585,37.9924444324937,2.3733109920771,204.049725785704,30.8272389272583,134.88,104.636930860954,0.496666666666667,1
"sample_00003","07.05.22","t6",3,NA,NA,1,2.632,0.0765116279069768,10030.32558,291.579231976744,106.133180433794,12.9970033966331,44.1473924828063,4.85769840521781,170.229587285902,56.4767914239613,96.555,80.4960481431646,0.5075,1
"sample_00004","07.05.22","t6",4,NA,NA,1,0.376,0.0109302325581395,998.97786,29.0400540697674,84.4633531914894,NA,38.0007191489362,NA,196.712765957447,NA,183.08,NA,0.26,1
"sample_00005","07.05.22","t6",5,NA,NA,1,1,0.0290697674418605,3469.98168,100.871560465116,77.723388,NA,56.8860408,NA,622.922,NA,148.17,NA,0.3,1
"sample_00006","07.05.22","t6",6,NA,NA,1,9.04,0.262790697674419,38229.37236,1111.31896395349,92.945263624901,33.9694424818499,45.2063460544669,13.1893816634592,335.707389478034,273.278887986325,186.067857142857,251.15124750999,0.642142857142857,1
"sample_00007","07.05.22","t6",7,NA,NA,1,9,0.261627906976744,38628.41238,1122.91896453488,104.695282957555,31.7881443168433,48.0839713083256,11.9143184073927,354.859373617091,246.39339973743,175.803846153846,156.398301276925,0.536923076923077,1
"sample_00008","07.05.22","t6",8,NA,NA,1,12.744,0.37046511627907,67184.64,1953.04186046512,109.567053440909,47.9678422495398,49.3787780919276,14.4178940800168,260.895330192891,179.007191686322,146.738,141.015370651571,0.547333333333333,1
"sample_00009","07.05.22","t6",9,NA,NA,1,7.168,0.208372093023256,27661.96332,804.126840697674,98.4710742039867,31.6637705744998,43.6933549076412,13.1831020669215,332.860042820229,266.850471221819,201.913333333333,220.044663307248,0.378888888888889,1
"sample_00010","07.05.22","t6",10,NA,NA,1,13.216,0.384186046511628,64693.29708,1880.61910116279,112.505708133983,35.3565246495424,49.3840961308217,11.6587940620678,206.907980160707,161.961051195309,104.393125,114.780572846265,0.433125,1
"sample_00011","07.05.22","t6",11,NA,NA,1,21.032,0.611395348837209,91605.3381,2662.945875,108.210742955769,34.3627816830109,49.1248873172913,7.75348547342923,251.260507095407,167.59391147611,168.765769230769,166.578608306663,0.417307692307692,1
"sample_00012","07.05.22","t6",12,NA,NA,1,21.016,0.610930232558139,95240.26332,2768.61230581395,93.174129051625,47.0483609362903,44.0217272691378,17.3868849575249,217.438828439405,209.005264315809,117.498125,186.060536323574,0.6725,1
"sample_00013","07.05.22","t6",13,NA,NA,1,20.704,0.601860465116279,89115.04494,2590.55363197674,109.129145964667,55.7854398228273,39.5809196744751,15.622866888385,215.509650975949,132.866038119347,170.521034482759,135.182142558656,0.421379310344828,1
"sample_00014","07.05.22","t6",14,NA,NA,1,10.52,0.305813953488372,41117.787,1195.28450581395,99.6309048794347,32.595400612607,44.9917464337951,12.2281489239372,220.235196631518,158.744524425025,94.0485714285714,89.4344462856319,0.512857142857143,1
"sample_00015","07.05.22","t6",15,NA,NA,1,22.856,0.664418604651163,125802.71352,3657.0556255814,104.064069444208,74.7946790490024,44.3231338832971,20.3475578851193,267.363335251792,191.799127362633,135.922424242424,155.055920397092,0.566666666666667,1
"sample_00016","07.05.22","t6",16,NA,NA,1,2.72,0.0790697674418605,12427.45254,361.263155232558,119.6008404,29.0822671200596,44.674734,12.1915585083347,286.446296296296,223.483655447693,105.693333333333,75.6417724100469,0.603333333333333,1
"sample_00017","07.05.22","t6",17,NA,NA,1,3.512,0.102093023255814,23120.57034,672.109602906977,139.644812657812,28.3003283181234,57.2481129515625,10.7677481082806,390.4025859375,145.279362506483,181.9025,48.5386151258288,0.3975,1
"sample_00018","07.05.22","t6",18,NA,NA,1,2.992,0.0869767441860465,8321.57874,241.90635872093,82.8734552709677,21.0820654334795,42.1842603483871,6.35551097453518,379.511333333333,191.225486348795,250.273333333333,124.243194716384,0.336666666666667,1
"sample_00019","07.05.22","t6",19,NA,NA,1,2.856,0.0830232558139535,10359.819,301.157529069767,95.6175096739843,24.012345435056,47.1576364149323,5.39034100953572,490.376868674269,381.671610959108,301.0425,234.348804331634,0.385,1
"sample_00020","07.05.22","t6",20,NA,NA,1,0.584,0.0169767441860465,2287.68948,66.5026011627907,103.885418475705,16.1224825654158,47.1064149098746,5.71824416854191,549.650176332288,247.79728679098,415.025,420.09920977074,0.225,1
"sample_00021","07.05.22","t6",21,NA,NA,1,3.528,0.102558139534884,20643.13674,600.091184302326,141.500120635091,15.0902164637212,55.8533722493236,10.5370924734682,428.775453559676,262.326050328589,334.558,269.258451622229,0.256,1
"sample_00022","07.05.22","t6",22,NA,NA,1,1,0.0290697674418605,4120.70166,119.787838953488,102.9302316,NA,51.461568,NA,170.514,NA,70.35,NA,0.38,1
"sample_00023","07.05.22","t6",23,NA,NA,1,3.896,0.113255813953488,18192.86568,528.862374418605,123.163382876786,18.6295162529152,46.8743998660714,11.165027407462,300.005607142857,155.488781952875,162.345,56.72791229486,0.215,1
"sample_00024","07.05.22","t6",24,NA,NA,1,3.048,0.0886046511627907,12608.01126,366.511955232558,99.9138988101724,30.3345095950172,45.5500526648276,6.33656074562281,316.9916600894,214.096266342855,169.376,151.162494620855,0.594,1
"sample_00025","07.05.22","t6",25,NA,NA,1,3,0.0872093023255814,12797.2305,372.012514534884,114.9272712,5.5645472997704,47.842056,1.65809833427279,205.419333333333,32.2804278988574,161.806666666667,74.0144805651795,0.226666666666667,1
"sample_00026","07.05.22","t6",26,NA,NA,1,8.288,0.24093023255814,31429.55196,913.64976627907,87.7224876391852,44.8055957081473,40.8561850499243,13.7951897459877,283.098302604377,198.028408595138,113.106153846154,108.777376671995,0.522307692307692,1
"sample_00027","07.05.22","t6",27,NA,NA,1,3.72,0.108139534883721,13859.71884,402.898803488372,95.8906825062514,31.3699772730477,46.3444426805415,9.56121247182625,513.815454397497,308.939482095064,378.225714285714,269.207861441498,0.395714285714286,1
"sample_00028","07.05.22","t6",28,NA,NA,1,22.856,0.664418604651163,93554.6112,2719.61079069767,107.45979646291,29.6446171512145,44.6834106641195,10.6925756546318,234.478750006796,144.818509353902,143.43724137931,102.271910607268,0.389655172413793,1
"sample_00029","07.05.22","t6",29,NA,NA,1,15.128,0.439767441860465,64652.7501,1879.44040988372,106.521253344374,25.1585998709323,50.6381670250366,5.31808860236695,299.557534860935,191.935034321531,140.284117647059,79.3307846188054,0.425882352941176,1
"sample_00030","07.05.22","t6",30,NA,NA,1,23.92,0.695348837209302,99040.52574,2879.0850505814,106.12713434979,33.4376407053136,46.0353246088851,10.8994340229258,244.721106844412,166.819516152299,132.511212121212,132.599165220731,0.408787878787879,1
"sample_00031","07.05.22","t6",31,NA,NA,1,10.08,0.293023255813953,45828.97866,1332.23775174419,114.397358309052,35.9614715202952,41.8860293927172,12.3149834609501,285.404327956989,154.75331985933,134.623333333333,99.4909545759022,0.4575,1
"sample_00032","07.05.22","t6",32,NA,NA,1,24.728,0.718837209302326,106793.397,3104.45921511628,101.926951856697,50.6768284720938,43.6921125672607,17.6736838269905,223.588588779432,166.980658993303,136.3415625,145.540214487143,0.4278125,1
"sample_00033","07.05.22","t6",33,NA,NA,1,14.208,0.413023255813953,58126.12974,1689.71307383721,111.147433907368,44.3370742560367,40.1037677009752,11.3699605535292,227.391581159324,103.207733118385,151.711111111111,92.658998857537,0.412222222222222,1
"sample_00034","07.05.22","t6",34,NA,NA,1,23.456,0.681860465116279,106253.68914,3088.77003313953,113.018771555013,39.8559317104498,48.6712386410841,11.3102838143894,244.998242643203,175.681075869768,133.267741935484,147.155548490017,0.460645161290323,1
"sample_00035","07.05.22","t6",35,NA,NA,1,5.88,0.17093023255814,26856.40374,780.709411046512,122.778009318702,18.2082957992395,47.9794121153488,9.52549682458825,301.155113019349,164.719203637172,212.77875,101.379670325747,0.2475,1
"sample_00036","07.05.22","t6",36,NA,NA,1,14.656,0.426046511627907,73570.33008,2138.67238604651,116.227238728951,49.3959164653294,45.226685161729,17.0180529618641,201.386381051381,60.179776896906,145.310588235294,66.5987531293368,0.240588235294118,1
"sample_00037","07.05.22","t6",37,NA,NA,1,13.52,0.393023255813953,99146.02662,2882.15193662791,158.205541767799,55.3908223071723,51.6924532775537,14.8413569056152,328.37224154145,191.731392621618,217.562352941176,160.40992614741,0.229411764705882,1
"sample_00038","07.05.22","t6",38,NA,NA,1,18.144,0.527441860465116,78484.91274,2281.53816104651,105.220547836,29.0214779256839,47.0081505861628,9.07243630039673,249.471055235701,187.613853260927,129.130833333333,144.620864329029,0.5225,1
"sample_00039","07.05.22","t6",39,NA,NA,1,18.696,0.543488372093023,93480.4719,2717.45557848837,122.326841238147,52.3763049385449,46.9534042694906,15.1318712016071,298.753151445449,224.482755110139,227.594285714286,197.488600166476,0.306190476190476,1
"sample_00040","07.05.22","t6",40,NA,NA,1,17.008,0.494418604651163,74571.14502,2167.76584360465,102.995294667828,48.1965115567396,45.328745481037,11.1087549578092,211.015419466447,172.064860194337,113.257407407407,179.174359871405,0.598148148148148,1
"sample_00041","07.05.22","t6",41,NA,NA,1,9.672,0.281162790697674,49040.06328,1425.58323488372,107.31917432718,43.1186080405907,50.2273556812411,13.4591674400463,266.597819197859,211.519299431581,119.575833333333,72.0529284570893,0.354166666666667,1
"sample_00042","07.05.22","t6",42,NA,NA,1,9.168,0.266511627906977,54081.6669,1572.14147965116,128.569536027751,42.5948462444765,49.5352509951779,11.4050786010576,221.780704163539,41.078708203264,134.945454545455,82.1724478598072,0.294545454545455,1
"sample_00043","07.05.22","t6",43,NA,NA,1,8.552,0.248604651162791,37348.4925,1085.71199127907,101.120936669548,55.5737757598207,41.8784429639174,17.6014340926215,351.445847154135,254.680423431673,283.82,253.091554152511,0.441538461538462,1
"sample_00044","07.05.22","t6",44,NA,NA,1,11.448,0.332790697674419,67555.46772,1963.82173604651,135.482828799773,54.2098682924794,50.5745592664381,14.1452121668658,402.743290558639,335.228758404192,340.462,350.083826006613,0.336666666666667,1
"sample_00045","07.05.22","t6",45,NA,NA,1,14.72,0.427906976744186,87163.27866,2533.81624011628,122.096988183063,60.4757401881479,45.9297093999369,18.2293750740216,189.609021629959,58.5968529015623,116.106315789474,80.5194646730098,0.301578947368421,1
"sample_00046","07.05.22","t6",46,NA,NA,1,5.96,0.173255813953488,20181.89844,586.683094186047,96.7468286859808,35.9525409995626,47.4098957458739,11.3153533750803,597.540283196155,410.305798372913,431.464,452.955246138561,0.368,1
"sample_00047","07.05.22","t6",47,NA,NA,1,14.808,0.43046511627907,69709.57524,2026.44114069767,120.643666381711,20.6102955507117,49.154274980179,8.96894484869762,317.344343647472,277.395183778505,189.841764705882,213.542697142612,0.235294117647059,1
"sample_00048","07.05.22","t6",48,NA,NA,1,5.688,0.165348837209302,23357.29122,678.991023837209,114.723086480132,29.1247831977367,43.2914849352237,13.9428681785535,387.238366160071,208.501705704603,200.892857142857,173.806475015009,0.505714285714286,1
"sample_00049","07.05.22","t6",49,NA,NA,1,6.656,0.193488372093023,30089.00844,874.680477906977,101.098773790244,39.8048125852712,49.3600067012195,15.1001300528187,273.214077235772,205.752448881559,155.93375,95.7051851017339,0.4025,1
"sample_00050","07.05.22","t6",50,NA,NA,1,7.36,0.213953488372093,29001.5883,843.069427325581,107.851106318277,20.5988199249569,44.3042386607357,7.3411055689555,317.307932788976,129.852501813561,243.625555555556,150.917480358565,0.263333333333333,1
"sample_00051","07.05.22","t6",51,NA,NA,1,13.6,0.395348837209302,53116.01892,1544.07031744186,107.423363998055,29.6241154559873,44.7826676832813,10.3055908893281,210.865876242762,199.663730856353,116.133888888889,160.900411805816,0.446111111111111,1
"sample_00052","07.05.22","t6",52,NA,NA,1,3.96,0.115116279069767,14340.90258,416.886702906977,91.3622888559845,37.8173787831966,38.2331690922078,13.4878337029679,326.533921239421,229.005506210239,118.476666666667,126.967315426714,0.68,1
"sample_00053","07.05.22","t6",53,NA,NA,1,13.912,0.404418604651163,69169.86738,2010.75195872093,129.280110048235,42.5538007248534,47.145498374958,12.4442208325759,344.705071584189,263.170043102933,216.822,242.451816603394,0.405333333333333,1
"sample_00054","07.05.22","t6",54,NA,NA,1,6,0.174418604651163,20992.31316,610.241661627907,106.769517100406,25.8455814202288,41.8643025546143,5.69024520301428,437.514697136028,250.457401113358,316.91625,270.428401136181,0.26875,1
"sample_00055","07.05.22","t6",55,NA,NA,1,17.712,0.514883720930233,68483.718,1990.80575581395,92.8637811638164,40.6208260405527,44.9788060340744,15.8954260989979,214.894272173545,182.952008619982,123.485714285714,111.687959806392,0.471904761904762,1
"sample_00056","07.05.22","t6",56,NA,NA,1,0.32,0.00930232558139535,1115.23878,32.4197319767442,98.84683125,NA,43.90189875,NA,142.3,NA,130.8,NA,0.21,1
"sample_00057","07.05.22","t6",57,NA,NA,1,1,0.0290697674418605,4798.19052,139.48228255814,120.1664808,NA,51.3513432,NA,92.68,NA,34.92,NA,0.76,1
"sample_00058","07.05.22","t6",58,NA,NA,1,0.64,0.0186046511627907,2192.55498,63.737063372093,96.9387851313321,13.5307990267916,42.936444793621,3.23520197518222,160.83056402439,20.1888687188867,46.46,0.113137084989845,0.71,1
"sample_00059","07.05.22","t6",59,NA,NA,1,0,0,0,0,NA,NA,NA,NA,NA,NA,NA,NA,NA,1
"sample_00060","07.05.22","t6",60,NA,NA,1,0,0,0,0,NA,NA,NA,NA,NA,NA,NA,NA,NA,1
"sample_00061","07.05.22","t6",61,NA,NA,1,8.064,0.234418604651163,27173.30004,789.921512790698,86.9306468904406,41.4470079740449,36.5721425701431,12.1805074009208,219.425673004341,139.337143629119,109.574545454545,127.167856344568,0.691818181818182,1
"sample_00062","07.05.22","t6",62,NA,NA,1,4.896,0.142325581395349,18883.34532,548.934456976744,96.5986098251766,37.0868734867267,44.5828343107603,17.0408238803823,273.427230658709,200.692112478385,76.6816666666667,89.1522989982124,0.623333333333333,1
"sample_00063","07.05.22","t6",63,NA,NA,1,7,0.203488372093023,43787.98278,1272.90647616279,141.988514914286,55.5652336729506,52.4004690857143,12.7203223740904,200.476571428571,62.4223685731783,119.937142857143,74.4842273492148,0.357142857142857,1
"sample_00064","07.05.22","t6",64,NA,NA,1,8.232,0.239302325581395,25548.27156,742.682312790698,84.562842076948,39.2394912896117,36.4497213608766,11.0393829588557,244.549308531746,182.772741988302,153.994545454545,166.28312327856,0.589090909090909,1
"sample_00065","07.05.22","t6",65,NA,NA,1,6.352,0.184651162790698,18882.68922,548.915384302326,80.9656516556071,36.439276299521,41.5918822939786,18.9858300695703,396.355170262115,252.044095378194,231.07125,227.083569351996,0.4125,1
"sample_00066","07.05.22","t6",66,NA,NA,1,10.856,0.315581395348837,45873.33102,1333.52706453488,105.855863146283,48.6980129009008,44.444974717055,15.6781476693266,406.047301418329,339.744577907468,279.325384615385,346.722406631381,0.323076923076923,1
"sample_00067","07.05.22","t6",67,NA,NA,1,20.904,0.607674418604651,84775.46832,2464.40314883721,91.4032369718638,39.563875333472,44.3199882946999,15.116825063356,147.778802285041,42.1762359845788,57.0230555555556,60.1471454170969,0.740277777777778,1
"sample_00068","07.05.22","t6",68,NA,NA,1,8.936,0.259767441860465,40185.73134,1168.18986453488,103.151556691126,36.4708537326818,45.1411495234839,13.7346797364411,188.388835249959,145.016284320561,97.3946666666667,61.7144178415693,0.543333333333333,1
"sample_00069","07.05.22","t6",69,NA,NA,1,5.656,0.164418604651163,26071.05204,757.879419767442,108.43389444413,50.4723610034488,44.8027526532494,15.1799468831798,237.71448113444,44.0136889642638,159.581428571429,55.5394173623777,0.331428571428571,1
"sample_00070","07.05.22","t6",70,NA,NA,1,21.032,0.611395348837209,92115.65268,2677.78060116279,115.754133024975,43.5712905357375,45.2410854711589,13.6269025493295,288.229862724622,187.51235504845,192.751071428571,177.717701974524,0.438571428571429,1
"sample_00071","07.05.22","t6",71,NA,NA,1,1.88,0.0546511627906977,7119.73476,206.96903372093,114.901619972727,15.0256802932141,41.4985017272727,1.16049837812374,134.587636363636,62.3521617055525,119.29,54.2209479813845,0.405,1
"sample_00072","07.05.22","t6",72,NA,NA,1,0.888,0.0258139534883721,2228.24682,64.7746168604651,73.1455901785714,26.2140608345845,27.3030830357143,21.8853551506694,137.420634920635,34.6033366094941,16.25,11.3844191771034,1.605,1
"sample_00073","07.05.22","t6",73,NA,NA,1,0,0,0,0,NA,NA,NA,NA,NA,NA,NA,NA,NA,1
"sample_00074","07.05.22","t6",74,NA,NA,1,0.744,0.0216279069767442,838.62702,24.3786924418605,51.1313514935065,18.5470054104223,23.347186461039,7.5202425407978,168.598082010582,73.4727392224729,28.7966666666667,17.0162167749865,1.14,1
"sample_00075","07.05.22","t6",75,NA,NA,1,0,0,0,0,NA,NA,NA,NA,NA,NA,NA,NA,NA,1
"sample_00076","07.05.22","t6",76,NA,NA,1,0,0,0,0,NA,NA,NA,NA,NA,NA,NA,NA,NA,1
"sample_00077","07.05.22","t6",77,NA,NA,1,0,0,0,0,NA,NA,NA,NA,NA,NA,NA,NA,NA,1
"sample_00078","07.05.22","t6",78,NA,NA,1,2.336,0.067906976744186,8082.4959,234.956276162791,84.5159455205357,36.0766493693432,35.2205305433036,15.7092309267729,122.58559085213,35.6298081963588,19.96,16.9243729573654,0.93,1
"sample_00079","07.05.22","t6",79,NA,NA,1,1,0.0290697674418605,3565.2474,103.640912790698,106.648002,NA,42.781446,NA,120.914,NA,14.13,NA,1.19,1
"sample_00080","07.05.22","t6",80,NA,NA,1,1.6,0.0465116279069768,4390.75242,127.638151744186,74.8005431832845,37.31594634458,33.1699032501466,5.10314756849372,168.48218287037,82.2562706085904,106.68,127.46743623373,0.88,1
"sample_00081","07.05.22","t6",81,NA,NA,1,10.968,0.318837209302326,42320.54952,1230.24853255814,98.8474019244432,33.0772092298072,42.4996698686189,11.4714230401279,304.803201104266,191.171350763695,171.812666666667,120.526919012587,0.400666666666667,1
"sample_00082","07.05.22","t6",82,NA,NA,1,4.304,0.125116279069767,18155.73042,527.782861046512,106.964723919728,47.6425337960692,39.7355814639104,13.1751407517555,343.760899141296,203.851466994479,132.618,138.427947214426,0.484,1
"sample_00083","07.05.22","t6",83,NA,NA,1,3.328,0.0967441860465116,10761.22098,312.82619127907,98.5500468827085,42.3303033312032,38.1729406883969,15.3141704646776,334.823449074715,266.623453669776,197.348333333333,221.994108247644,0.775,1
"sample_00084","07.05.22","t6",84,NA,NA,1,8.176,0.237674418604651,32428.00494,942.674562209302,80.2418744384328,44.2937405255458,37.3304839396802,19.2666756649499,215.64679051008,146.484358200279,110.685714285714,133.491199232487,0.71,1
"sample_00085","07.05.22","t6",85,NA,NA,1,7.992,0.232325581395349,26320.1076,765.119406976744,80.5353665208901,36.163738003197,38.1626891430848,16.984071966874,195.184405675238,106.34419530222,103.590909090909,93.3058568852508,0.618181818181818,1
"sample_00086","07.05.22","t6",86,NA,NA,1,11.32,0.329069767441861,45423.7713,1320.45846802326,79.400995628445,75.5035805473435,33.9898455936111,23.8231103631843,155.394922765566,136.135454622374,96.213125,128.066232068606,0.71375,1
"sample_00087","07.05.22","t6",87,NA,NA,1,8.488,0.246744186046512,33486.16302,973.434971511628,112.57300045309,23.1909357884672,44.3505011795575,5.8930195403714,309.227840420981,224.914255968546,244.189,207.06737193752,0.343,1
"sample_00088","07.05.22","t6",88,NA,NA,1,5.336,0.155116279069767,23826.9276,692.643244186047,113.486304230148,17.9785487633888,48.5946695012059,8.50718140575681,160.577378942486,36.0947045996969,88.8942857142857,67.2055022194718,0.428571428571429,1
"sample_00089","07.05.22","t6",89,NA,NA,1,9.952,0.289302325581395,38258.63442,1112.16960523256,103.837656530759,30.4250598223525,43.6414760615755,11.0595996811369,422.847238503193,262.945553579338,231.130769230769,235.553194256327,0.433076923076923,1
"sample_00090","07.05.22","t6",90,NA,NA,1,13.68,0.397674418604651,51787.67886,1505.45578081395,106.384071807899,29.9283869962426,43.7847150040463,5.95170155163042,260.009661835584,237.467829834645,152.987894736842,206.570391031428,0.509473684210526,1
"sample_00091","07.05.22","t6",91,NA,NA,1,9.664,0.28093023255814,40683.84246,1182.66983895349,100.394712771947,49.4838593291399,44.447165656142,16.8809800772792,259.631633963908,188.194768815662,148.208333333333,134.44567465461,0.518333333333333,1
"sample_00092","07.05.22","t6",92,NA,NA,1,4.424,0.128604651162791,18652.00446,542.209431976744,111.619393537861,46.9192698164052,44.9897982410695,14.3598134417661,159.485880042017,64.806258086391,90.21,97.5459963299366,0.346,1
"sample_00093","07.05.22","t6",93,NA,NA,1,6.456,0.187674418604651,29406.27078,854.833452906977,116.466749590961,32.7130623753621,47.1324697660945,7.99054091227233,319.121594791416,369.431380731154,176.73875,345.163477890757,0.585,1
"sample_00094","07.05.22","t6",94,NA,NA,1,6,0.174418604651163,32923.62288,957.082060465116,138.0565188,19.0728459024252,50.4650466,7.59476452695714,409.219666666667,218.335376107187,172.525,96.0640785621764,0.301666666666667,1
"sample_00095","07.05.22","t6",95,NA,NA,1,26.264,0.763488372093023,126888.4278,3688.6170872093,110.487140223855,47.6720778609733,45.3869953300159,16.1355661465367,188.426172994708,103.993395942802,113.008055555556,78.4553807248588,0.531666666666667,1
"sample_00096","07.05.22","t6",96,NA,NA,1,10.12,0.294186046511628,32313.05622,939.333029651163,92.3752233040064,29.9111989818991,39.9007986673315,11.1842608627894,271.384946192906,191.573306645625,162.532142857143,161.222695776731,0.542857142857143,1
"sample_00097","07.05.22","t6",97,NA,NA,1,31.04,0.902325581395349,141259.51098,4106.38113313953,106.969837728384,39.9837092026075,45.0231041797484,13.2896500581373,253.941472215677,201.632775507063,150.555609756098,171.923441043518,0.500487804878049,1
"sample_00098","07.05.22","t6",98,NA,NA,1,11.32,0.329069767441861,46692.14382,1357.3297622093,96.3271575129626,44.7241904901453,44.184273844816,17.4057874064354,292.644830917874,204.56482378984,147.434615384615,139.72483533809,0.493076923076923,1
"sample_00099","07.05.22","t6",99,NA,NA,1,10.752,0.312558139534884,54176.53896,1574.89938837209,118.125786427929,21.9883939741267,52.7989067871453,9.15151041690251,362.491542080912,207.278020759091,190.898666666667,125.428222608258,0.289333333333333,1
"sample_00100","07.05.22","t6",100,NA,NA,1,5.88,0.17093023255814,17540.8335,509.907950581395,76.3068997657895,49.0649175793781,32.5365730633088,16.9191173907769,238.95112813955,297.877664974632,168.5775,313.925376153087,0.79625,1
"sample_00101","07.05.22","t6",101,NA,NA,1,0,0,0,0,NA,NA,NA,NA,NA,NA,NA,NA,NA,1
"sample_00102","07.05.22","t6",102,NA,NA,1,14.88,0.432558139534884,49529.6451,1439.81526453488,87.2435613616585,34.0641653332416,41.6994835551408,11.7573746414848,191.003533250317,105.13093975532,105.282222222222,80.4520301762306,0.548888888888889,1
"sample_00103","07.05.22","t6",103,NA,NA,1,0.928,0.0269767441860465,2331.1233,67.7652122093023,89.7231762931034,NA,34.9816655172414,NA,146.794871794872,NA,8.95,NA,1.22,1
"sample_00104","07.05.22","t6",104,NA,NA,1,14.2,0.412790697674419,70144.70076,2039.09013837209,114.030283915533,44.8171819708779,47.303793193983,13.9704011619313,136.212763240888,34.8772229738465,92.7,50.1991810026153,0.4125,1
"sample_00105","07.05.22","t6",105,NA,NA,1,1.504,0.0437209302325581,5076.63936,147.576725581395,90.8730393428571,28.8649827723235,43.4411673428571,1.37320569251716,97.7494603174603,7.26263762998122,17.19,11.3419927702322,0.98,1
"sample_00106","07.05.22","t6",106,NA,NA,1,10.952,0.318372093023256,28629.5796,832.255220930233,81.520018026077,28.5682326533357,39.9696924825516,12.2036291781989,213.402523109479,197.721688079645,104.359285714286,112.283595312822,0.556428571428571,1
"sample_00107","07.05.22","t6",107,NA,NA,1,4,0.116279069767442,18810.12456,546.805946511628,115.6045932,5.16426346691735,52.1845416,5.50302820827753,193.1835,10.4672825349594,117.9375,45.8385255543849,0.26,1
"sample_00108","07.05.22","t6",108,NA,NA,1,6.232,0.181162790697674,23405.97384,680.40621627907,90.8658638668202,28.6712768050423,50.5390764815668,15.1003985216628,231.004238095238,159.800100293242,114.487142857143,135.208936183262,0.698571428571429,1
"sample_00109","07.05.22","t6",109,NA,NA,1,2,0.0581395348837209,8368.29306,243.264333139535,117.6158232,8.74768700368066,45.7635906,7.42491733877873,238.59,27.5262527780299,220.16,31.2541197284454,0.2,1
"sample_00110","07.05.22","t6",110,NA,NA,1,10.384,0.301860465116279,34510.72878,1003.21885988372,97.1468352978948,31.4722048820172,33.3776168586784,13.4426634859389,247.915378669246,275.746359530431,140.499333333333,288.908906441031,0.698,1
"sample_00111","07.05.22","t6",1,NA,NA,2,4.768,0.138604651162791,17753.93478,516.102755232558,106.03484685,18.0998438389021,43.0332876225,5.60359074506993,187.909327835052,109.270397650188,106.676,74.2637376516965,0.506,2
"sample_00112","07.05.22","t6",2,NA,NA,2,5.128,0.14906976744186,17985.80052,522.843038372093,86.8149693403038,33.2090804043508,38.8238328015094,15.1727563048516,138.849096866178,48.3456017417005,35.7625,35.0418834091026,0.94,2
"sample_00113","07.05.22","t6",3,NA,NA,2,1.752,0.0509302325581395,10436.84514,303.396661046512,138.683212295745,29.2041689390852,55.9571274574468,3.1191477740493,544.237159574468,287.287811373535,327.995,370.700730037048,0.46,2
"sample_00114","07.05.22","t6",4,NA,NA,2,3.944,0.114651162790698,20213.7849,587.610026162791,121.876421302377,25.0022592825422,44.0649278820653,18.5816015012624,367.118553573619,199.677581871477,194.258333333333,181.394746055851,0.618333333333333,2
"sample_00115","07.05.22","t6",5,NA,NA,2,2.504,0.0727906976744186,5823.67482,169.292872674419,66.8351947557692,27.4968172955743,33.6454738730769,19.4577961022138,321.835002443793,255.798074041677,152.5675,199.970135499446,0.91,2
"sample_00116","07.05.22","t6",6,NA,NA,2,7.832,0.227674418604651,37495.59012,1089.98808488372,106.22485734871,43.6016385257728,46.4458710867861,15.1967991999791,278.196832109164,193.151102478472,210.667,184.342982089245,0.483,2
"sample_00117","07.05.22","t6",7,NA,NA,2,13.872,0.403255813953488,57722.3658,1677.97575,101.402465449456,42.9772896444692,42.7552625828019,15.5678322184884,296.930337578543,256.910001537939,160.181875,172.216308682569,0.39125,2
"sample_00118","07.05.22","t6",8,NA,NA,2,6.304,0.183255813953488,31952.46366,928.850687790698,120.986935277492,35.5429208724075,49.4871304082707,6.72016235620036,461.636472509552,262.699790187572,341.221111111111,221.842531001409,0.363333333333333,2
"sample_00119","07.05.22","t6",9,NA,NA,2,6.464,0.187906976744186,26754.05214,777.734073837209,114.503754101179,23.9352798780827,48.2347677231786,9.17187137396096,368.770172723912,377.379994589701,234.331111111111,333.965829967844,0.534444444444444,2
"sample_00120","07.05.22","t6",10,NA,NA,2,8.224,0.23906976744186,28961.43498,841.902179651163,82.9998663620685,35.0122431064435,42.8099882463543,14.2559766816624,232.310138899431,164.324662742667,82.211,67.8645843573804,0.803,2
"sample_00121","07.05.22","t6",11,NA,NA,2,23.304,0.677441860465116,91547.07642,2661.25222151163,102.40735415799,34.5998119306438,43.7111876175936,7.53351150201627,242.959062555556,243.050634596566,155.429393939394,243.162030868043,0.604242424242424,2
"sample_00122","07.05.22","t6",12,NA,NA,2,20.808,0.604883720930233,91177.95456,2650.52193488372,109.531374651098,47.4036281598484,45.0847157103094,13.2378298932554,260.567602447909,195.052468503014,159.063333333333,147.021158091061,0.523666666666667,2
"sample_00123","07.05.22","t6",13,NA,NA,2,18.456,0.536511627906977,88160.94432,2562.81814883721,105.859265893766,40.3188265459187,47.7511657978939,11.9008346630299,228.189488855222,176.919679074068,142.743448275862,193.243384109186,0.648620689655172,2
"sample_00124","07.05.22","t6",14,NA,NA,2,7.224,0.21,27375.90372,795.811154651163,86.0098930785854,42.1978872551003,39.1998272740956,10.9922699252175,234.395063409301,247.375876738189,85.7541666666667,145.249823248732,0.7375,2
"sample_00125","07.05.22","t6",15,NA,NA,2,23.48,0.682558139534884,144233.61228,4192.83756627907,131.971952113705,49.3318868234548,50.7076609244174,12.962057327883,254.917339565267,158.063138531536,157.237666666667,139.238302490998,0.464,2
"sample_00126","07.05.22","t6",16,NA,NA,2,1,0.0290697674418605,3231.81738,93.9481796511628,95.034708,NA,43.0505604,NA,117.206,NA,27.46,NA,0.73,2
"sample_00127","07.05.22","t6",17,NA,NA,2,3.224,0.0937209302325581,10114.04394,294.012905232558,96.2059940357143,25.5153935446119,46.4805045321429,7.34244589196814,305.804732142857,196.804586715451,194.0325,203.055840493036,0.46,2
"sample_00128","07.05.22","t6",18,NA,NA,2,4.424,0.128604651162791,12393.0729,360.263747093023,78.1894705227631,36.4325040720151,37.329794836579,16.8347986695143,222.0261,76.3391181541286,83.486,66.074474496586,0.602,2
"sample_00129","07.05.22","t6",19,NA,NA,2,4.312,0.125348837209302,15704.14716,456.515905813954,110.262828034353,18.3068231876723,43.1504839679633,8.41055568284367,276.078361645299,180.884721821557,229.283333333333,106.653856876658,0.253333333333333,2
"sample_00130","07.05.22","t6",20,NA,NA,2,1.8,0.0523255813953488,6826.19562,198.435919186047,102.6083538,3.56989957834113,47.46328245,1.22683867992939,126.490735294118,16.8846700718213,49.365,55.557379797827,0.695,2
"sample_00131","07.05.22","t6",21,NA,NA,2,3.376,0.0981395348837209,11889.45054,345.623562209302,95.7263492489361,31.8971874044511,41.5332720191489,5.29699734140808,238.61920212766,41.1721639401057,147.225,62.1859847554093,0.3125,2
"sample_00132","07.05.22","t6",22,NA,NA,2,2.752,0.08,9200.75274,267.46374244186,90.0798867566434,13.3975235681301,46.2911580062937,3.59394043201122,207.56113986014,97.100365974137,93.5875,82.2590000648359,0.37,2
"sample_00133","07.05.22","t6",23,NA,NA,2,3,0.0872093023255814,7109.89326,206.682943604651,79.1246664,12.0378610707686,37.8454464,5.43428933252165,233.201333333333,178.941226064128,51.03,37.1244488174572,0.58,2
"sample_00134","07.05.22","t6",24,NA,NA,2,2.6,0.0755813953488372,9856.45908,286.524973255814,98.7616252811688,8.20763503371988,48.8798863305195,13.4538122399913,282.108487012987,216.704723357625,131.3975,83.3616787958752,0.5325,2
"sample_00135","07.05.22","t6",25,NA,NA,2,3.032,0.0881395348837209,7069.4775,205.508066860465,73.6094333479937,41.2962303391762,35.0301398595074,15.2217968574923,128.96694679803,40.0858726912989,41.226,28.069881189631,0.938,2
"sample_00136","07.05.22","t6",26,NA,NA,2,10.632,0.30906976744186,37731.6549,1096.85043313953,100.955262896744,44.1448378587961,41.5590522457049,15.022741749158,419.285263421069,362.893567489139,315.886153846154,347.189756078201,0.469230769230769,2
"sample_00137","07.05.22","t6",27,NA,NA,2,10.176,0.295813953488372,46435.21506,1349.86090290698,108.397085107671,25.2712306791285,53.8525821983953,8.07728812678701,319.445754425084,241.17582095935,197.013846153846,219.741101622586,0.556153846153846,2
"sample_00138","07.05.22","t6",28,NA,NA,2,14.76,0.42906976744186,88602.23718,2575.64642965116,137.071185047973,59.6154659770395,48.553164646513,14.8940863167776,315.554675945968,334.434203872984,229.6405,309.845906090091,0.4175,2
"sample_00139","07.05.22","t6",29,NA,NA,2,13.856,0.402790697674419,49639.8699,1443.01947383721,96.4793830778785,38.3428694547595,40.0374972642161,12.4301284576861,185.142825878027,168.788156147453,93.8255,163.284752969677,0.6045,2
"sample_00140","07.05.22","t6",30,NA,NA,2,11.36,0.330232558139535,38318.60196,1113.91284767442,93.6896626339367,27.1540608948535,43.4151137904192,11.4226719362339,192.413333508957,59.129694039869,135.356666666667,54.6420897266656,0.315,2
"sample_00141","07.05.22","t6",31,NA,NA,2,11.96,0.347674418604651,57676.4388,1676.6406627907,118.624430361809,49.9991972578134,44.846155609817,14.1265361470665,432.395548044098,366.627499211366,338.81625,384.652199124958,0.35625,2
"sample_00142","07.05.22","t6",32,NA,NA,2,10.848,0.315348837209302,38518.3188,1119.71856976744,94.7141612634244,45.8945860154353,38.1217770713524,15.133954150331,180.380389592124,125.953430156942,99.1283333333333,90.2458289978831,0.423333333333333,2
"sample_00143","07.05.22","t6",33,NA,NA,2,7.464,0.216976744186047,40156.46928,1167.33922325581,124.126571881129,48.9074472399528,42.027889752783,14.4140449307965,512.788348064004,387.386398808668,381.106923076923,438.67098544704,0.56,2
"sample_00144","07.05.22","t6",34,NA,NA,2,12.152,0.353255813953488,50625.9882,1471.68570348837,101.442633373423,55.8199733358851,40.8209320580976,18.3240632272479,196.858767327319,145.25643392771,121.990666666667,116.499525472158,0.470666666666667,2
"sample_00145","07.05.22","t6",35,NA,NA,2,7.848,0.228139534883721,28028.32956,814.777022093023,89.1227981430413,32.8860070762726,45.5430183226835,11.7275449815886,220.008076827162,162.940651610985,114.481,130.420388781816,0.629,2
"sample_00146","07.05.22","t6",36,NA,NA,2,6.88,0.2,26828.19144,779.889286046512,119.196010963636,23.9554102954788,43.5527302090909,6.21527033774149,511.181022727273,384.469036203875,414.82375,385.467291735906,0.32,2
"sample_00147","07.05.22","t6",37,NA,NA,2,7.872,0.228837209302326,38775.37878,1127.19124360465,123.714586359584,29.0977890403956,50.1166523952711,6.58670023410525,380.219308023135,193.43613391451,198.278888888889,193.710476126386,0.503333333333333,2
"sample_00148","07.05.22","t6",38,NA,NA,2,18.904,0.54953488372093,96541.96572,2806.45249186047,116.513069952313,42.0176411692187,47.9612438285641,11.657186809372,208.22948183236,129.921985752336,106.052,104.817995989874,0.5488,2
"sample_00149","07.05.22","t6",39,NA,NA,2,13.672,0.397441860465116,63130.07322,1835.17654709302,110.50434549084,43.0333755049405,49.8105909706334,12.1944024413222,253.689857868757,177.905169430172,136.609285714286,177.451796421723,0.424285714285714,2
"sample_00150","07.05.22","t6",40,NA,NA,2,34,0.988372093023256,170394.55002,4953.32994244186,100.771541012352,51.0031807077279,45.376306108185,18.2827427151422,234.544906622517,158.977411901745,96.532131147541,112.958710850687,0.770819672131148,2
"sample_00151","07.05.22","t6",41,NA,NA,2,13.128,0.381627906976744,47116.64052,1369.66978255814,91.2628119961484,42.2842995934187,42.1316945808337,16.1792557524751,254.824817676521,177.591039444735,126.136111111111,153.497711503879,0.481666666666667,2
"sample_00152","07.05.22","t6",42,NA,NA,2,8.912,0.25906976744186,38589.8337,1121.79749127907,115.206221458399,19.9170961172478,47.2746450777611,10.0856173832953,376.277126653522,298.220127609473,290.426363636364,287.152004982474,0.395454545454545,2
"sample_00153","07.05.22","t6",43,NA,NA,2,11.352,0.33,61654.50432,1792.28210232558,130.732726546014,43.9129917431083,51.6554593625265,14.3589395987558,260.296043817233,149.864051429366,165.767333333333,130.481672356513,0.449333333333333,2
"sample_00154","07.05.22","t6",44,NA,NA,2,8.144,0.236744186046512,51244.6905,1489.67123546512,144.375889008384,33.3990610789245,52.3300433337931,8.88766521731258,344.810302671245,200.273816496028,251.004,198.771717706519,0.304,2
"sample_00155","07.05.22","t6",45,NA,NA,2,13.704,0.398372093023256,77311.80594,2247.43621918605,146.194344285173,36.2344574868006,49.8540182652808,12.3136198819615,256.312865953236,182.335199732149,132.79,131.495800111862,0.439444444444444,2
"sample_00156","07.05.22","t6",46,NA,NA,2,2.488,0.0723255813953488,10572.00174,307.325631976744,122.604247904821,23.7075123520534,43.0093576975349,4.84022921210925,502.067832535509,244.949393605829,345.705,239.675096975051,0.511666666666667,2
"sample_00157","07.05.22","t6",47,NA,NA,2,8.96,0.26046511627907,33624.86256,977.466934883721,83.8784353859969,37.5788037185258,43.2432212541043,17.8439442876671,196.013607456764,181.270050120326,81.5372727272727,68.049437336529,0.508181818181818,2
"sample_00158","07.05.22","t6",48,NA,NA,2,6.096,0.177209302325581,20683.29006,601.258431976744,91.5966714344771,31.0466056942145,39.132906157093,11.3865678614698,303.742299268214,199.901716517083,136.3875,143.082094791766,0.65875,2
"sample_00159","07.05.22","t6",49,NA,NA,2,15.32,0.445348837209302,74460.39534,2164.54637616279,121.424124131682,33.6641181077529,45.8498145368423,12.1479141958085,347.731214399766,289.967941836492,232.4965,283.721170300313,0.265,2
"sample_00160","07.05.22","t6",50,NA,NA,2,6.752,0.196279069767442,30863.33766,897.190048255814,119.475818419749,23.931722923714,45.6443606813289,6.98370759900452,474.003227609151,313.476826729907,309.607,308.355715117388,0.487,2
"sample_00161","07.05.22","t6",51,NA,NA,2,9.696,0.281860465116279,41843.56482,1216.38269825581,101.96490922561,43.4083023517963,45.6459379047844,15.184065979351,201.402945374737,77.5749456083743,131.009166666667,88.1341860675407,0.47,2
"sample_00162","07.05.22","t6",52,NA,NA,2,8.688,0.252558139534884,32700.41766,950.593536627907,102.293694539239,43.4512251565713,38.7689216951035,11.8018432539768,432.986147578225,262.033102858733,260.195,212.723904477996,0.424166666666667,2
"sample_00163","07.05.22","t6",53,NA,NA,2,9.376,0.272558139534884,44812.81098,1302.69799360465,117.13398416677,38.1283431594417,46.9227034696669,10.6283058061344,407.881893392847,319.71853632614,348.586363636364,312.676989664181,0.352727272727273,2
"sample_00164","07.05.22","t6",54,NA,NA,2,10.776,0.313255813953488,36782.80308,1069.26753139535,94.9473548930076,31.3658412264398,41.5170445235845,10.7255227743353,324.981839463228,227.961116577697,206.348571428571,197.610752932945,0.395714285714286,2
"sample_00165","07.05.22","t6",55,NA,NA,2,17.44,0.506976744186047,78345.5571,2277.487125,111.570030258011,54.1898662253007,41.2857092765762,14.627569055639,282.975482411419,213.303155454283,173.41652173913,175.221832377981,0.46304347826087,2
"sample_00166","07.05.22","t6",56,NA,NA,2,0.224,0.00651162790697674,361.11744,10.4976,64.4584982142857,NA,31.1314821428571,NA,92.4017857142857,NA,20.96,NA,2.05,2
"sample_00167","07.05.22","t6",57,NA,NA,2,0,0,0,0,NA,NA,NA,NA,NA,NA,NA,NA,NA,2
"sample_00168","07.05.22","t6",58,NA,NA,2,1,0.0290697674418605,4987.93464,144.9981,112.7130876,NA,57.1676616,NA,116.106,NA,46.88,NA,0.73,2
"sample_00169","07.05.22","t6",59,NA,NA,2,0,0,0,0,NA,NA,NA,NA,NA,NA,NA,NA,NA,2
"sample_00170","07.05.22","t6",60,NA,NA,2,1.104,0.032093023255814,2923.97526,84.9992808139535,79.4373108712542,6.25990362840071,40.6251297169811,0.12087323342516,115.30640954495,25.9625516624195,14.585,12.141023432973,0.805,2
"sample_00171","07.05.22","t6",61,NA,NA,2,7.784,0.226279069767442,37540.46736,1091.29265581395,126.401071124647,30.5616199142698,51.03813645386,7.41132071541811,751.98148752085,286.427733111303,607.252727272727,365.80864828735,0.251818181818182,2
"sample_00172","07.05.22","t6",62,NA,NA,2,12.816,0.372558139534884,49749.56982,1446.208425,107.436049417799,37.3196735024496,42.4758697206547,9.09157784805904,442.87637024316,330.687308141583,323.448888888889,332.30043024328,0.511666666666667,2
"sample_00173","07.05.22","t6",63,NA,NA,2,4.424,0.128604651162791,32948.16102,957.795378488372,155.924330236981,70.424145205524,51.8195425177359,16.5993145516767,247.833569811321,68.7971046529098,150.046,81.0254717974539,0.316,2
"sample_00174","07.05.22","t6",64,NA,NA,2,6.872,0.199767441860465,21923.5815,637.313415697674,101.970353680612,35.1281578222158,39.9578410803437,10.9222967285168,257.139328804214,265.688683193409,190.144444444444,285.143757432594,0.487777777777778,2
"sample_00175","07.05.22","t6",65,NA,NA,2,9.88,0.287209302325581,39278.0826,1141.80472674419,117.625445466672,34.7260577459065,40.905617673949,8.13278561896368,488.399828304947,323.113607364225,345.025384615385,359.126058662215,0.528461538461538,2
"sample_00176","07.05.22","t6",66,NA,NA,2,13.552,0.393953488372093,51365.15046,1493.17297848837,97.2860235431179,55.7953948062624,40.3519218133503,17.3066470390862,344.110723590838,254.950880798391,274.152941176471,237.188276764597,0.375882352941176,2
"sample_00177","07.05.22","t6",67,NA,NA,2,20.336,0.591162790697674,123522.50358,3590.77045290698,113.104725334449,74.4421335648572,45.8977225094627,17.1502412687549,251.428729097147,168.978287136921,144.807878787879,169.901710018572,0.633333333333333,2
"sample_00178","07.05.22","t6",68,NA,NA,2,16.56,0.481395348837209,45174.32208,1313.2070372093,66.7381072523573,41.9378250409822,30.9024298791951,17.04096943699,176.926420635534,159.253732684482,78.3525,132.969522930109,0.710833333333333,2
"sample_00179","07.05.22","t6",69,NA,NA,2,9.912,0.288139534883721,29915.92926,869.649106395349,86.99104124275,42.0645512301106,35.8673265952428,17.7201958939051,179.154012463045,160.831907642867,99.2226666666667,144.317225358715,0.569333333333333,2
"sample_00180","07.05.22","t6",70,NA,NA,2,8.6,0.25,41206.49172,1197.86313139535,114.098262815401,69.8586776657966,40.7933574935448,18.4087549274598,180.929392070782,110.605297850448,73.4383333333333,66.5682386500476,0.560833333333333,2
"sample_00181","07.05.22","t6",71,NA,NA,2,3.328,0.0967441860465116,10713.58812,311.441515116279,93.8866776146342,37.2127926100118,34.8491448439024,12.2435757828587,213.254085365854,73.400334870173,124.8475,122.852107938773,0.5575,2
"sample_00182","07.05.22","t6",72,NA,NA,2,0.984,0.0286046511627907,2123.7957,61.7382470930233,71.0454133958053,10.3301112031408,35.9010994022869,4.26409952073628,139.446807521808,25.6506571443244,30.7366666666667,20.4630431102838,1.15,2
"sample_00183","07.05.22","t6",73,NA,NA,2,1.504,0.0437209302325581,3444.39378,100.127726162791,67.5059754857143,46.8667502504728,27.9062475428571,19.1031731225601,114.083445945946,46.0560624229998,72.55,92.4188563010818,0.69,2
"sample_00184","07.05.22","t6",74,NA,NA,2,3.608,0.104883720930233,9967.73364,289.759698837209,93.4590780947368,44.5479869615207,30.5621805552632,13.5484077391325,161.94615625,62.2990232395152,84.08,87.6051387381661,0.58,2
"sample_00185","07.05.22","t6",75,NA,NA,2,0,0,0,0,NA,NA,NA,NA,NA,NA,NA,NA,NA,2
"sample_00186","07.05.22","t6",76,NA,NA,2,1.08,0.0313953488372093,2692.24074,78.2628122093023,88.9441887208356,4.41912789259274,33.8809408437331,1.15858880181786,109.525078165711,31.4272853521133,22.155,4.19314321243623,1.235,2
"sample_00187","07.05.22","t6",77,NA,NA,2,0.16,0.00465116279069767,53.93142,1.5677738372093,31.79007,NA,13.1639175,NA,199.777777777778,NA,38.29,NA,1.58,2
"sample_00188","07.05.22","t6",78,NA,NA,2,2.28,0.0662790697674419,5034.9114,146.363703488372,65.6335320992418,42.5036576944893,26.008821117757,21.5409976053785,192.531379082265,110.758610191418,35.2933333333333,42.8063130079353,0.876666666666667,2
"sample_00189","07.05.22","t6",79,NA,NA,2,1.32,0.0383720930232558,3598.44606,104.605990116279,72.650262825,60.7735390443991,26.1354195,17.3997122179403,127.333928571429,84.5926994621635,87.57,105.98116436424,0.56,2
"sample_00190","07.05.22","t6",80,NA,NA,2,1.304,0.037906976744186,6201.98208,180.290176744186,89.8825516578947,74.9315404007233,33.3489235263158,29.9300657789913,406.45752173913,305.886584622934,112.065,128.290383310675,0.6,2
"sample_00191","07.05.22","t6",81,NA,NA,2,5.088,0.147906976744186,24061.1553,699.452188953488,114.781407711058,29.5373731870936,53.8382242298077,8.04537553964909,655.313469551282,302.046748685005,410.641666666667,400.370362710162,0.363333333333333,2
"sample_00192","07.05.22","t6",82,NA,NA,2,9.376,0.272558139534884,41429.69694,1204.35165523256,124.635004498179,39.1247372348671,44.8491845921486,12.8348377971343,361.306117157597,216.988810818203,232.643076923077,212.622438349633,0.493846153846154,2
"sample_00193","07.05.22","t6",83,NA,NA,2,5.624,0.163488372093023,21056.61096,612.11078372093,100.08827023083,30.4200591153469,42.7616452627701,6.51056613906386,324.645229465966,207.722590424959,237.59375,184.740099749235,0.5025,2
"sample_00194","07.05.22","t6",84,NA,NA,2,7.24,0.21046511627907,28998.17658,842.970249418605,114.157275295356,18.6201279604187,44.8691481621452,7.27509002980068,477.786988859335,247.173290634838,300.3,292.127937193431,0.479,2
"sample_00195","07.05.22","t6",85,NA,NA,2,9.928,0.288604651162791,42848.05392,1245.5829627907,106.840895422809,32.3070334124235,45.4110716972964,11.1300137540076,391.949908499027,306.700152343263,270.827647058824,300.702472835056,0.599411764705882,2
"sample_00196","07.05.22","t6",86,NA,NA,2,14.312,0.416046511627907,53014.32342,1541.11405290698,108.429053486389,78.2805848752808,31.1793320878377,20.7072058748489,275.077994673568,237.300799559309,137.039545454545,228.978529051198,0.781818181818182,2
"sample_00197","07.05.22","t6",87,NA,NA,2,2.072,0.0602325581395349,9286.96428,269.969891860465,118.136159386378,31.2989929242748,49.8009164421426,6.34673386021594,442.055975608877,406.030441545112,356.348,436.220103697663,0.282,2
"sample_00198","07.05.22","t6",88,NA,NA,2,4.328,0.125813953488372,20097.78642,584.237977325581,107.53324590313,36.9418851074278,50.4976551174461,13.3717200926068,249.92228366465,202.227397335958,103.704,122.035995222721,0.59,2
"sample_00199","07.05.22","t6",89,NA,NA,2,13.16,0.382558139534884,36820.59444,1070.36611744186,81.3832923434741,46.3377569122679,34.6280098429046,15.8952704340487,318.976408465993,310.873064673816,222.305625,292.527501384485,0.69,2
"sample_00200","07.05.22","t6",90,NA,NA,2,12.008,0.34906976744186,53970.52356,1568.91056860465,113.098770925884,36.0561767047087,43.4705930566533,11.6752602614673,231.143955815702,170.792874437642,148.504,113.351318777381,0.414666666666667,2
"sample_00201","07.05.22","t6",91,NA,NA,2,1.416,0.0411627906976744,6111.44028,177.658147674419,130.925385865385,32.7470991390135,46.4641265769231,7.22351236450034,248.14675,114.255374364294,235.28,121.424376465354,0.33,2
"sample_00202","07.05.22","t6",92,NA,NA,2,8.728,0.253720930232558,31037.72904,902.259565116279,113.395444337954,69.6957947525024,36.616634154439,11.4294429301331,239.279564209457,172.283256208961,100.064166666667,93.7438382419524,0.589166666666667,2
"sample_00203","07.05.22","t6",93,NA,NA,2,2.384,0.0693023255813953,10811.60946,314.290972674419,113.277579873451,25.9700074937698,49.7493881840708,12.8970043731167,505.879665683383,146.581074468605,197.693333333333,137.895355372592,0.526666666666667,2
"sample_00204","07.05.22","t6",94,NA,NA,2,12.272,0.356744186046512,41751.05472,1213.69345116279,93.915158027607,28.5825932261121,37.7887499427513,10.1445274362589,241.461107153712,223.687705424297,146.174736842105,214.753529795552,0.659473684210526,2
"sample_00205","07.05.22","t6",95,NA,NA,2,9.696,0.281860465116279,43132.14522,1253.84143081395,111.655454066871,31.237907217581,44.7739449176149,11.3744238924663,170.155448533666,40.3395811541958,120.986666666667,58.547242048752,0.3175,2
"sample_00206","07.05.22","t6",96,NA,NA,2,15.528,0.451395348837209,63996.12522,1860.35247732558,112.778846420506,44.1859050962201,42.3546755007843,12.543677334491,263.84586010427,165.501586173975,170.4775,91.091060703013,0.31375,2
"sample_00207","07.05.22","t6",97,NA,NA,2,18.944,0.550697674418605,91318.09752,2654.59585813953,124.556554070733,42.0959554884425,46.6129278434785,11.8957582579275,299.204476252705,256.200858559201,194.214545454545,205.061183337287,0.411363636363636,2
"sample_00208","07.05.22","t6",98,NA,NA,2,8.64,0.251162790697674,33631.55478,977.661476162791,84.2881793920016,63.2207199104357,35.34754443353,19.0654169704704,181.426047215496,118.604851933575,124.092727272727,100.782259162107,0.403636363636364,2
"sample_00209","07.05.22","t6",99,NA,NA,2,8.104,0.235581395348837,37397.43756,1087.1348127907,110.14845398837,59.1444661530063,44.6517467363414,19.9459153396883,207.470322329406,197.595401313631,120.95,159.007944525493,0.513,2
"sample_00210","07.05.22","t6",100,NA,NA,2,12.104,0.351860465116279,53984.69532,1569.32253837209,110.342574319184,42.7263301875439,44.145877385019,11.2702263463326,187.683159312827,105.017096802126,102.257333333333,102.35200364196,0.57,2
"sample_00211","07.05.22","t6",101,NA,NA,2,1.928,0.056046511627907,13865.62374,403.07045755814,156.605820192826,12.6185501156558,55.6244831621234,3.88305718169239,783.344044715447,130.553678047855,432.43,310.203177127508,0.5,2
"sample_00212","07.05.22","t6",102,NA,NA,2,5,0.145348837209302,12238.10208,355.758781395349,66.3658210466,42.7181945233031,31.4511969541048,13.5665421098732,121.232654695896,49.8157500338395,54.5614285714286,70.9519986630801,0.768571428571429,2
"sample_00213","07.05.22","t6",103,NA,NA,2,3.808,0.110697674418605,20727.64242,602.547744767442,129.93792229604,37.7923993192143,52.011946880198,10.980320265106,398.525242574257,243.46600355208,251.135,185.4870555232,0.4,2
"sample_00214","07.05.22","t6",104,NA,NA,2,17.384,0.505348837209302,50231.93454,1460.23065523256,79.450372539359,50.5846098358275,35.5381090097157,18.6766223484093,146.260510828033,63.5886202559702,101.347142857143,72.6645975797608,0.517619047619048,2
"sample_00215","07.05.22","t6",105,NA,NA,2,1.424,0.0413953488372093,2165.39244,62.9474546511628,80.4748621341973,35.6850062961557,18.6242679180602,5.8791627732501,365.56895754935,203.859479741375,21.0433333333333,16.4221019767061,1.21,2
"sample_00216","07.05.22","t6",106,NA,NA,2,9.384,0.272790697674419,38941.63452,1132.02425930233,98.8920350724759,25.088648370953,48.5208435943863,10.5740092860636,322.226848415026,248.063926374709,182.477272727273,179.498935489373,0.63,2
"sample_00217","07.05.22","t6",107,NA,NA,2,0.776,0.0225581395348837,2113.69176,61.4445279069767,78.8412247422681,NA,43.7241757731959,NA,116.25,NA,12.09,NA,0.95,2
"sample_00218","07.05.22","t6",108,NA,NA,2,5.712,0.166046511627907,25086.50838,729.258964534884,116.0893762125,42.1950835124975,43.979987975,13.5662840979795,444.225104515721,323.319918038982,347.761111111111,336.986499449327,0.593333333333333,2
"sample_00219","07.05.22","t6",109,NA,NA,2,1,0.0290697674418605,4939.51446,143.590536627907,120.2416812,NA,52.532874,NA,503.846,NA,352.6,NA,0.52,2
"sample_00220","07.05.22","t6",110,NA,NA,2,4.928,0.143255813953488,23108.36688,671.754851162791,108.128693808285,24.5168510005118,53.0002473242157,8.2687550749101,229.408436694081,96.4997170808137,166.158333333333,114.851618607082,0.7,2
