"contrast","estimate","SE","df","t.ratio","p.value","combination","system_nr_unconnected_systems"
"high SL_conn - SL_unc",0.215974888461792,0.071262831169556,33.7342139003261,3.03068071976991,0.00466130703053891,1,"1005, 1008, 1012, 1016, 1024, 1027, 1031, 1038, 1045, 1046, 1055, 1056, 1063"
"high MM_conn - MM_unc",0.0323332348476079,0.0878060195604988,32.3855006108854,0.368234831842368,0.715094229421658,1,"1005, 1008, 1012, 1016, 1024, 1027, 1031, 1038, 1045, 1046, 1055, 1056, 1063"
"low SL_conn - SL_unc",0.251993240491206,0.0665804335086504,32.7979976741088,3.7847942287499,0.000621242336842741,1,"1005, 1008, 1012, 1016, 1024, 1027, 1031, 1038, 1045, 1046, 1055, 1056, 1063"
"low MM_conn - MM_unc",0.0165310377357367,0.0883072245471546,33.0935011668627,0.187199154095364,0.852647485189447,1,"1005, 1008, 1012, 1016, 1024, 1027, 1031, 1038, 1045, 1046, 1055, 1056, 1063"
"high SL_conn - SL_unc",0.221669045236599,0.0664836965987946,36.796461156005,3.33418652356671,0.00196094971634143,2,"1002, 1010, 1014, 1016, 1023, 1027, 1033, 1040, 1044, 1047, 1051, 1056, 1063"
"high MM_conn - MM_unc",0.022454969794517,0.0815744610164943,35.1233761145468,0.275269606623287,0.784722050496767,2,"1002, 1010, 1014, 1016, 1023, 1027, 1033, 1040, 1044, 1047, 1051, 1056, 1063"
"low SL_conn - SL_unc",0.255508282998132,0.0619903117573011,35.8131937078308,4.12174541077444,0.00021248106492526,2,"1002, 1010, 1014, 1016, 1023, 1027, 1033, 1040, 1044, 1047, 1051, 1056, 1063"
"low MM_conn - MM_unc",0.0225908208592501,0.0820852491358304,35.9238581997683,0.275211698777547,0.784730384134215,2,"1002, 1010, 1014, 1016, 1023, 1027, 1033, 1040, 1044, 1047, 1051, 1056, 1063"
"high SL_conn - SL_unc",0.247400313816279,0.0648899816269319,33.4621183306241,3.81261186416484,0.000562003877493391,3,"1001, 1007, 1014, 1018, 1025, 1027, 1034, 1040, 1043, 1047, 1055, 1056, 1063"
"high MM_conn - MM_unc",0.0340192155779021,0.0796793872180209,31.7860841723565,0.42695127015495,0.672292964740357,3,"1001, 1007, 1014, 1018, 1025, 1027, 1034, 1040, 1043, 1047, 1055, 1056, 1063"
"low SL_conn - SL_unc",0.248090135239961,0.0603120981872667,31.9130889824241,4.11343897321647,0.000255363972126949,3,"1001, 1007, 1014, 1018, 1025, 1027, 1034, 1040, 1043, 1047, 1055, 1056, 1063"
"low MM_conn - MM_unc",0.00190904715734208,0.0799406944082988,32.0837463089448,0.0238807927735977,0.981095607936819,3,"1001, 1007, 1014, 1018, 1025, 1027, 1034, 1040, 1043, 1047, 1055, 1056, 1063"
"high SL_conn - SL_unc",0.242964928027345,0.0690689628231542,32.9167143118612,3.51771502128153,0.00129435180008332,5,"1005, 1006, 1014, 1018, 1022, 1030, 1034, 1037, 1043, 1054, 1046, 1056, 1063"
"high MM_conn - MM_unc",0.0238571318914223,0.0849832514148426,31.4434531362577,0.280727455048343,0.780758378287837,5,"1005, 1006, 1014, 1018, 1022, 1030, 1034, 1037, 1043, 1054, 1046, 1056, 1063"
"low SL_conn - SL_unc",0.250674694236747,0.0646503269891686,32.1652594409527,3.87739251927904,0.000490591405859728,5,"1005, 1006, 1014, 1018, 1022, 1030, 1034, 1037, 1043, 1054, 1046, 1056, 1063"
"low MM_conn - MM_unc",0.00221774178145911,0.0859078556076304,32.7306564033725,0.0258153549029122,0.979561369918433,5,"1005, 1006, 1014, 1018, 1022, 1030, 1034, 1037, 1043, 1054, 1046, 1056, 1063"
"high SL_conn - SL_unc",0.232329459572961,0.0681346786684213,36.740954996319,3.409856245211,0.00159243930866827,6,"1002, 1009, 1015, 1018, 1021, 1030, 1032, 1036, 1044, 1054, 1046, 1056, 1063"
"high MM_conn - MM_unc",0.0250681752633875,0.0839880502362902,35.511348166182,0.298473118412217,0.767081674572219,6,"1002, 1009, 1015, 1018, 1021, 1030, 1032, 1036, 1044, 1054, 1046, 1056, 1063"
"low SL_conn - SL_unc",0.257012411468395,0.063655330888765,35.829263375828,4.03756304271693,0.000271769031641498,6,"1002, 1009, 1015, 1018, 1021, 1030, 1032, 1036, 1044, 1054, 1046, 1056, 1063"
"low MM_conn - MM_unc",-0.0031637342996238,0.0847962026082354,36.6447955147843,-0.0373098582520314,0.970440460419543,6,"1002, 1009, 1015, 1018, 1021, 1030, 1032, 1036, 1044, 1054, 1046, 1056, 1063"
"high SL_conn - SL_unc",0.239699401806119,0.0667902032701461,36.6374410739088,3.58884072918011,0.000966215503515613,7,"1001, 1009, 1015, 1018, 1022, 1030, 1032, 1039, 1041, 1054, 1048, 1056, 1063"
"high MM_conn - MM_unc",0.0280372399091309,0.0822068789557349,35.2005637703746,0.341057102097597,0.735088015864141,7,"1001, 1009, 1015, 1018, 1022, 1030, 1032, 1039, 1041, 1054, 1048, 1056, 1063"
"low SL_conn - SL_unc",0.254079418100224,0.0623057976861009,35.5634208308101,4.0779418214062,0.000243844918228503,7,"1001, 1009, 1015, 1018, 1022, 1030, 1032, 1039, 1041, 1054, 1048, 1056, 1063"
"low MM_conn - MM_unc",0.0155583978210652,0.082659863714832,35.9432796835269,0.188221914746194,0.851761354444213,7,"1001, 1009, 1015, 1018, 1022, 1030, 1032, 1039, 1041, 1054, 1048, 1056, 1063"
"high SL_conn - SL_unc",0.229229126444395,0.0690448576753743,37.4862154698852,3.32000288163607,0.00201313744390962,8,"1004, 1007, 1011, 1020, 1023, 1028, 1035, 1037, 1044, 1054, 1048, 1056, 1064"
"high MM_conn - MM_unc",0.0829341207175155,0.0849535670013898,35.9742763412681,0.976228822930516,0.335470466399069,8,"1004, 1007, 1011, 1020, 1023, 1028, 1035, 1037, 1044, 1054, 1048, 1056, 1064"
"low SL_conn - SL_unc",0.252257563685563,0.0643840517731751,36.3968918851728,3.9180131839833,0.000377906886032314,8,"1004, 1007, 1011, 1020, 1023, 1028, 1035, 1037, 1044, 1054, 1048, 1056, 1064"
"low MM_conn - MM_unc",0.0096268334391405,0.0853790081759046,36.7563214051825,0.112754102499136,0.910839077480146,8,"1004, 1007, 1011, 1020, 1023, 1028, 1035, 1037, 1044, 1054, 1048, 1056, 1064"
"high SL_conn - SL_unc",0.225315939649195,0.0692844354690755,37.4155057515766,3.25204265754265,0.00242948258803189,9,"1003, 1007, 1015, 1016, 1024, 1027, 1033, 1039, 1041, 1055, 1047, 1056, 1064"
"high MM_conn - MM_unc",0.0856733746313041,0.085288739764933,36.0316534068088,1.00450979657375,0.321831518179358,9,"1003, 1007, 1015, 1016, 1024, 1027, 1033, 1039, 1041, 1055, 1047, 1056, 1064"
"low SL_conn - SL_unc",0.24601197285937,0.0644959606994207,36.213010615869,3.81437798881534,0.000513054168036947,9,"1003, 1007, 1015, 1016, 1024, 1027, 1033, 1039, 1041, 1055, 1047, 1056, 1064"
"low MM_conn - MM_unc",-0.00520529604752284,0.0853351324932865,36.2527555719409,-0.0609982769749887,0.951695628895638,9,"1003, 1007, 1015, 1016, 1024, 1027, 1033, 1039, 1041, 1055, 1047, 1056, 1064"
"high SL_conn - SL_unc",0.21070229133171,0.0670927812566977,37.4793700560601,3.14046142349593,0.00328571922176046,11,"1004, 1006, 1013, 1020, 1022, 1028, 1034, 1036, 1042, 1054, 1046, 1056, 1065"
"high MM_conn - MM_unc",0.0604116446319321,0.0827156429117695,36.3816981008309,0.730353322603942,0.469851456541951,11,"1004, 1006, 1013, 1020, 1022, 1028, 1034, 1036, 1042, 1054, 1046, 1056, 1065"
"low SL_conn - SL_unc",0.253257494879934,0.0628791057575554,37.1775554368391,4.02768919546065,0.000267150419679509,11,"1004, 1006, 1013, 1020, 1022, 1028, 1034, 1036, 1042, 1054, 1046, 1056, 1065"
"low MM_conn - MM_unc",-0.00671578846381687,0.0835857634039933,37.8441603554577,-0.0803460803648774,0.936385407617705,11,"1004, 1006, 1013, 1020, 1022, 1028, 1034, 1036, 1042, 1054, 1046, 1056, 1065"
"high SL_conn - SL_unc",0.225901239766416,0.0700064648367983,33.8789650957234,3.22686255180926,0.00277532867744456,13,"1003, 1010, 1012, 1016, 1024, 1027, 1034, 1038, 1041, 1048, 1052, 1057, 1061"
"high MM_conn - MM_unc",0.0385362006572709,0.0862309379708442,32.4576676309431,0.44689529725747,0.657918520272824,13,"1003, 1010, 1012, 1016, 1024, 1027, 1034, 1038, 1041, 1048, 1052, 1057, 1061"
"low SL_conn - SL_unc",0.245357920710615,0.0651844620544832,32.4576676824556,3.76405531283724,0.000665761576645297,13,"1003, 1010, 1012, 1016, 1024, 1027, 1034, 1038, 1041, 1048, 1052, 1057, 1061"
"low MM_conn - MM_unc",0.00379932390015258,0.0862309379708444,32.4576676767513,0.0440598698049322,0.965126631852757,13,"1003, 1010, 1012, 1016, 1024, 1027, 1034, 1038, 1041, 1048, 1052, 1057, 1061"
"high SL_conn - SL_unc",0.234761350723067,0.0705558545966629,33.2042776572596,3.32731212831444,0.00215202290128407,14,"1005, 1006, 1014, 1017, 1023, 1030, 1034, 1036, 1042, 1051, 1049, 1057, 1061"
"high MM_conn - MM_unc",0.0315193678747025,0.0869194352276455,31.8887386905101,0.36262738928471,0.719275722560466,14,"1005, 1006, 1014, 1017, 1023, 1030, 1034, 1036, 1042, 1051, 1049, 1057, 1061"
"low SL_conn - SL_unc",0.247473876748569,0.0659737964101303,32.4902812134606,3.75109346762663,0.000689406114384604,14,"1005, 1006, 1014, 1017, 1023, 1030, 1034, 1036, 1042, 1051, 1049, 1057, 1061"
"low MM_conn - MM_unc",0.0149099840988713,0.0870869199687056,32.1660724236701,0.171208076990542,0.865132658992015,14,"1005, 1006, 1014, 1017, 1023, 1030, 1034, 1036, 1042, 1051, 1049, 1057, 1061"
"high SL_conn - SL_unc",0.223478244737527,0.0689253944734962,35.2365075408586,3.24232086656336,0.00259389851562381,15,"1005, 1007, 1013, 1019, 1021, 1027, 1035, 1036, 1043, 1051, 1054, 1057, 1061"
"high MM_conn - MM_unc",0.0326487974140571,0.0847364792700033,33.6547677753363,0.385298016808385,0.702441181192719,15,"1005, 1007, 1013, 1019, 1021, 1027, 1035, 1036, 1043, 1051, 1054, 1057, 1061"
"low SL_conn - SL_unc",0.248794268011525,0.0643575638823747,34.3812629902482,3.86581239256107,0.00046884307201261,15,"1005, 1007, 1013, 1019, 1021, 1027, 1035, 1036, 1043, 1051, 1054, 1057, 1061"
"low MM_conn - MM_unc",0.0455715499906912,0.0851745408412076,34.4381018674845,0.535037225215585,0.596062296238703,15,"1005, 1007, 1013, 1019, 1021, 1027, 1035, 1036, 1043, 1051, 1054, 1057, 1061"
"high SL_conn - SL_unc",0.209177144944783,0.0687769196396281,37.5924552055767,3.04138577361146,0.00427625627616393,16,"1005, 1008, 1012, 1019, 1021, 1028, 1035, 1036, 1044, 1054, 1051, 1057, 1061"
"high MM_conn - MM_unc",0.0327759562467949,0.0847758039002394,36.4618004465949,0.386619232598068,0.701285295098334,16,"1005, 1008, 1012, 1019, 1021, 1028, 1035, 1036, 1044, 1054, 1051, 1057, 1061"
"low SL_conn - SL_unc",0.252245770232186,0.0643950534352297,37.2439918318621,3.91716066337147,0.000369034643649769,16,"1005, 1008, 1012, 1019, 1021, 1028, 1035, 1036, 1044, 1054, 1051, 1057, 1061"
"low MM_conn - MM_unc",0.0453182652978485,0.0851747169538216,37.2091970874673,0.53206241145971,0.597845591143452,16,"1005, 1008, 1012, 1019, 1021, 1028, 1035, 1036, 1044, 1054, 1051, 1057, 1061"
"high SL_conn - SL_unc",0.248709415360145,0.0687352537445625,33.3960075814723,3.61836760339042,0.000968500287092272,17,"1002, 1010, 1011, 1018, 1024, 1029, 1035, 1037, 1041, 1048, 1054, 1057, 1062"
"high MM_conn - MM_unc",0.0799628317612625,0.0847538792694046,32.1095560902567,0.943471053485198,0.352485300913284,17,"1002, 1010, 1011, 1018, 1024, 1029, 1035, 1037, 1041, 1048, 1054, 1057, 1062"
"low SL_conn - SL_unc",0.249209755960875,0.0641394210008049,32.2472246824848,3.88543819186874,0.000478219292297666,17,"1002, 1010, 1011, 1018, 1024, 1029, 1035, 1037, 1041, 1048, 1054, 1057, 1062"
"low MM_conn - MM_unc",0.00466023347482536,0.0850221538710899,32.4756936793898,0.0548119903183255,0.956624067108006,17,"1002, 1010, 1011, 1018, 1024, 1029, 1035, 1037, 1041, 1048, 1054, 1057, 1062"
"high SL_conn - SL_unc",0.211007584826061,0.0667770500514396,36.9492746492008,3.15988179566958,0.00314421686135808,18,"1004, 1008, 1011, 1020, 1022, 1030, 1031, 1038, 1044, 1050, 1055, 1057, 1065"
"high MM_conn - MM_unc",0.0742246021219104,0.0822856110980982,35.8017243122039,0.902036226399561,0.37306643844963,18,"1004, 1008, 1011, 1020, 1022, 1030, 1031, 1038, 1044, 1050, 1055, 1057, 1065"
"low SL_conn - SL_unc",0.250908075835154,0.0624007031236105,36.4354351410025,4.02091744604425,0.000279404695083883,18,"1004, 1008, 1011, 1020, 1022, 1030, 1031, 1038, 1044, 1050, 1055, 1057, 1065"
"low MM_conn - MM_unc",0.0408841840586915,0.0827028246210928,36.7819905283606,0.494350516394144,0.62399836901165,18,"1004, 1008, 1011, 1020, 1022, 1030, 1031, 1038, 1044, 1050, 1055, 1057, 1065"
"high SL_conn - SL_unc",0.234482420341447,0.0686302614786965,33.055998602013,3.4166039191652,0.00169771815867727,19,"1005, 1009, 1011, 1018, 1022, 1029, 1031, 1040, 1042, 1046, 1055, 1058, 1060"
"high MM_conn - MM_unc",0.0324883788854548,0.084553376954027,31.7445813899509,0.384235143004628,0.703366070161825,19,"1005, 1009, 1011, 1018, 1022, 1029, 1031, 1040, 1042, 1046, 1055, 1058, 1060"
"low SL_conn - SL_unc",0.251374927623001,0.0640878083155085,32.0849038297862,3.92235175816071,0.000433967852328053,19,"1005, 1009, 1011, 1018, 1022, 1029, 1031, 1040, 1042, 1046, 1055, 1058, 1060"
"low MM_conn - MM_unc",0.0197560651081694,0.0852575822372418,32.7136916891858,0.231722089575508,0.818197261471341,19,"1005, 1009, 1011, 1018, 1022, 1029, 1031, 1040, 1042, 1046, 1055, 1058, 1060"
"high SL_conn - SL_unc",0.247758830175883,0.0695501100110813,33.5289783962006,3.56230680492681,0.00112649637591347,20,"1001, 1007, 1015, 1018, 1024, 1030, 1034, 1037, 1043, 1049, 1050, 1058, 1060"
"high MM_conn - MM_unc",0.035573660825621,0.0855846288257527,32.0001508511435,0.415654788876256,0.680436836754282,20,"1001, 1007, 1015, 1018, 1024, 1030, 1034, 1037, 1043, 1049, 1050, 1058, 1060"
"low SL_conn - SL_unc",0.249569447424355,0.0647990682256916,32.2239339442537,3.85143574217947,0.000526311293320222,20,"1001, 1007, 1015, 1018, 1024, 1030, 1034, 1037, 1043, 1049, 1050, 1058, 1060"
"low MM_conn - MM_unc",-0.0252045909863567,0.0857265229915507,32.2306515966406,-0.294011585992365,0.77063420676523,20,"1001, 1007, 1015, 1018, 1024, 1030, 1034, 1037, 1043, 1049, 1050, 1058, 1060"
"high SL_conn - SL_unc",0.242033218829785,0.0715686736415807,36.4591313169545,3.38183183388167,0.00173087224849733,21,"1005, 1009, 1013, 1017, 1021, 1030, 1034, 1037, 1043, 1052, 1048, 1058, 1060"
"high MM_conn - MM_unc",0.0324374639390385,0.0880695373817202,35.0431104522412,0.368316501975532,0.71485293350302,21,"1005, 1009, 1013, 1017, 1021, 1030, 1034, 1037, 1043, 1052, 1048, 1058, 1060"
"low SL_conn - SL_unc",0.251109006014842,0.0668341326109221,35.5142380708086,3.75719705194177,0.000616885087280375,21,"1005, 1009, 1013, 1017, 1021, 1030, 1034, 1037, 1043, 1052, 1048, 1058, 1060"
"low MM_conn - MM_unc",0.0190113920466697,0.0884692041052008,35.6088629225992,0.214892766798974,0.831076927057188,21,"1005, 1009, 1013, 1017, 1021, 1030, 1034, 1037, 1043, 1052, 1048, 1058, 1060"
"high SL_conn - SL_unc",0.212095692671918,0.0667817921392338,37.2834634578862,3.17595089736015,0.00299468708893786,22,"1001, 1010, 1014, 1017, 1023, 1026, 1033, 1039, 1045, 1047, 1051, 1058, 1062"
"high MM_conn - MM_unc",0.0542632892944985,0.082088700980688,35.6954064889375,0.661032378953887,0.512835764829531,22,"1001, 1010, 1014, 1017, 1023, 1026, 1033, 1039, 1045, 1047, 1051, 1058, 1062"
"low SL_conn - SL_unc",0.250992110299292,0.0622854603906046,36.4245320821482,4.02970627053681,0.000272391283712427,22,"1001, 1010, 1014, 1017, 1023, 1026, 1033, 1039, 1045, 1047, 1051, 1058, 1062"
"low MM_conn - MM_unc",0.0165541353247886,0.0824356180165468,36.4275955160497,0.200812897665979,0.841961915077015,22,"1001, 1010, 1014, 1017, 1023, 1026, 1033, 1039, 1045, 1047, 1051, 1058, 1062"
"high SL_conn - SL_unc",0.213259931077818,0.0635439695139625,33.2447184402467,3.35610023593126,0.00198995940498048,23,"1001, 1010, 1013, 1019, 1022, 1029, 1031, 1038, 1042, 1048, 1050, 1058, 1062"
"high MM_conn - MM_unc",0.0520479296142741,0.0782946469815974,31.9961249441802,0.664769963475379,0.510960901453513,23,"1001, 1010, 1013, 1019, 1022, 1029, 1031, 1038, 1042, 1048, 1050, 1058, 1062"
"low SL_conn - SL_unc",0.248773715962218,0.0596321044043014,32.855696267039,4.17180843183983,0.000207397549566731,23,"1001, 1010, 1013, 1019, 1022, 1029, 1031, 1038, 1042, 1048, 1050, 1058, 1062"
"low MM_conn - MM_unc",0.0159426347926637,0.0783405084351133,32.0698932248127,0.203504356955615,0.840026647405519,23,"1001, 1010, 1013, 1019, 1022, 1029, 1031, 1038, 1042, 1048, 1050, 1058, 1062"
"high SL_conn - SL_unc",0.246159235315107,0.067582971952389,36.2260322976865,3.64232628728611,0.000838842019753162,25,"1002, 1010, 1014, 1016, 1023, 1027, 1035, 1039, 1041, 1050, 1048, 1058, 1062"
"high MM_conn - MM_unc",0.0535442222720361,0.0832031598600801,34.873920871048,0.643535922939461,0.524086086202278,25,"1002, 1010, 1014, 1016, 1023, 1027, 1035, 1039, 1041, 1050, 1048, 1058, 1062"
"low SL_conn - SL_unc",0.251606118661503,0.063078815051115,35.2642402007681,3.98875784932894,0.000319531603978829,25,"1002, 1010, 1014, 1016, 1023, 1027, 1035, 1039, 1041, 1050, 1048, 1058, 1062"
"low MM_conn - MM_unc",0.0182943319219623,0.0832421324297324,34.9381808098684,0.219772504475485,0.827327376562529,25,"1002, 1010, 1014, 1016, 1023, 1027, 1035, 1039, 1041, 1050, 1048, 1058, 1062"
"high SL_conn - SL_unc",0.235697030969546,0.0668119463926001,39.0484702237236,3.52776776752684,0.00108965139877428,26,"1001, 1008, 1015, 1019, 1022, 1026, 1032, 1040, 1044, 1055, 1046, 1058, 1062"
"high MM_conn - MM_unc",0.0598259700425126,0.0819237750324451,37.0897478493296,0.730263833897048,0.469816690356437,26,"1001, 1008, 1015, 1019, 1022, 1026, 1032, 1040, 1044, 1055, 1046, 1058, 1062"
"low SL_conn - SL_unc",0.251966275079195,0.0620960857994226,37.6354015157644,4.05768369834251,0.000240752033699114,26,"1001, 1008, 1015, 1019, 1022, 1026, 1032, 1040, 1044, 1055, 1046, 1058, 1062"
"low MM_conn - MM_unc",0.0195257582424357,0.0824963737939686,38.3184384900762,0.236686260794935,0.814160947474605,26,"1001, 1008, 1015, 1019, 1022, 1026, 1032, 1040, 1044, 1055, 1046, 1058, 1062"
"high SL_conn - SL_unc",0.232119615402454,0.0662971938914563,36.643106267069,3.50119819222646,0.00123667221144758,28,"1004, 1006, 1013, 1017, 1025, 1029, 1032, 1036, 1043, 1051, 1047, 1058, 1064"
"high MM_conn - MM_unc",0.0747962721006959,0.0815741384265202,35.2721260063308,0.916911579373534,0.365416056099601,28,"1004, 1006, 1013, 1017, 1025, 1029, 1032, 1036, 1043, 1051, 1047, 1058, 1064"
"low SL_conn - SL_unc",0.248759335997402,0.061895919179416,35.9737061356835,4.01899413233253,0.000285474952989414,28,"1004, 1006, 1013, 1017, 1025, 1029, 1032, 1036, 1043, 1051, 1047, 1058, 1064"
"low MM_conn - MM_unc",0.0119969904586438,0.0818116770602809,35.8149870826918,0.146641541766759,0.884237299221608,28,"1004, 1006, 1013, 1017, 1025, 1029, 1032, 1036, 1043, 1051, 1047, 1058, 1064"
"high SL_conn - SL_unc",0.21184540853367,0.0655968664853115,36.6440668329396,3.22950500358285,0.00261794268878011,30,"1001, 1008, 1015, 1019, 1022, 1029, 1033, 1040, 1041, 1054, 1048, 1058, 1064"
"high MM_conn - MM_unc",0.0782357161255487,0.0808695639333194,35.6283416025517,0.967430913687845,0.339850271917025,30,"1001, 1008, 1015, 1019, 1022, 1029, 1033, 1040, 1041, 1054, 1048, 1058, 1064"
"low SL_conn - SL_unc",0.252452905342985,0.0614154708435927,36.4053450591111,4.11057510225573,0.000214832151515871,30,"1001, 1008, 1015, 1019, 1022, 1029, 1033, 1040, 1041, 1054, 1048, 1058, 1064"
"low MM_conn - MM_unc",0.0119491765819954,0.0813971954905467,36.6464630900764,0.146800838898475,0.884093861274793,30,"1001, 1008, 1015, 1019, 1022, 1029, 1033, 1040, 1041, 1054, 1048, 1058, 1064"
"high SL_conn - SL_unc",0.236599808828311,0.0670126629232907,38.5267378451574,3.53067313709271,0.00109241169283475,31,"1001, 1007, 1015, 1019, 1023, 1029, 1033, 1037, 1045, 1046, 1055, 1059, 1060"
"high MM_conn - MM_unc",0.0874679841917473,0.08223805448928,36.7820136097803,1.0635950076269,0.294445232922176,31,"1001, 1007, 1015, 1019, 1023, 1029, 1033, 1037, 1045, 1046, 1055, 1059, 1060"
"low SL_conn - SL_unc",0.249987217682377,0.0623505404036239,37.3691703743196,4.00938333595979,0.000280230157959542,31,"1001, 1007, 1015, 1019, 1023, 1029, 1033, 1037, 1045, 1046, 1055, 1059, 1060"
"low MM_conn - MM_unc",0.015214232570497,0.082885449881878,38.1417124676731,0.183557338376991,0.855333080803053,31,"1001, 1007, 1015, 1019, 1023, 1029, 1033, 1037, 1045, 1046, 1055, 1059, 1060"
"high SL_conn - SL_unc",0.216673582908379,0.0678663361928673,38.5565678530345,3.1926518368786,0.0028052362300785,32,"1001, 1008, 1014, 1017, 1025, 1027, 1035, 1038, 1041, 1047, 1051, 1059, 1060"
"high MM_conn - MM_unc",0.085946187487211,0.0834175200922023,37.0832646366079,1.03031338491259,0.309536309558515,32,"1001, 1008, 1014, 1017, 1025, 1027, 1035, 1038, 1041, 1047, 1051, 1059, 1060"
"low SL_conn - SL_unc",0.245357920710615,0.063057718042771,37.0832642228521,3.89100538881209,0.000400315382621485,32,"1001, 1008, 1014, 1017, 1025, 1027, 1035, 1038, 1041, 1047, 1051, 1059, 1060"
"low MM_conn - MM_unc",0.0052423154174337,0.0834175200922024,37.0832643016834,0.0628442971169522,0.950228014233802,32,"1001, 1008, 1014, 1017, 1025, 1027, 1035, 1038, 1041, 1047, 1051, 1059, 1060"
"high SL_conn - SL_unc",0.209902457905018,0.0660597596980743,33.9867108358588,3.17746323729266,0.00315806523475499,33,"1001, 1009, 1015, 1018, 1022, 1028, 1035, 1036, 1044, 1048, 1052, 1059, 1060"
"high MM_conn - MM_unc",0.0861019968184025,0.0813063069411288,32.4475904344454,1.05898299969209,0.297427537100576,33,"1001, 1009, 1015, 1018, 1022, 1028, 1035, 1036, 1044, 1048, 1052, 1059, 1060"
"low SL_conn - SL_unc",0.250191476535151,0.0616216738954391,32.7488838527307,4.06012139429514,0.000286521702712239,33,"1001, 1009, 1015, 1018, 1022, 1028, 1035, 1036, 1044, 1048, 1052, 1059, 1060"
"low MM_conn - MM_unc",0.0155552926736208,0.0816738683543219,32.9542953990285,0.190456176339511,0.850120121186093,33,"1001, 1009, 1015, 1018, 1022, 1028, 1035, 1036, 1044, 1048, 1052, 1059, 1060"
"high SL_conn - SL_unc",0.234847127410439,0.0673132820155948,38.2427214535592,3.48886758123057,0.0012373762968112,34,"1004, 1010, 1013, 1017, 1021, 1028, 1034, 1037, 1045, 1049, 1050, 1059, 1060"
"high MM_conn - MM_unc",0.0856852051246468,0.0826709970867067,36.6431840278805,1.03646028406768,0.306779138075054,34,"1004, 1010, 1013, 1017, 1021, 1028, 1034, 1037, 1045, 1049, 1050, 1059, 1060"
"low SL_conn - SL_unc",0.251707319412076,0.0628137323941035,37.2668190575508,4.00720208493301,0.000282979331435012,34,"1004, 1010, 1013, 1017, 1021, 1028, 1034, 1037, 1045, 1049, 1050, 1059, 1060"
"low MM_conn - MM_unc",-0.0240226599249959,0.0829198397839019,37.0447471588189,-0.28970943489039,0.773653941504446,34,"1004, 1010, 1013, 1017, 1021, 1028, 1034, 1037, 1045, 1049, 1050, 1059, 1060"
"high SL_conn - SL_unc",0.235430224077991,0.068720167632146,37.1121963737518,3.4259262191884,0.0015112847433479,35,"1001, 1008, 1014, 1020, 1022, 1029, 1033, 1037, 1045, 1051, 1047, 1059, 1060"
"high MM_conn - MM_unc",0.0878925115066722,0.0843544059791971,35.3934981352483,1.04194333996434,0.304503158700133,35,"1001, 1008, 1014, 1020, 1022, 1029, 1033, 1037, 1045, 1051, 1047, 1059, 1060"
"low SL_conn - SL_unc",0.252475573889271,0.0640719798592103,36.3038500825328,3.94049902069599,0.000355008673227035,35,"1001, 1008, 1014, 1020, 1022, 1029, 1033, 1037, 1045, 1051, 1047, 1059, 1060"
"low MM_conn - MM_unc",0.0136886389814256,0.0848166389292779,36.3675491881137,0.161390962365763,0.872678755961312,35,"1001, 1008, 1014, 1020, 1022, 1029, 1033, 1037, 1045, 1051, 1047, 1059, 1060"
"high SL_conn - SL_unc",0.221663873149164,0.0637127072614918,39.1368545534007,3.47911559054309,0.00124951843735891,36,"1004, 1006, 1012, 1018, 1025, 1028, 1031, 1037, 1044, 1051, 1054, 1059, 1060"
"high MM_conn - MM_unc",0.0857630671714825,0.078263187954712,37.6178833440057,1.09582895116808,0.280119892494977,36,"1004, 1006, 1012, 1018, 1025, 1028, 1031, 1037, 1044, 1051, 1054, 1059, 1060"
"low SL_conn - SL_unc",0.24799284499188,0.0592910572756656,38.0107168622197,4.18263489279457,0.000163580375337029,36,"1004, 1006, 1012, 1018, 1025, 1028, 1031, 1037, 1044, 1051, 1054, 1059, 1060"
"low MM_conn - MM_unc",0.0377912347989944,0.0784720812872687,38.0716603546834,0.481588281832989,0.63285521426908,36,"1004, 1006, 1012, 1018, 1025, 1028, 1031, 1037, 1044, 1051, 1054, 1059, 1060"
"high SL_conn - SL_unc",0.245609989214131,0.0721148368982341,36.2696320861716,3.40581771765951,0.00162609974370874,37,"1002, 1009, 1013, 1020, 1021, 1029, 1035, 1037, 1041, 1055, 1046, 1059, 1060"
"high MM_conn - MM_unc",0.0856674211554056,0.0888636268425772,34.976530643421,0.964032464116801,0.341647954167376,37,"1002, 1009, 1013, 1020, 1021, 1029, 1035, 1037, 1041, 1055, 1046, 1059, 1060"
"low SL_conn - SL_unc",0.251132603068403,0.0673955698730635,35.3995213871538,3.72624793501117,0.000675910394797414,37,"1002, 1009, 1013, 1020, 1021, 1029, 1035, 1037, 1041, 1055, 1046, 1059, 1060"
"low MM_conn - MM_unc",0.0147586853984758,0.0894359350415755,35.7307370825066,0.16501963546996,0.869858618321184,37,"1002, 1009, 1013, 1020, 1021, 1029, 1035, 1037, 1041, 1055, 1046, 1059, 1060"
"high SL_conn - SL_unc",0.214527388731001,0.0654907288590056,38.4652916485753,3.27569096372183,0.00223657234810938,39,"1004, 1006, 1015, 1018, 1022, 1026, 1033, 1039, 1045, 1046, 1055, 1059, 1061"
"high MM_conn - MM_unc",0.0709065845270601,0.0804715089580543,36.9052900641214,0.881138994970507,0.383945265579932,39,"1004, 1006, 1015, 1018, 1022, 1026, 1033, 1039, 1045, 1046, 1055, 1059, 1061"
"low SL_conn - SL_unc",0.249611293646973,0.0609750208259815,37.2848599150669,4.09366475428268,0.000218928335034451,39,"1004, 1006, 1015, 1018, 1022, 1026, 1033, 1039, 1045, 1046, 1055, 1059, 1061"
"low MM_conn - MM_unc",0.0177404791811929,0.0811075004788446,38.0607057447572,0.218727973078399,0.828030622996691,39,"1004, 1006, 1015, 1018, 1022, 1026, 1033, 1039, 1045, 1046, 1055, 1059, 1061"
"high SL_conn - SL_unc",0.218787614884741,0.0718886221221795,37.0244524483907,3.04342479277036,0.00428710727610758,40,"1005, 1009, 1011, 1017, 1023, 1027, 1033, 1036, 1044, 1047, 1051, 1059, 1061"
"high MM_conn - MM_unc",0.0686995886930903,0.0885711542890328,35.7783188145468,0.775642919464547,0.443056853089088,40,"1005, 1009, 1011, 1017, 1023, 1027, 1033, 1036, 1044, 1047, 1051, 1059, 1061"
"low SL_conn - SL_unc",0.248954818888037,0.0670401604886899,36.0399455619754,3.71351764484569,0.000688447149739333,40,"1005, 1009, 1011, 1017, 1023, 1027, 1033, 1036, 1044, 1047, 1051, 1059, 1061"
"low MM_conn - MM_unc",0.0123663343707365,0.0887700477463588,36.2167016947338,0.139307510637717,0.889978958090885,40,"1005, 1009, 1011, 1017, 1023, 1027, 1033, 1036, 1044, 1047, 1051, 1059, 1061"
"high SL_conn - SL_unc",0.232565472602859,0.0735499696203832,33.4269844243885,3.16200637203808,0.00332471824413061,41,"1005, 1006, 1013, 1017, 1024, 1029, 1032, 1036, 1043, 1049, 1050, 1059, 1061"
"high MM_conn - MM_unc",0.069650760677899,0.0906542896779036,32.1056092353533,0.768311802181336,0.447916763085846,41,"1005, 1006, 1013, 1017, 1024, 1029, 1032, 1036, 1043, 1049, 1050, 1059, 1061"
"low SL_conn - SL_unc",0.246415162670143,0.0687475839657736,32.5844136189688,3.58434651016714,0.00108877831143133,41,"1005, 1006, 1013, 1017, 1024, 1029, 1032, 1036, 1043, 1049, 1050, 1059, 1061"
"low MM_conn - MM_unc",-0.0251455518908849,0.0907814318114323,32.3166679001769,-0.276990034075649,0.783551832318777,41,"1005, 1006, 1013, 1017, 1024, 1029, 1032, 1036, 1043, 1049, 1050, 1059, 1061"
"high SL_conn - SL_unc",0.25046361432555,0.0703022484281579,33.1725345138018,3.56266861907696,0.00113642285271759,42,"1003, 1006, 1012, 1020, 1024, 1029, 1031, 1037, 1045, 1051, 1054, 1059, 1061"
"high MM_conn - MM_unc",0.0697130733164659,0.0866289266177121,31.9268828130501,0.804732045499135,0.426926603823581,42,"1003, 1006, 1012, 1020, 1024, 1029, 1031, 1037, 1045, 1051, 1054, 1059, 1061"
"low SL_conn - SL_unc",0.249234954732738,0.0656321972776321,32.2781955667897,3.79744949995266,0.000610506619857972,42,"1003, 1006, 1012, 1020, 1024, 1029, 1031, 1037, 1045, 1051, 1054, 1059, 1061"
"low MM_conn - MM_unc",0.0407525526814403,0.0869031058831116,32.4081519829155,0.468942418884939,0.642250182065474,42,"1003, 1006, 1012, 1020, 1024, 1029, 1031, 1037, 1045, 1051, 1054, 1059, 1061"
"high SL_conn - SL_unc",0.215625762593389,0.0658699236531209,37.5949167174261,3.27350861569083,0.0022836225512865,43,"1003, 1009, 1012, 1016, 1025, 1028, 1035, 1039, 1041, 1054, 1051, 1059, 1061"
"high MM_conn - MM_unc",0.0685897789178866,0.0810847462911257,36.2621568375846,0.845902368265699,0.403154783103486,43,"1003, 1009, 1012, 1016, 1025, 1028, 1035, 1039, 1041, 1054, 1051, 1059, 1061"
"low SL_conn - SL_unc",0.246890127481671,0.0613401656440268,36.3458179221502,4.02493415023428,0.000276978231991041,43,"1003, 1009, 1012, 1016, 1025, 1028, 1035, 1039, 1041, 1054, 1051, 1059, 1061"
"low MM_conn - MM_unc",0.0354412305906727,0.0811734680151266,36.3618485915569,0.436611019059433,0.664975216420005,43,"1003, 1009, 1012, 1016, 1025, 1028, 1035, 1039, 1041, 1054, 1051, 1059, 1061"
"high SL_conn - SL_unc",0.229186696531881,0.0659624365477686,38.5237404189946,3.47450319494957,0.00128141186552369,44,"1004, 1006, 1013, 1017, 1025, 1030, 1032, 1038, 1044, 1047, 1052, 1059, 1063"
"high MM_conn - MM_unc",0.074715607986144,0.0810515613649089,36.9694958559077,0.921828114448785,0.362595248196465,44,"1004, 1006, 1013, 1017, 1025, 1030, 1032, 1038, 1044, 1047, 1052, 1059, 1063"
"low SL_conn - SL_unc",0.248922408471582,0.0614404395542489,37.4449074554013,4.05144250720725,0.000246812696343708,44,"1004, 1006, 1013, 1017, 1025, 1030, 1032, 1038, 1044, 1047, 1052, 1059, 1063"
"low MM_conn - MM_unc",-0.0208214629746291,0.0814751254733794,37.7807802645469,-0.255556071299726,0.7996798650532,44,"1004, 1006, 1013, 1017, 1025, 1030, 1032, 1038, 1044, 1047, 1052, 1059, 1063"
"high SL_conn - SL_unc",0.210770813686635,0.0679067910974028,37.5223000328118,3.10382526225269,0.00362339698338372,46,"1004, 1006, 1015, 1017, 1023, 1030, 1031, 1038, 1044, 1054, 1051, 1059, 1063"
"high MM_conn - MM_unc",0.0749330555010758,0.0837777876921327,36.4730330074887,0.894426286075259,0.376958447787271,46,"1004, 1006, 1015, 1017, 1023, 1030, 1031, 1038, 1044, 1054, 1051, 1059, 1063"
"low SL_conn - SL_unc",0.25273865971812,0.0634874422421818,36.8183770241332,3.98092364083614,0.000310221313889444,46,"1004, 1006, 1015, 1017, 1023, 1030, 1031, 1038, 1044, 1054, 1051, 1059, 1063"
"low MM_conn - MM_unc",0.0460636054572495,0.0841186150240768,37.0240643356048,0.547602994225059,0.587250819519029,46,"1004, 1006, 1015, 1017, 1023, 1030, 1031, 1038, 1044, 1054, 1051, 1059, 1063"
"high SL_conn - SL_unc",0.201164005176221,0.0647157954426143,34.2147716543146,3.10842204442345,0.00377392407600205,48,"1001, 1010, 1013, 1019, 1022, 1026, 1035, 1038, 1042, 1046, 1055, 1060, 1058"
"high MM_conn - MM_unc",0.0329371955531407,0.0793738747700129,32.3529224150948,0.414962676933396,0.680908208600451,48,"1001, 1010, 1013, 1019, 1022, 1026, 1035, 1038, 1042, 1046, 1055, 1060, 1058"
"low SL_conn - SL_unc",0.249538264726833,0.0603293552988745,32.9505930039412,4.13626605970856,0.000228647384379436,48,"1001, 1010, 1013, 1019, 1022, 1026, 1035, 1038, 1042, 1046, 1055, 1060, 1058"
"low MM_conn - MM_unc",0.0171610495171969,0.0800349860879351,33.22348295113,0.214419347788003,0.831530700867372,48,"1001, 1010, 1013, 1019, 1022, 1026, 1035, 1038, 1042, 1046, 1055, 1060, 1058"
"high SL_conn - SL_unc",0.216864699632793,0.0646179593008302,38.323830406475,3.35610567061047,0.00179382112398918,51,"1002, 1006, 1013, 1019, 1025, 1027, 1031, 1038, 1045, 1053, 1049, 1060, 1058"
"high MM_conn - MM_unc",0.036216515852866,0.0793952324512763,36.9103891105477,0.456154793363588,0.650951418901666,51,"1002, 1006, 1013, 1019, 1025, 1027, 1031, 1038, 1045, 1053, 1049, 1060, 1058"
"low SL_conn - SL_unc",0.247446937641468,0.0601569822622728,37.551552081248,4.11335356821337,0.000204570888940996,51,"1002, 1006, 1013, 1019, 1025, 1027, 1031, 1038, 1045, 1053, 1049, 1060, 1058"
"low MM_conn - MM_unc",-0.00243439122112055,0.0794712606976617,37.1889501485927,-0.0306323468351896,0.975726554313686,51,"1002, 1006, 1013, 1019, 1025, 1027, 1031, 1038, 1045, 1053, 1049, 1060, 1058"
"high SL_conn - SL_unc",0.222196038818392,0.0676124982380887,33.5109964668186,3.2863160600272,0.00238584585874517,52,"1003, 1010, 1014, 1016, 1022, 1026, 1034, 1040, 1043, 1047, 1052, 1060, 1059"
"high MM_conn - MM_unc",0.0840335746739083,0.0830299901168868,31.7912333627194,1.0120870128445,0.319137773464934,52,"1003, 1010, 1014, 1016, 1022, 1026, 1034, 1040, 1043, 1047, 1052, 1060, 1059"
"low SL_conn - SL_unc",0.249962232325305,0.063019326112222,32.215899175037,3.96643772229782,0.000381531640217056,52,"1003, 1010, 1014, 1016, 1022, 1026, 1034, 1040, 1043, 1047, 1052, 1060, 1059"
"low MM_conn - MM_unc",-0.013274753599683,0.083837372324549,32.794366867841,-0.158339332825152,0.87516044015032,52,"1003, 1010, 1014, 1016, 1022, 1026, 1034, 1040, 1043, 1047, 1052, 1060, 1059"
"high SL_conn - SL_unc",0.214147214811453,0.0733343606024944,33.6174125134957,2.92014838681458,0.00620548388258691,53,"1005, 1008, 1011, 1017, 1024, 1029, 1031, 1038, 1042, 1049, 1051, 1060, 1059"
"high MM_conn - MM_unc",0.0860802673631026,0.0903060529646788,32.216126854861,0.953205953943873,0.347583420175748,53,"1005, 1008, 1011, 1017, 1024, 1029, 1031, 1038, 1042, 1049, 1051, 1060, 1059"
"low SL_conn - SL_unc",0.247429196877843,0.0683622626542072,32.553675909846,3.61938278914786,0.000989889791661549,53,"1005, 1008, 1011, 1017, 1024, 1029, 1031, 1038, 1042, 1049, 1051, 1060, 1059"
"low MM_conn - MM_unc",0.00698650148350288,0.0903843925056856,32.4270015621232,0.0772976538295967,0.938861743806446,53,"1005, 1008, 1011, 1017, 1024, 1029, 1031, 1038, 1042, 1049, 1051, 1060, 1059"
"high SL_conn - SL_unc",0.200515862752316,0.0713789088278163,33.6606584504376,2.80917523180425,0.00821084074474066,54,"1005, 1008, 1012, 1016, 1024, 1026, 1033, 1040, 1042, 1049, 1051, 1060, 1059"
"high MM_conn - MM_unc",0.0866579557316346,0.0876680316757667,31.8515909986768,0.988478400566038,0.330368406390431,54,"1005, 1008, 1012, 1016, 1024, 1026, 1033, 1040, 1042, 1049, 1051, 1060, 1059"
"low SL_conn - SL_unc",0.252304797004418,0.0666026585165329,32.6466599057911,3.7882090989174,0.000618513298509296,54,"1005, 1008, 1012, 1016, 1024, 1026, 1033, 1040, 1042, 1049, 1051, 1060, 1059"
"low MM_conn - MM_unc",0.0128661295526415,0.087866371718163,32.2086310354201,0.146428369591844,0.884495900037389,54,"1005, 1008, 1012, 1016, 1024, 1026, 1033, 1040, 1042, 1049, 1051, 1060, 1059"
"high SL_conn - SL_unc",0.21309848511077,0.0638457116360649,161.15241923838,3.33771023378171,0.00104904399189786,55,"1002, 1006, 1013, 1019, 1025, 1029, 1033, 1036, 1042, 1052, 1053, 1060, 1059"
"high MM_conn - MM_unc",0.0849680215269204,0.0783892831759682,161.257371339845,1.08392395088222,0.280016472484586,55,"1002, 1006, 1013, 1019, 1025, 1029, 1033, 1036, 1042, 1052, 1053, 1060, 1059"
"low SL_conn - SL_unc",0.249093694568642,0.059722117999016,163.962470882512,4.17087844360688,4.9064033463398e-05,55,"1002, 1006, 1013, 1019, 1025, 1029, 1033, 1036, 1042, 1052, 1053, 1060, 1059"
"low MM_conn - MM_unc",0.0454921971275577,0.0788904314289805,163.520637084261,0.576650378297286,0.564968606752629,55,"1002, 1006, 1013, 1019, 1025, 1029, 1033, 1036, 1042, 1052, 1053, 1060, 1059"
"high SL_conn - SL_unc",0.223266949744228,0.0704272118448049,38.3107736517639,3.17018016042186,0.00299357715081599,56,"1004, 1007, 1011, 1020, 1023, 1028, 1034, 1040, 1042, 1055, 1047, 1060, 1059"
"high MM_conn - MM_unc",0.0852925607368206,0.0865596271297634,36.711060226397,0.985361924086812,0.330896377624828,56,"1004, 1007, 1011, 1020, 1023, 1028, 1034, 1040, 1042, 1055, 1047, 1060, 1059"
"low SL_conn - SL_unc",0.250134039647013,0.0655672174842047,37.1409081145073,3.81492534294704,0.000498734641306243,56,"1004, 1007, 1011, 1020, 1023, 1028, 1034, 1040, 1042, 1055, 1047, 1060, 1059"
"low MM_conn - MM_unc",0.00302181519197575,0.0868942379089889,37.4674102888107,0.0347757833510288,0.972443145202672,56,"1004, 1007, 1011, 1020, 1023, 1028, 1034, 1040, 1042, 1055, 1047, 1060, 1059"
"high SL_conn - SL_unc",0.211655915276539,0.0648847411066919,33.5734427958782,3.26202912528397,0.0025425455446294,57,"1001, 1009, 1012, 1018, 1025, 1028, 1034, 1036, 1042, 1046, 1053, 1060, 1065"
"high MM_conn - MM_unc",0.0428911206377563,0.079880309799987,32.1235821079328,0.536942342176085,0.595007227231439,57,"1001, 1009, 1012, 1018, 1025, 1028, 1034, 1036, 1042, 1046, 1053, 1060, 1065"
"low SL_conn - SL_unc",0.25030787283806,0.0605772426185388,32.3636902120473,4.13204467582446,0.000237438889958639,57,"1001, 1009, 1012, 1018, 1025, 1028, 1034, 1036, 1042, 1046, 1053, 1060, 1065"
"low MM_conn - MM_unc",0.0125687518292378,0.0801661813640488,32.4027324238243,0.156783716217701,0.876388137213527,57,"1001, 1009, 1012, 1018, 1025, 1028, 1034, 1036, 1042, 1046, 1053, 1060, 1065"
"high SL_conn - SL_unc",0.225743714047145,0.0649952257145496,39.1835457181227,3.47323532713897,0.00126942316130226,58,"1003, 1009, 1011, 1017, 1025, 1030, 1034, 1038, 1042, 1048, 1052, 1060, 1065"
"high MM_conn - MM_unc",0.045251637647139,0.079878276832902,37.6851432274178,0.566507434077493,0.574407542644519,58,"1003, 1009, 1011, 1017, 1025, 1030, 1034, 1038, 1042, 1048, 1052, 1060, 1065"
"low SL_conn - SL_unc",0.246502351914764,0.0604154136063468,37.5796736380741,4.08012355126653,0.000225634410011273,58,"1003, 1009, 1011, 1017, 1025, 1030, 1034, 1038, 1042, 1048, 1052, 1060, 1065"
"low MM_conn - MM_unc",0.0062774971856665,0.0799629738580208,37.4032821609214,0.0785050490594883,0.937844808860723,58,"1003, 1009, 1011, 1017, 1025, 1030, 1034, 1038, 1042, 1048, 1052, 1060, 1065"
"high SL_conn - SL_unc",0.235156839623549,0.0677186115779084,37.4649839578901,3.47255849085162,0.0013166600751066,59,"1001, 1007, 1014, 1020, 1023, 1029, 1031, 1040, 1042, 1052, 1048, 1060, 1065"
"high MM_conn - MM_unc",0.0417032069377945,0.0833840501939556,36.376873286741,0.500134100475939,0.619992896304308,59,"1001, 1007, 1014, 1020, 1023, 1029, 1031, 1040, 1042, 1052, 1048, 1060, 1065"
"low SL_conn - SL_unc",0.250212319967694,0.0631935172763826,36.8271582458159,3.95946183646286,0.000330279172797584,59,"1001, 1007, 1014, 1020, 1023, 1029, 1031, 1040, 1042, 1052, 1048, 1060, 1065"
"low MM_conn - MM_unc",0.0234343727217489,0.0838262832500306,37.1939037185282,0.279558770986549,0.781364836637633,59,"1001, 1007, 1014, 1020, 1023, 1029, 1031, 1040, 1042, 1052, 1048, 1060, 1065"
"high SL_conn - SL_unc",0.209157664476985,0.0686726778245189,37.2025239106922,3.04571877932955,0.00425038713547144,60,"1005, 1008, 1011, 1019, 1022, 1028, 1032, 1036, 1045, 1054, 1051, 1060, 1065"
"high MM_conn - MM_unc",0.0440999399312392,0.0845234348075623,35.9085771146215,0.521748081246854,0.605049344743068,60,"1005, 1008, 1011, 1019, 1022, 1028, 1032, 1036, 1045, 1054, 1051, 1060, 1065"
"low SL_conn - SL_unc",0.252243179414202,0.0640988133568562,36.5162876833412,3.93522385523572,0.00035806541921323,60,"1005, 1008, 1011, 1019, 1022, 1028, 1032, 1036, 1045, 1054, 1051, 1060, 1065"
"low MM_conn - MM_unc",0.0447422545097325,0.0848675711931936,36.6452223886208,0.527200836322753,0.601231524426899,60,"1005, 1008, 1011, 1019, 1022, 1028, 1032, 1036, 1045, 1054, 1051, 1060, 1065"
"high SL_conn - SL_unc",0.224947087395192,0.0720378495108886,37.4552573260952,3.12262357805658,0.00344854600847707,61,"1005, 1007, 1014, 1018, 1021, 1027, 1034, 1038, 1041, 1047, 1055, 1061, 1057"
"high MM_conn - MM_unc",0.0385362006572678,0.0887240995112469,36.1185013691452,0.434337467154376,0.666627207898141,61,"1005, 1007, 1014, 1018, 1021, 1027, 1034, 1038, 1041, 1047, 1055, 1061, 1057"
"low SL_conn - SL_unc",0.245357920710615,0.0670691150299732,36.1185015467417,3.65828475000698,0.000803927085534109,61,"1005, 1007, 1014, 1018, 1021, 1027, 1034, 1038, 1041, 1047, 1055, 1061, 1057"
"low MM_conn - MM_unc",-0.00632367618358254,0.0887240995112467,36.1185013732508,-0.071273489597727,0.943573293799291,61,"1005, 1007, 1014, 1018, 1021, 1027, 1034, 1038, 1041, 1047, 1055, 1061, 1057"
"high SL_conn - SL_unc",0.209359060318141,0.0700198462625618,37.2479980039808,2.98999600103494,0.00492162975285382,62,"1005, 1008, 1014, 1017, 1021, 1028, 1031, 1040, 1044, 1051, 1049, 1061, 1057"
"high MM_conn - MM_unc",0.0348720129048804,0.0862731681019222,36.102897468207,0.404204617404139,0.688446858398127,62,"1005, 1008, 1014, 1017, 1021, 1028, 1031, 1040, 1044, 1051, 1049, 1061, 1057"
"low SL_conn - SL_unc",0.249608854310651,0.0654350482548615,36.7894306810478,3.81460487869521,0.000504212622316276,62,"1005, 1008, 1014, 1017, 1021, 1028, 1031, 1040, 1044, 1051, 1049, 1061, 1057"
"low MM_conn - MM_unc",0.0108099164704655,0.0864084245122226,36.4097920994872,0.125102575720917,0.901130542969308,62,"1005, 1008, 1014, 1017, 1021, 1028, 1031, 1040, 1044, 1051, 1049, 1061, 1057"
"high SL_conn - SL_unc",0.228104783033246,0.0637937018656336,38.262043019938,3.57566305704747,0.000966287604752968,63,"1004, 1006, 1012, 1018, 1025, 1026, 1035, 1037, 1043, 1053, 1049, 1061, 1057"
"high MM_conn - MM_unc",0.0365458735213653,0.0783420578916333,36.6473832662095,0.466491109691265,0.643625289910198,63,"1004, 1006, 1012, 1018, 1025, 1026, 1035, 1037, 1043, 1053, 1049, 1061, 1057"
"low SL_conn - SL_unc",0.247116575885657,0.0593229078709353,37.0139210388987,4.16561805134858,0.000178464183508002,63,"1004, 1006, 1012, 1018, 1025, 1026, 1035, 1037, 1043, 1053, 1049, 1061, 1057"
"low MM_conn - MM_unc",-0.00264891689567615,0.0784130902674333,36.8514256751514,-0.0337815648719089,0.9732336534236,63,"1004, 1006, 1012, 1018, 1025, 1026, 1035, 1037, 1043, 1053, 1049, 1061, 1057"
"high SL_conn - SL_unc",0.248937647580879,0.0702759466796836,34.1720914519881,3.54228807070407,0.00117037255594253,65,"1002, 1008, 1015, 1016, 1024, 1027, 1035, 1039, 1041, 1050, 1049, 1061, 1064"
"high MM_conn - MM_unc",0.0445684695368539,0.0865592716601952,32.7690773644573,0.514889608958539,0.610086028532993,65,"1002, 1008, 1015, 1016, 1024, 1027, 1035, 1039, 1041, 1050, 1049, 1061, 1064"
"low SL_conn - SL_unc",0.251900657980917,0.0655929418102068,33.0669925090114,3.8403622558932,0.000526847892215493,65,"1002, 1008, 1015, 1016, 1024, 1027, 1035, 1039, 1041, 1050, 1049, 1061, 1064"
"low MM_conn - MM_unc",-0.0227750979046075,0.0866847372770139,32.9499646089046,-0.262734809149001,0.794390842736643,65,"1002, 1008, 1015, 1016, 1024, 1027, 1035, 1039, 1041, 1050, 1049, 1061, 1064"
"high SL_conn - SL_unc",0.243046879046619,0.0666856906557715,37.0830939135056,3.6446631452198,0.000815539141752733,66,"1005, 1006, 1013, 1019, 1022, 1027, 1031, 1040, 1044, 1050, 1049, 1061, 1064"
"high MM_conn - MM_unc",0.0446655601661897,0.0821691850059132,36.0761858645755,0.543580420847248,0.590073775153165,66,"1005, 1006, 1013, 1019, 1022, 1027, 1031, 1040, 1044, 1050, 1049, 1061, 1064"
"low SL_conn - SL_unc",0.248790554211563,0.0625637066763815,37.1907402850227,3.97659549646671,0.000310449698101024,66,"1005, 1006, 1013, 1019, 1022, 1027, 1031, 1040, 1044, 1050, 1049, 1061, 1064"
"low MM_conn - MM_unc",-0.0158376913131179,0.0823752170243704,36.4424588453369,-0.19226281744948,0.848603732826543,66,"1005, 1006, 1013, 1019, 1022, 1027, 1031, 1040, 1044, 1050, 1049, 1061, 1064"
"high SL_conn - SL_unc",0.225859921776426,0.0654619226473243,37.7083662567572,3.45024882622597,0.00139481802947692,67,"1001, 1007, 1013, 1019, 1025, 1029, 1032, 1038, 1041, 1052, 1053, 1061, 1064"
"high MM_conn - MM_unc",0.045636456031124,0.0804707737201855,36.3214459660928,0.567118394931953,0.574122281382531,67,"1001, 1007, 1013, 1019, 1025, 1029, 1032, 1038, 1041, 1052, 1053, 1061, 1064"
"low SL_conn - SL_unc",0.246053399356407,0.0608655340415586,36.6390891160361,4.04257357190694,0.000260358991455655,67,"1001, 1007, 1013, 1019, 1025, 1029, 1032, 1038, 1041, 1052, 1053, 1061, 1064"
"low MM_conn - MM_unc",0.0343597819527113,0.0805275425568989,36.6900814466734,0.426683602426256,0.672103100882141,67,"1001, 1007, 1013, 1019, 1025, 1029, 1032, 1038, 1041, 1052, 1053, 1061, 1064"
"high SL_conn - SL_unc",0.209451577097724,0.0673445584323019,37.4997198076137,3.11014849563941,0.003563654076448,68,"1003, 1009, 1015, 1017, 1021, 1030, 1033, 1036, 1044, 1053, 1052, 1061, 1064"
"high MM_conn - MM_unc",0.0435235298613356,0.0830742801072281,36.4298274241136,0.523911008378978,0.603513520377587,68,"1003, 1009, 1015, 1017, 1021, 1030, 1033, 1036, 1044, 1053, 1052, 1061, 1064"
"low SL_conn - SL_unc",0.251967510329139,0.06294072546414,36.7296645379794,4.00325081211045,0.000291384155747743,68,"1003, 1009, 1015, 1017, 1021, 1030, 1033, 1036, 1044, 1053, 1052, 1061, 1064"
"low MM_conn - MM_unc",0.0445941657791887,0.0833281383974438,36.8292421988322,0.535163351021853,0.595753753554906,68,"1003, 1009, 1015, 1017, 1021, 1030, 1033, 1036, 1044, 1053, 1052, 1061, 1064"
"high SL_conn - SL_unc",0.222009401828175,0.0626682690969275,33.5624932216887,3.54261263359291,0.00118820776350136,69,"1003, 1010, 1011, 1019, 1022, 1029, 1033, 1040, 1042, 1048, 1050, 1062, 1057"
"high MM_conn - MM_unc",0.0699058385606409,0.0768727105865986,31.7985734438036,0.909371323415097,0.369995615761214,69,"1003, 1010, 1011, 1019, 1022, 1029, 1033, 1040, 1042, 1048, 1050, 1062, 1057"
"low SL_conn - SL_unc",0.253144382791538,0.0584328079709519,32.473244732483,4.33223032713712,0.000133305659307049,69,"1003, 1010, 1011, 1019, 1022, 1029, 1033, 1040, 1042, 1048, 1050, 1062, 1057"
"low MM_conn - MM_unc",0.0176395483854744,0.0769798229817902,31.9769108127584,0.22914508896243,0.82021545543387,69,"1003, 1010, 1011, 1019, 1022, 1029, 1033, 1040, 1042, 1048, 1050, 1062, 1057"
"high SL_conn - SL_unc",0.224433470357782,0.0678609991256141,33.2508853364529,3.30725266721087,0.00226854497674698,70,"1003, 1006, 1015, 1017, 1024, 1030, 1033, 1039, 1042, 1053, 1046, 1062, 1057"
"high MM_conn - MM_unc",0.0717785881274458,0.0835166146642654,31.8115920829707,0.859452797697726,0.39652132571714,70,"1003, 1006, 1015, 1017, 1024, 1030, 1033, 1039, 1042, 1053, 1046, 1062, 1057"
"low SL_conn - SL_unc",0.253033149499178,0.0633861861126347,32.3542664641747,3.9919289204362,0.000353159504379475,70,"1003, 1006, 1015, 1017, 1024, 1030, 1033, 1039, 1042, 1053, 1046, 1062, 1057"
"low MM_conn - MM_unc",0.0165820518936169,0.0838993030467337,32.4206310792693,0.197642307998439,0.844558916478586,70,"1003, 1006, 1015, 1017, 1024, 1030, 1033, 1039, 1042, 1053, 1046, 1062, 1057"
"high SL_conn - SL_unc",0.208887647367951,0.0688046399656272,37.3989645548129,3.03595291643564,0.00434999160568751,71,"1005, 1007, 1014, 1018, 1021, 1028, 1035, 1036, 1044, 1050, 1055, 1062, 1058"
"high MM_conn - MM_unc",0.0575020625514649,0.0848903437658641,36.3940099991378,0.677368708861178,0.502455553894034,71,"1005, 1007, 1014, 1018, 1021, 1028, 1035, 1036, 1044, 1050, 1055, 1062, 1058"
"low SL_conn - SL_unc",0.249812371377859,0.064311068428831,36.7487516045905,3.88443820762068,0.00041219114639189,71,"1005, 1007, 1014, 1018, 1021, 1028, 1035, 1036, 1044, 1050, 1055, 1062, 1058"
"low MM_conn - MM_unc",0.0433222238649423,0.0852515944363168,37.0177538848781,0.508169074741519,0.614349817174464,71,"1005, 1007, 1014, 1018, 1021, 1028, 1035, 1036, 1044, 1050, 1055, 1062, 1058"
"high SL_conn - SL_unc",0.225350469619899,0.068927599696612,33.1140855903726,3.26937932862582,0.00251746931590496,72,"1003, 1010, 1012, 1016, 1024, 1029, 1035, 1036, 1043, 1052, 1048, 1062, 1058"
"high MM_conn - MM_unc",0.0587787553087854,0.0850431421698282,31.9226870941118,0.691163964654625,0.49445840226955,72,"1003, 1010, 1012, 1016, 1024, 1029, 1035, 1036, 1043, 1052, 1048, 1062, 1058"
"low SL_conn - SL_unc",0.250676927942308,0.0644452128977228,32.1837198324882,3.88976801644123,0.000473590379576157,72,"1003, 1010, 1012, 1016, 1024, 1029, 1035, 1036, 1043, 1052, 1048, 1062, 1058"
"low MM_conn - MM_unc",0.0206439703138724,0.0853511280731541,32.3213181753454,0.241871089227767,0.810408125174129,72,"1003, 1010, 1012, 1016, 1024, 1029, 1035, 1036, 1043, 1052, 1048, 1062, 1058"
"high SL_conn - SL_unc",0.213742312300503,0.0628838335431153,38.9354414515067,3.39900257756955,0.00157318535638178,73,"1001, 1008, 1012, 1019, 1025, 1026, 1033, 1039, 1045, 1049, 1053, 1062, 1063"
"high MM_conn - MM_unc",0.0315422001491575,0.0771709563014646,37.2659417278019,0.408731492531198,0.685076127926812,73,"1001, 1008, 1012, 1019, 1025, 1026, 1033, 1039, 1045, 1049, 1053, 1062, 1063"
"low SL_conn - SL_unc",0.255733049119404,0.0586286693799611,38.180096433191,4.36191119163983,9.44705975536203e-05,73,"1001, 1008, 1012, 1019, 1025, 1026, 1033, 1039, 1045, 1049, 1053, 1062, 1063"
"low MM_conn - MM_unc",0.00769362174068688,0.0772530669905836,37.4940479802956,0.0995898550102181,0.921200536413058,73,"1001, 1008, 1012, 1019, 1025, 1026, 1033, 1039, 1045, 1049, 1053, 1062, 1063"
"high SL_conn - SL_unc",0.227919054279267,0.0719980122338184,36.2797253777616,3.16562981682167,0.00312996714603123,74,"1005, 1006, 1014, 1017, 1023, 1026, 1034, 1037, 1043, 1050, 1048, 1062, 1063"
"high MM_conn - MM_unc",0.0246474346056567,0.088650751622821,34.9598513756404,0.278028489939072,0.782628245353604,74,"1005, 1006, 1014, 1017, 1023, 1026, 1034, 1037, 1043, 1050, 1048, 1062, 1063"
"low SL_conn - SL_unc",0.251361097403166,0.0673538999817957,35.6192405966621,3.73194569981996,0.000660914125146162,74,"1005, 1006, 1014, 1017, 1023, 1026, 1034, 1037, 1043, 1050, 1048, 1062, 1063"
"low MM_conn - MM_unc",0.0224261502653478,0.0886666589883968,34.9843147202515,0.252926528654728,0.801805313487683,74,"1005, 1006, 1014, 1017, 1023, 1026, 1034, 1037, 1043, 1050, 1048, 1062, 1063"
"high SL_conn - SL_unc",0.217525275570995,0.0685591939596521,36.6533180496675,3.17280969929446,0.00305121565413871,75,"1002, 1010, 1011, 1019, 1023, 1030, 1032, 1036, 1043, 1055, 1047, 1062, 1063"
"high MM_conn - MM_unc",0.0316828995763495,0.0843900336069308,35.346227665623,0.37543413863207,0.709581284527024,75,"1002, 1010, 1011, 1019, 1023, 1030, 1032, 1036, 1043, 1055, 1047, 1062, 1063"
"low SL_conn - SL_unc",0.25388957996951,0.0639451375022796,35.6836583181094,3.97042824343694,0.000332149429414634,75,"1002, 1010, 1011, 1019, 1023, 1030, 1032, 1036, 1043, 1055, 1047, 1062, 1063"
"low MM_conn - MM_unc",0.0133667852323835,0.0847927108163582,35.9914660427797,0.157640734724627,0.875621002132396,75,"1002, 1010, 1011, 1019, 1023, 1030, 1032, 1036, 1043, 1055, 1047, 1062, 1063"
"high SL_conn - SL_unc",0.226880163004363,0.0642560587861933,38.0614451982072,3.5308758005107,0.00110261348501713,76,"1001, 1010, 1012, 1019, 1023, 1030, 1033, 1037, 1044, 1048, 1054, 1063, 1056"
"high MM_conn - MM_unc",0.0255853413121204,0.0789138775869357,36.534739878274,0.324218529040525,0.747621572661045,76,"1001, 1010, 1012, 1019, 1023, 1030, 1033, 1037, 1044, 1048, 1054, 1063, 1056"
"low SL_conn - SL_unc",0.255296810916065,0.0600363737483731,37.4313875264063,4.25236893863836,0.00013552012570125,76,"1001, 1010, 1012, 1019, 1023, 1030, 1033, 1037, 1044, 1048, 1054, 1063, 1056"
"low MM_conn - MM_unc",0.022382761970856,0.0794993919400077,37.5582657979991,0.281546329156161,0.779836860310385,76,"1001, 1010, 1012, 1019, 1023, 1030, 1033, 1037, 1044, 1048, 1054, 1063, 1056"
"high SL_conn - SL_unc",0.207543149328445,0.0646808770828641,36.3170541538621,3.20872503108696,0.00278520918889158,77,"1002, 1010, 1014, 1018, 1021, 1030, 1033, 1036, 1044, 1051, 1054, 1063, 1056"
"high MM_conn - MM_unc",0.0242619421669215,0.0798203212141934,35.3334794469076,0.303956959804959,0.76294354447912,77,"1002, 1010, 1014, 1018, 1021, 1030, 1033, 1036, 1044, 1051, 1054, 1063, 1056"
"low SL_conn - SL_unc",0.252570696931483,0.0606250063602235,35.9025527044606,4.16611415148974,0.000185830945601609,77,"1002, 1010, 1014, 1018, 1021, 1030, 1033, 1036, 1044, 1051, 1054, 1063, 1056"
"low MM_conn - MM_unc",0.054149078895441,0.080328509006622,36.1186342170486,0.674095406040428,0.504542328346111,77,"1002, 1010, 1014, 1018, 1021, 1030, 1033, 1036, 1044, 1051, 1054, 1063, 1056"
"high SL_conn - SL_unc",0.241179823625954,0.068685451205468,36.0929368849558,3.51136695461868,0.00121701884017516,78,"1004, 1008, 1011, 1020, 1022, 1030, 1032, 1039, 1041, 1051, 1054, 1063, 1056"
"high MM_conn - MM_unc",0.0273284624225061,0.0845535707827339,34.6558715495705,0.323208850549061,0.748479302223575,78,"1004, 1008, 1011, 1020, 1022, 1030, 1032, 1039, 1041, 1051, 1054, 1063, 1056"
"low SL_conn - SL_unc",0.25729200896743,0.0641357676105591,35.1950714350806,4.0116773923989,0.000299721974034428,78,"1004, 1008, 1011, 1020, 1022, 1030, 1032, 1039, 1041, 1051, 1054, 1063, 1056"
"low MM_conn - MM_unc",0.0496509905801883,0.0849488491895768,35.377977908679,0.58448102656911,0.56260574773747,78,"1004, 1008, 1011, 1020, 1022, 1030, 1032, 1039, 1041, 1051, 1054, 1063, 1056"
"high SL_conn - SL_unc",0.246641194935821,0.0699317031237468,35.6382095103325,3.5268867183083,0.0011778528164387,79,"1002, 1009, 1013, 1020, 1021, 1027, 1031, 1039, 1045, 1051, 1054, 1063, 1056"
"high MM_conn - MM_unc",0.0253080372407405,0.086224944558918,34.4780499699081,0.293511783280386,0.770890566416626,79,"1002, 1009, 1013, 1020, 1021, 1027, 1031, 1039, 1045, 1051, 1054, 1063, 1056"
"low SL_conn - SL_unc",0.25747209736409,0.0654758630959938,35.0535970300462,3.93232078493737,0.000378859142194853,79,"1002, 1009, 1013, 1020, 1021, 1027, 1031, 1039, 1045, 1051, 1054, 1063, 1056"
"low MM_conn - MM_unc",0.0537724465986941,0.0866903771571334,35.1587982376259,0.620281608663751,0.53907243045503,79,"1002, 1009, 1013, 1020, 1021, 1027, 1031, 1039, 1045, 1051, 1054, 1063, 1056"
"high SL_conn - SL_unc",0.201675344278347,0.070949388105877,37.2843707596659,2.84252408177768,0.00721930254322048,80,"1001, 1009, 1012, 1020, 1023, 1026, 1032, 1038, 1045, 1053, 1049, 1063, 1056"
"high MM_conn - MM_unc",0.0273230181579094,0.087157413494817,35.546822464642,0.313490465840112,0.755740267699704,80,"1001, 1009, 1012, 1020, 1023, 1026, 1032, 1038, 1045, 1053, 1049, 1063, 1056"
"low SL_conn - SL_unc",0.255749531604134,0.0661184496701944,36.0484221800341,3.86805094311556,0.00044161521849563,80,"1001, 1009, 1012, 1020, 1023, 1026, 1032, 1038, 1045, 1053, 1049, 1063, 1056"
"low MM_conn - MM_unc",0.00939905768777427,0.0872916023164434,35.7676124287637,0.107674248591536,0.914855832999491,80,"1001, 1009, 1012, 1020, 1023, 1026, 1032, 1038, 1045, 1053, 1049, 1063, 1056"
"high SL_conn - SL_unc",0.214930307439311,0.0665373891874777,37.3237445515094,3.23021852921997,0.00258266954451351,81,"1002, 1006, 1013, 1019, 1025, 1027, 1035, 1038, 1041, 1055, 1047, 1063, 1056"
"high MM_conn - MM_unc",0.0327242629281332,0.0818437840473544,35.9402085445649,0.399838097774158,0.691642269688131,81,"1002, 1006, 1013, 1019, 1025, 1027, 1035, 1038, 1041, 1055, 1047, 1063, 1056"
"low SL_conn - SL_unc",0.250160496366016,0.0620597614916928,36.2761746481354,4.03096129203625,0.000272778434166908,81,"1002, 1006, 1013, 1019, 1025, 1027, 1035, 1038, 1041, 1055, 1047, 1063, 1056"
"low MM_conn - MM_unc",0.00391249784819947,0.0821276844486957,36.3296514361803,0.0476392080753667,0.962264714463597,81,"1002, 1006, 1013, 1019, 1025, 1027, 1035, 1038, 1041, 1055, 1047, 1063, 1056"
"high SL_conn - SL_unc",0.247738436403995,0.0672216980413013,37.4305718320619,3.68539390736282,0.000719474055137364,82,"1003, 1007, 1015, 1019, 1021, 1027, 1035, 1039, 1043, 1048, 1054, 1063, 1059"
"high MM_conn - MM_unc",0.0749697148800555,0.0825816603318567,35.8997195518622,0.907825231156502,0.370024582219609,82,"1003, 1007, 1015, 1019, 1021, 1027, 1035, 1039, 1043, 1048, 1054, 1063, 1059"
"low SL_conn - SL_unc",0.251898205819561,0.0625716707590165,36.1882743625643,4.02575483064375,0.00027781406376223,82,"1003, 1007, 1015, 1019, 1021, 1027, 1035, 1039, 1043, 1048, 1054, 1063, 1059"
"low MM_conn - MM_unc",0.00815826573250245,0.0829536997425329,36.4427335493005,0.0983472196878936,0.922195546778586,82,"1003, 1007, 1015, 1019, 1021, 1027, 1035, 1039, 1043, 1048, 1054, 1063, 1059"
"high SL_conn - SL_unc",0.222442527408506,0.0719497708371779,33.5238449475468,3.09163635714549,0.0039916952278479,83,"1005, 1008, 1012, 1016, 1024, 1029, 1033, 1040, 1042, 1055, 1047, 1063, 1059"
"high MM_conn - MM_unc",0.0764658690036411,0.0885788890584789,32.0828181322986,0.863251614650068,0.394406874460428,83,"1005, 1008, 1012, 1016, 1024, 1029, 1033, 1040, 1042, 1055, 1047, 1063, 1059"
"low SL_conn - SL_unc",0.252522929454308,0.0672238366868737,32.6272735740451,3.75644922842698,0.000676136184907691,83,"1005, 1008, 1012, 1016, 1024, 1029, 1033, 1040, 1042, 1055, 1047, 1063, 1059"
"low MM_conn - MM_unc",0.00763803394926116,0.088977336638981,32.6935906239729,0.0858424654836761,0.93211521668747,83,"1005, 1008, 1012, 1016, 1024, 1029, 1033, 1040, 1042, 1055, 1047, 1063, 1059"
"high SL_conn - SL_unc",0.231845371731821,0.0683594545518999,33.507021784057,3.39156263389725,0.00179724553013913,84,"1005, 1007, 1013, 1019, 1021, 1026, 1035, 1039, 1042, 1047, 1051, 1063, 1062"
"high MM_conn - MM_unc",0.0213178517379323,0.0840288413616864,31.8702306974983,0.253696842565918,0.801359329985794,84,"1005, 1007, 1013, 1019, 1021, 1026, 1035, 1039, 1042, 1047, 1051, 1063, 1062"
"low SL_conn - SL_unc",0.25573873525021,0.0638809778407957,32.5624984798932,4.00336287724904,0.000339096730338253,84,"1005, 1007, 1013, 1019, 1021, 1026, 1035, 1039, 1042, 1047, 1051, 1063, 1062"
"low MM_conn - MM_unc",0.0281392463465732,0.0844775224817387,32.5166982333652,0.333097438465433,0.741199008362463,84,"1005, 1007, 1013, 1019, 1021, 1026, 1035, 1039, 1042, 1047, 1051, 1063, 1062"
"high SL_conn - SL_unc",0.232217116306222,0.0682359603753114,37.0601219476874,3.40314864814654,0.00161196141475182,85,"1003, 1010, 1014, 1017, 1021, 1027, 1034, 1038, 1045, 1048, 1050, 1063, 1062"
"high MM_conn - MM_unc",0.0313313148183895,0.0839256977207626,35.7138211590928,0.373322065461224,0.711115625983066,85,"1003, 1010, 1014, 1017, 1021, 1027, 1034, 1038, 1045, 1048, 1050, 1063, 1062"
"low SL_conn - SL_unc",0.251375614283628,0.0635869200344447,35.914510571521,3.9532597922255,0.000346448276463308,85,"1003, 1010, 1014, 1017, 1021, 1027, 1034, 1038, 1045, 1048, 1050, 1063, 1062"
"low MM_conn - MM_unc",0.0164049921315337,0.0839365099887432,35.7208481096944,0.195445249435958,0.84615191957176,85,"1003, 1010, 1014, 1017, 1021, 1027, 1034, 1038, 1045, 1048, 1050, 1063, 1062"
"high SL_conn - SL_unc",0.200392774698799,0.0645331606132336,37.3526544121965,3.1052682496029,0.00361849057987443,86,"1002, 1010, 1013, 1019, 1021, 1026, 1033, 1040, 1044, 1050, 1049, 1063, 1062"
"high MM_conn - MM_unc",0.023275896097932,0.0792886222592758,35.8263140196935,0.293559093785477,0.77078874684652,86,"1002, 1010, 1013, 1019, 1021, 1026, 1033, 1040, 1044, 1050, 1049, 1063, 1062"
"low SL_conn - SL_unc",0.259376504167339,0.0604629572605239,36.9792268931582,4.28984151485897,0.000123266751288683,86,"1002, 1010, 1013, 1019, 1021, 1026, 1033, 1040, 1044, 1050, 1049, 1063, 1062"
"low MM_conn - MM_unc",-0.0118672154609636,0.079557873882745,36.2955114371158,-0.149164562623354,0.882249527743868,86,"1002, 1010, 1013, 1019, 1021, 1026, 1033, 1040, 1044, 1050, 1049, 1063, 1062"
"high SL_conn - SL_unc",0.219698970064573,0.0668812184327666,37.1806799377919,3.28491279334914,0.00222945050359592,87,"1003, 1010, 1012, 1019, 1021, 1030, 1032, 1036, 1043, 1051, 1047, 1064, 1056"
"high MM_conn - MM_unc",0.0811790114177268,0.0822226000395365,35.6600637302945,0.987307764272744,0.330143820427041,87,"1003, 1010, 1012, 1019, 1021, 1030, 1032, 1036, 1043, 1051, 1047, 1064, 1056"
"low SL_conn - SL_unc",0.25142485018824,0.0624008783639728,36.1917552157456,4.0291876778036,0.000275001327892597,87,"1003, 1010, 1012, 1019, 1021, 1030, 1032, 1036, 1043, 1051, 1047, 1064, 1056"
"low MM_conn - MM_unc",0.017101126702129,0.0825776091352419,36.241183000942,0.20709156975133,0.837097568997327,87,"1003, 1010, 1012, 1019, 1021, 1030, 1032, 1036, 1043, 1051, 1047, 1064, 1056"
"high SL_conn - SL_unc",0.212521813651141,0.0665388008557337,39.0864016689631,3.1939531659418,0.00277286862230481,88,"1001, 1008, 1015, 1019, 1022, 1026, 1034, 1038, 1042, 1048, 1054, 1064, 1058"
"high MM_conn - MM_unc",0.0751152152488835,0.081749803954295,37.4961477957321,0.918842756991554,0.364051087613552,88,"1001, 1008, 1015, 1019, 1022, 1026, 1034, 1038, 1042, 1048, 1054, 1064, 1058"
"low SL_conn - SL_unc",0.250647959157946,0.0619952915702104,37.9977275525079,4.04301605508354,0.00024851877523874,88,"1001, 1008, 1015, 1019, 1022, 1026, 1034, 1038, 1042, 1048, 1054, 1064, 1058"
"low MM_conn - MM_unc",0.00617950186313254,0.0821472306177686,38.2261511190805,0.0752247131967941,0.940428230475285,88,"1001, 1008, 1015, 1019, 1022, 1026, 1034, 1038, 1042, 1048, 1054, 1064, 1058"
"high SL_conn - SL_unc",0.23552454371062,0.0675317148791128,36.6164364691342,3.48761384383957,0.00128540905192712,89,"1003, 1006, 1014, 1020, 1022, 1027, 1033, 1039, 1045, 1050, 1048, 1064, 1058"
"high MM_conn - MM_unc",0.0738373749260638,0.083000707660723,35.0417566604437,0.88959934206687,0.379747846665515,89,"1003, 1006, 1014, 1020, 1022, 1027, 1033, 1039, 1045, 1050, 1048, 1064, 1058"
"low SL_conn - SL_unc",0.249338376965487,0.0629476946177972,35.5602409391624,3.96104064619695,0.000342751996709378,89,"1003, 1006, 1014, 1020, 1022, 1027, 1033, 1039, 1045, 1050, 1048, 1064, 1058"
"low MM_conn - MM_unc",0.0182457599445883,0.0830721310920175,35.1403324374405,0.219637557201678,0.827424337510892,89,"1003, 1006, 1014, 1020, 1022, 1027, 1033, 1039, 1045, 1050, 1048, 1064, 1058"
"high SL_conn - SL_unc",0.211168517666893,0.071196190672194,36.3445785273074,2.96600865401871,0.00530475841725644,90,"1005, 1008, 1011, 1019, 1022, 1030, 1032, 1038, 1041, 1051, 1047, 1064, 1058"
"high MM_conn - MM_unc",0.0744972440678892,0.0877252855592931,35.04247027534,0.849210619183871,0.40152850653415,90,"1005, 1008, 1011, 1019, 1022, 1030, 1032, 1038, 1041, 1051, 1047, 1064, 1058"
"low SL_conn - SL_unc",0.249635566741102,0.0664369469165481,35.4904467722137,3.75748101511455,0.000616811548292262,90,"1005, 1008, 1011, 1019, 1022, 1030, 1032, 1038, 1041, 1051, 1047, 1064, 1058"
"low MM_conn - MM_unc",0.0106316427543696,0.0879053360998856,35.5313386404806,0.120944225072855,0.904416585898777,90,"1005, 1008, 1011, 1019, 1022, 1030, 1032, 1038, 1041, 1051, 1047, 1064, 1058"
"high SL_conn - SL_unc",0.215589066105598,0.0649953959365381,37.6479102827781,3.31698981134141,0.00202402133501966,91,"1004, 1006, 1015, 1018, 1022, 1028, 1031, 1039, 1045, 1053, 1052, 1064, 1058"
"high MM_conn - MM_unc",0.0759692669946509,0.0800912420371424,36.4855474620123,0.948534010240721,0.34909842493472,91,"1004, 1006, 1015, 1018, 1022, 1028, 1031, 1039, 1045, 1053, 1052, 1064, 1058"
"low SL_conn - SL_unc",0.25121221043043,0.0607198342400761,36.92299178208,4.13723478620147,0.00019483054051363,91,"1004, 1006, 1015, 1018, 1022, 1028, 1031, 1039, 1045, 1053, 1052, 1064, 1058"
"low MM_conn - MM_unc",0.0471969745772689,0.080427497902996,37.0964738279379,0.586826344320613,0.560874899496407,91,"1004, 1006, 1015, 1018, 1022, 1028, 1031, 1039, 1045, 1053, 1052, 1064, 1058"
"high SL_conn - SL_unc",0.22391165631761,0.0691453863570904,37.2891646964652,3.23827326904001,0.0025280417687184,92,"1004, 1007, 1011, 1020, 1023, 1029, 1035, 1038, 1042, 1054, 1051, 1064, 1058"
"high MM_conn - MM_unc",0.0732936713194048,0.0851477928616964,35.9675834098255,0.860781810732945,0.395060212364725,92,"1004, 1007, 1011, 1020, 1023, 1029, 1035, 1038, 1042, 1054, 1051, 1064, 1058"
"low SL_conn - SL_unc",0.25196010910212,0.0644894444599757,36.3209533022614,3.9069976677888,0.000391143564165894,92,"1004, 1007, 1011, 1020, 1023, 1029, 1035, 1038, 1042, 1054, 1051, 1064, 1058"
"low MM_conn - MM_unc",0.0451377775300896,0.0854607267035853,36.6264225705285,0.528169830413997,0.600567236898062,92,"1004, 1007, 1011, 1020, 1023, 1029, 1035, 1038, 1042, 1054, 1051, 1064, 1058"
"high SL_conn - SL_unc",0.234799170238496,0.0706964562679056,37.5490597212022,3.32122969995441,0.00200403872222467,93,"1005, 1006, 1014, 1017, 1023, 1030, 1034, 1036, 1042, 1052, 1048, 1064, 1061"
"high MM_conn - MM_unc",0.0420876801111675,0.0871703392507054,36.4679576029276,0.482821111778878,0.632108642485213,93,"1005, 1006, 1014, 1017, 1023, 1030, 1034, 1036, 1042, 1052, 1048, 1064, 1061"
"low SL_conn - SL_unc",0.247298049110163,0.0660985909019819,36.9146806911562,3.74135130167726,0.000620778926732253,93,"1005, 1006, 1014, 1017, 1023, 1030, 1034, 1036, 1042, 1052, 1048, 1064, 1061"
"low MM_conn - MM_unc",0.0233674181571344,0.0875334859148524,37.0433650421168,0.266954045219505,0.790985126132095,93,"1005, 1006, 1014, 1017, 1023, 1030, 1034, 1036, 1042, 1052, 1048, 1064, 1061"
"high SL_conn - SL_unc",0.210805833720215,0.062978410729649,37.5140820518479,3.3472714105974,0.0018659622991836,94,"1002, 1008, 1014, 1016, 1025, 1030, 1033, 1036, 1044, 1054, 1046, 1064, 1061"
"high MM_conn - MM_unc",0.0446848833135848,0.0776418009933088,36.5979685089221,0.575526105035041,0.568457620593898,94,"1002, 1008, 1014, 1016, 1025, 1030, 1033, 1036, 1044, 1054, 1046, 1064, 1061"
"low SL_conn - SL_unc",0.252250150432629,0.0588882318456845,37.1246634694364,4.28354091346546,0.000124892361277467,94,"1002, 1008, 1014, 1016, 1025, 1030, 1033, 1036, 1044, 1054, 1046, 1064, 1061"
"low MM_conn - MM_unc",-0.0134419433347746,0.0784026707772126,38.0256437117322,-0.17144751832461,0.864781027635716,94,"1002, 1008, 1014, 1016, 1025, 1030, 1033, 1036, 1044, 1054, 1046, 1064, 1061"
"high SL_conn - SL_unc",0.238778628469864,0.0660293845885757,33.0411379530235,3.61624797743727,0.000984220401791204,95,"1003, 1010, 1014, 1016, 1022, 1027, 1031, 1039, 1043, 1054, 1051, 1064, 1061"
"high MM_conn - MM_unc",0.0421459533826961,0.0813508949370282,31.728013443417,0.518076087734748,0.60799930879075,95,"1003, 1010, 1014, 1016, 1022, 1027, 1031, 1039, 1043, 1054, 1051, 1064, 1061"
"low SL_conn - SL_unc",0.248169017947263,0.0616538559373756,32.0325727587848,4.02519865423078,0.000325832111343547,95,"1003, 1010, 1014, 1016, 1022, 1027, 1031, 1039, 1043, 1054, 1051, 1064, 1061"
"low MM_conn - MM_unc",0.045673537635329,0.0817034828116264,32.2352707924344,0.559015797902187,0.580014196636884,95,"1003, 1010, 1014, 1016, 1022, 1027, 1031, 1039, 1043, 1054, 1051, 1064, 1061"
"high SL_conn - SL_unc",0.224205277069349,0.0693141636285716,32.6503485761389,3.23462428647023,0.00278809064467716,96,"1002, 1006, 1015, 1018, 1024, 1029, 1031, 1040, 1043, 1046, 1053, 1065, 1057"
"high MM_conn - MM_unc",0.0740169009300396,0.0855657891597498,31.5317782106814,0.86502913906224,0.393556496750397,96,"1002, 1006, 1015, 1018, 1024, 1029, 1031, 1040, 1043, 1046, 1053, 1065, 1057"
"low SL_conn - SL_unc",0.250655597048579,0.0649013405223544,31.9743885728695,3.86210200022362,0.000515613094318487,96,"1002, 1006, 1015, 1018, 1024, 1029, 1031, 1040, 1043, 1046, 1053, 1065, 1057"
"low MM_conn - MM_unc",0.0150560921297056,0.0859673729120117,32.1353930810887,0.175137283130841,0.862070621929305,96,"1002, 1006, 1015, 1018, 1024, 1029, 1031, 1040, 1043, 1046, 1053, 1065, 1057"
"high SL_conn - SL_unc",0.225680107692073,0.0642327779942482,36.4844549342293,3.51347263405425,0.00119908948684219,97,"1004, 1010, 1011, 1018, 1022, 1029, 1033, 1037, 1041, 1049, 1053, 1065, 1057"
"high MM_conn - MM_unc",0.0744460260250344,0.0790375975539189,35.1826224262425,0.941906489177481,0.352663530923167,97,"1004, 1010, 1011, 1018, 1022, 1029, 1033, 1037, 1041, 1049, 1053, 1065, 1057"
"low SL_conn - SL_unc",0.24809236066879,0.0598577823963822,35.6582007257925,4.14469682531681,0.000199797927036817,97,"1004, 1010, 1011, 1018, 1022, 1029, 1033, 1037, 1041, 1049, 1053, 1065, 1057"
"low MM_conn - MM_unc",-0.000981908287897348,0.0791516041573265,35.5386721721901,-0.0124054123520434,0.990171547737456,97,"1004, 1010, 1011, 1018, 1022, 1029, 1033, 1037, 1041, 1049, 1053, 1065, 1057"
"high SL_conn - SL_unc",0.213954758291455,0.0685469231231979,33.3936422326076,3.12128901696898,0.00370241680108616,98,"1002, 1010, 1013, 1016, 1024, 1028, 1034, 1036, 1045, 1054, 1048, 1065, 1057"
"high MM_conn - MM_unc",0.0739217016889112,0.0846351800528213,32.2672796221224,0.873415778672371,0.388890445410202,98,"1002, 1010, 1013, 1016, 1024, 1028, 1034, 1036, 1045, 1054, 1048, 1065, 1057"
"low SL_conn - SL_unc",0.250700369883803,0.0642983355003769,32.9056939906464,3.89901803729171,0.000449270773679161,98,"1002, 1010, 1013, 1016, 1024, 1028, 1034, 1036, 1045, 1054, 1048, 1065, 1057"
"low MM_conn - MM_unc",0.00959963815025661,0.085076557518169,32.9381870621088,0.11283529129874,0.910846039530229,98,"1002, 1010, 1013, 1016, 1024, 1028, 1034, 1036, 1045, 1054, 1048, 1065, 1057"
"high SL_conn - SL_unc",0.221738354782266,0.0716314211620334,33.4100923372239,3.09554593759468,0.0039591372959093,99,"1003, 1006, 1012, 1020, 1024, 1030, 1032, 1036, 1043, 1049, 1053, 1065, 1060"
"high MM_conn - MM_unc",0.0424222818604992,0.0882251840774546,32.0015397956251,0.480840956061433,0.633900784395929,99,"1003, 1006, 1012, 1020, 1024, 1030, 1032, 1036, 1043, 1049, 1053, 1065, 1060"
"low SL_conn - SL_unc",0.250428397625404,0.0668335421192712,32.2762207864148,3.74704661288922,0.00070219190154367,99,"1003, 1006, 1012, 1020, 1024, 1030, 1032, 1036, 1043, 1049, 1053, 1065, 1060"
"low MM_conn - MM_unc",0.00160133390406569,0.0883218014111498,32.1465169639007,0.0181306753087074,0.985646672593518,99,"1003, 1006, 1012, 1020, 1024, 1030, 1032, 1036, 1043, 1049, 1053, 1065, 1060"
"high SL_conn - SL_unc",0.198822956160113,0.0639490052650033,162.527642453818,3.10908598712669,0.00221630964254052,100,"1004, 1008, 1015, 1016, 1022, 1026, 1033, 1040, 1042, 1053, 1052, 1065, 1060"
"high MM_conn - MM_unc",0.0405400411457882,0.0783836539148381,161.910560419358,0.51720019571726,0.60572224577472,100,"1004, 1008, 1015, 1016, 1022, 1026, 1033, 1040, 1042, 1053, 1052, 1065, 1060"
"low SL_conn - SL_unc",0.256872104323718,0.0595638777692453,163.400053638385,4.31254837569271,2.78330280868836e-05,100,"1004, 1008, 1015, 1016, 1022, 1026, 1033, 1040, 1042, 1053, 1052, 1065, 1060"
"low MM_conn - MM_unc",0.0497629590393456,0.0787906483744393,163.21444766236,0.631584586064777,0.528541946580783,100,"1004, 1008, 1015, 1016, 1022, 1026, 1033, 1040, 1042, 1053, 1052, 1065, 1060"
