"","file","date","time_point","culture_ID","indiv_per_frame","indiv_per_volume","bioarea_per_frame","bioarea_per_volume","major_mean","major_sd","minor_mean","minor_sd","gross_speed_mean","gross_speed_sd","net_speed_mean","net_speed_sd","sd_turning_mean","Ble","Cep","Col","Eug","Eup","Lox","Pau","Pca","Spi","Spi_te","Tet"
"1","sample_00001","03.05.22","t5",1,3.84,0.111627906976744,16256.97702,472.58654127907,107.56792598278,26.0176432875153,47.2689453639953,7.11205836751529,283.622968185358,264.720793218007,225.796,247.765236928024,0.354,0,0.0893023255813954,0,0,0,0,0.0223255813953488,0,0,0,0
"2","sample_00002","03.05.22","t5",2,3.336,0.0969767441860465,12775.05432,371.367858139535,89.4603088612056,38.9141359193902,38.6398111241504,17.5055195844733,308.634115532314,112.043555074619,184.378,143.166467512473,0.468,0,0.0190697674418605,0.0381395348837209,0,0,0,0.0290697674418605,0,0.0106976744186047,0,0
"3","sample_00003","03.05.22","t5",3,3.432,0.0997674418604651,12440.04966,361.629350581395,96.76616235,18.9916181478664,45.33145365,5.90998187102502,213.643935185185,151.028826379756,96.3825,94.0849355192778,0.3975,0,0.0872093023255814,0.0125581395348837,0,0,0,0,0,0,0,0
"4","sample_00004","03.05.22","t5",4,3.248,0.0944186046511628,15734.85264,457.408506976744,128.175054532258,12.2877233485766,48.2113248967742,10.9851765356792,455.144532258064,339.432855989735,321.24,414.413934209103,0.16,0,0.0581395348837209,0,0,0.0290697674418605,0,0,0.0072093023255814,0,0,0
"5","sample_00005","03.05.22","t5",5,4.272,0.124186046511628,11544.47316,335.59515,79.6854617338462,38.1285203039494,37.9260892664128,13.8512140581468,179.504089093702,32.7859509167403,142.68,61.2451927909448,0.378333333333333,0.0362790697674419,0.087906976744186,0,0,0,0,0,0,0,0,0
"6","sample_00006","03.05.22","t5",6,12.232,0.355581395348837,51624.70362,1500.71812848837,107.868436502391,38.2568175931416,43.4130598217896,11.4026153572728,272.691738598754,187.36006204158,174.776666666667,116.708815841984,0.329333333333333,0.0269767441860465,0.183255813953488,0.0581395348837209,0,0,0.0290697674418605,0,0.0581395348837209,0,0,0
"7","sample_00007","03.05.22","t5",7,7.736,0.224883720930233,30664.67058,891.41484244186,90.5177306303611,53.5306667020129,40.2642020095164,18.393482177564,329.621372235872,244.388476043644,138.547272727273,93.3823971732263,0.513636363636364,0.0748837209302326,0.0727906976744186,0,0,0.0430232558139535,0,0.0290697674418605,0,0.00511627906976744,0,0
"8","sample_00008","03.05.22","t5",8,9.392,0.273023255813953,46354.64598,1347.51877848837,110.124076238112,55.6314140885202,41.4045569993346,14.7096611168122,282.710683660078,229.309008918948,159.699230769231,165.464337923188,0.506153846153846,0.0913953488372093,0.0872093023255814,0.0290697674418605,0.00790697674418605,0.00697674418604651,0,0,0.0434883720930233,0.00697674418604651,0,0
"9","sample_00009","03.05.22","t5",9,11.816,0.343488372093023,51204.53718,1488.5039877907,108.275303387484,60.3975395711986,43.1784952764733,17.0227157837818,266.31800962167,168.08552429279,150.5675,125.132964708818,0.464166666666667,0.145348837209302,0.113488372093023,0,0,0.0555813953488372,0,0,0.0290697674418605,0,0,0
"10","sample_00010","03.05.22","t5",10,9.688,0.281627906976744,38179.37754,1109.86562616279,94.2047516804848,46.9492205993954,39.9454171077666,14.0108078785056,317.025565489717,307.164200897521,189.852857142857,293.289533643898,0.493571428571429,0.0488372093023256,0.0872093023255814,0,0.0383720930232558,0.0290697674418605,0,0.0490697674418605,0,0,0.0290697674418605,0
"11","sample_00011","03.05.22","t5",11,20.32,0.590697674418605,104336.43372,3033.03586395349,113.883600817784,53.9853072532627,47.1425010154232,15.8306784984652,243.203763065565,186.6051027246,153.091379310345,180.434692097488,0.648965517241379,0.145116279069767,0.285813953488372,0,0,0.0788372093023256,0,0.0104651162790698,0.0144186046511628,0.0355813953488372,0.0204651162790698,0
"12","sample_00012","03.05.22","t5",12,20.024,0.582093023255814,106298.6976,3090.07841860465,108.911272429222,52.8615497194735,47.9141447214671,16.4131639208928,278.232972556673,181.079792681797,167.326551724138,185.988951213235,0.541379310344828,0.116511627906977,0.231860465116279,0.0223255813953488,0,0.0388372093023256,0,0.0444186046511628,0.026046511627907,0.0148837209302326,0.0872093023255814,0
"13","sample_00013","03.05.22","t5",13,21.968,0.638604651162791,125292.1365,3642.21327034884,114.249119175753,57.9701304081255,45.5554915179382,19.8895700789478,261.627310292072,137.769040622286,143.668709677419,139.495828844257,0.600967741935484,0.232093023255814,0.0990697674418605,0,0,0.0102325581395349,0,0.0927906976744186,0.00976744186046512,0.0493023255813953,0.145348837209302,0
"14","sample_00014","03.05.22","t5",14,13.072,0.38,52065.86526,1513.54259476744,105.879551037736,51.2803019599429,39.7999541086792,14.0991465672393,235.079085394829,178.278703850928,183.013333333333,137.257598471251,0.327333333333333,0.0934883720930233,0.186744186046512,0,0.0290697674418605,0,0.0290697674418605,0,0.0416279069767442,0,0,0
"15","sample_00015","03.05.22","t5",15,22.68,0.659302325581395,153824.6133,4471.64573546512,117.399926982095,74.5178899804425,50.0691125096918,19.6769772839992,309.497344618569,179.757176545326,170.300303030303,177.402226178338,0.566969696969697,0.0893023255813954,0.280232558139535,0,0,0.0688372093023256,0.05,0.0486046511627907,0.0641860465116279,0.0290697674418605,0.0290697674418605,0
"16","sample_00016","03.05.22","t5",16,5.04,0.146511627906977,19598.23188,569.716043023256,106.586608284454,16.1295315756072,42.6331215718487,5.72164883470212,174.12758356676,40.389264484399,117.804285714286,80.5610970748584,0.4,0,0.146511627906977,0,0,0,0,0,0,0,0,0
"17","sample_00017","03.05.22","t5",17,3,0.0872093023255814,15554.55636,452.167336046512,131.3630136,22.5567260762987,49.012344,13.6456902731145,312.206666666667,148.870695535869,159.466666666667,96.786060118869,0.343333333333333,0,0.0581395348837209,0,0,0,0,0.0290697674418605,0,0,0,0
"18","sample_00018","03.05.22","t5",18,4.376,0.127209302325581,16687.50984,485.102030232558,103.254965356596,18.478092255842,47.462864093617,10.4595400897661,321.200706382979,342.293116858501,201.718,259.223542757983,0.524,0,0.0981395348837209,0,0,0.0290697674418605,0,0,0,0,0,0
"19","sample_00019","03.05.22","t5",19,5.136,0.149302325581395,12515.23872,363.815079069767,75.1195069132293,23.4196567546784,41.0669553024042,14.0700602777826,346.745988015555,253.986634705193,245.522222222222,223.667290007825,0.397777777777778,0.0216279069767442,0.0681395348837209,0.0402325581395349,0,0.0193023255813954,0,0,0,0,0,0
"20","sample_00020","03.05.22","t5",20,4.24,0.123255813953488,18177.38172,528.412259302326,119.821101731748,7.74996420284801,44.3372502896703,6.3536827143779,224.211596669997,30.3182726264949,180.812,64.0641039896758,0.198,0,0.123255813953488,0,0,0,0,0,0,0,0,0
"21","sample_00021","03.05.22","t5",21,7.584,0.22046511627907,27024.23412,785.588201162791,96.8200397518883,18.8920608992631,45.0331124152709,2.88314039209517,321.159968608729,188.799343863906,231.932222222222,166.367490497526,0.314444444444444,0,0.128837209302326,0.0916279069767442,0,0,0,0,0,0,0,0
"22","sample_00022","03.05.22","t5",22,5.336,0.155116279069767,26814.54456,779.492574418605,119.682821227044,27.236743684256,50.678737546024,10.4367336167778,295.13911627907,186.941463586562,186.376666666667,72.6461290549377,0.226666666666667,0,0.126279069767442,0,0,0,0,0.0288372093023256,0,0,0,0
"23","sample_00023","03.05.22","t5",23,9.792,0.284651162790698,49724.37558,1445.47603430233,135.956799303138,67.726890729245,47.8656950733054,11.7424824233611,315.885253728096,156.141399526995,225.85,160.499409152998,0.320714285714286,0,0.22953488372093,0,0,0,0,0.026046511627907,0,0,0.0290697674418605,0
"24","sample_00024","03.05.22","t5",24,5.104,0.148372093023256,25192.40292,732.337294186046,128.209638240302,30.0812478984524,48.9748897149945,13.4828119859574,289.717008751425,185.954494488037,152.814285714286,169.091199441519,0.457142857142857,0.00813953488372093,0.0953488372093023,0,0,0,0,0.02,0.0248837209302326,0,0,0
"25","sample_00025","03.05.22","t5",25,7.592,0.220697674418605,31722.69744,922.171437209302,105.208761815607,26.4782694261245,42.2152879742744,18.260291394692,325.979120126774,167.253421304067,201.719090909091,153.184361437749,0.667272727272727,0,0.111627906976744,0.0144186046511628,0,0.0462790697674419,0,0.0290697674418605,0,0.0193023255813954,0,0
"26","sample_00026","03.05.22","t5",26,8.648,0.251395348837209,40761.39348,1184.92422906977,107.345140608426,45.7391464218893,47.1890889885029,11.7963193631246,343.964944444444,383.280542008448,174.365,344.827523513897,0.568333333333333,0.0872093023255814,0.0625581395348837,0,0,0.0672093023255814,0,0,0.00558139534883721,0,0.0288372093023256,0
"27","sample_00027","03.05.22","t5",27,4.296,0.124883720930233,22950.24678,667.158336627907,113.752456017776,49.2095334558448,47.2381305218134,18.6812374661096,499.504601084878,380.679142738799,317.208333333333,362.214758308751,0.328333333333333,0.00534883720930233,0.0290697674418605,0,0,0.0227906976744186,0,0.0497674418604651,0.017906976744186,0,0,0
"28","sample_00028","03.05.22","t5",28,28.816,0.837674418604651,157253.65434,4571.32716104651,121.579134365472,57.909600129523,49.3692047857107,15.0260446609262,351.406092386618,248.045343973068,230.612105263158,236.946031523863,0.429210526315789,0.121627906976744,0.315348837209302,0.0290697674418605,0.0290697674418605,0.0530232558139535,0.0155813953488372,0.0651162790697675,0.125116279069767,0.0153488372093023,0.0683720930232558,0
"29","sample_00029","03.05.22","t5",29,19.992,0.581162790697675,84556.72458,2458.04431918605,110.600670218675,34.8504589396321,44.2108112884196,12.6933147903617,176.976291024377,51.1643986930187,116.39652173913,75.7896981850973,0.355652173913043,0.0581395348837209,0.45906976744186,0,0.0290697674418605,0.0244186046511628,0,0,0,0.0104651162790698,0,0
"30","sample_00030","03.05.22","t5",30,21.328,0.62,99140.6466,2881.99554069767,113.915985841994,37.1427331809343,48.6231810531816,12.4475122847856,268.300655816925,164.151649003811,164.111428571429,127.994451405036,0.436071428571429,0.133255813953488,0.292093023255814,0,0,0.0581395348837209,0.0290697674418605,0,0.0783720930232558,0,0.0290697674418605,0
"31","sample_00031","03.05.22","t5",31,10.96,0.318604651162791,49167.87156,1429.29859186047,106.510806320571,45.7279391237658,43.5431226082395,15.765066631651,250.433453487269,193.592122822156,142.353333333333,149.45532728003,0.558,0.0723255813953488,0.151395348837209,0,0,0.0153488372093023,0,0,0.0581395348837209,0.0213953488372093,0,0
"32","sample_00032","03.05.22","t5",32,33.512,0.974186046511628,115551.15102,3359.0450877907,89.0651090709103,50.2416759268136,41.1907347593594,14.1121685885666,186.819820631658,130.268801558895,92.7642592592593,152.734569879361,0.742962962962963,0.0881395348837209,0.726976744186047,0,0.0290697674418605,0.0195348837209302,0,0,0,0.0286046511627907,0.0818604651162791,0
"33","sample_00033","03.05.22","t5",33,17.776,0.516744186046512,82597.0851,2401.07805523256,107.45819188056,52.2849943766206,43.2412999273114,14.5939026166568,260.692669151451,178.546987102447,125.828,88.261276852687,0.4944,0.14953488372093,0.218604651162791,0.0146511627906977,0,0,0,0.0872093023255814,0.0176744186046512,0,0.0290697674418605,0
"34","sample_00034","03.05.22","t5",34,16.928,0.492093023255814,79355.81988,2306.85522906977,108.897696871498,47.1977467064326,46.4060871452897,13.2202150286763,265.407188792594,175.894084046772,144.791153846154,163.7058193792,0.553461538461538,0.0965116279069767,0.297906976744186,0.0148837209302326,0,0.0209302325581395,0,0.0413953488372093,0,0,0.0204651162790698,0
"35","sample_00035","03.05.22","t5",35,17.944,0.521627906976744,87493.42818,2543.41360988372,118.450670671774,38.1682696356794,46.7290661310804,10.2539152753714,315.232894563039,195.717107971819,161.391818181818,117.15111399736,0.385454545454545,0.0374418604651163,0.285813953488372,0.0181395348837209,0.00697674418604651,0.0581395348837209,0,0.0683720930232558,0.0290697674418605,0,0.0176744186046512,0
"36","sample_00036","03.05.22","t5",36,18.816,0.546976744186046,80259.53202,2333.12593081395,108.901243104534,45.8383520055789,46.7864252438598,14.7308353277551,320.808841531585,226.089781909665,198.244230769231,184.767645764578,0.456923076923077,0.0872093023255814,0.133488372093023,0,0.0234883720930233,0.167674418604651,0,0.0190697674418605,0.0425581395348837,0.0153488372093023,0.0581395348837209,0
"37","sample_00037","03.05.22","t5",37,23.272,0.676511627906977,94645.0494,2751.3095755814,101.413768051299,41.7638793766262,43.4550695950669,13.2733299060795,226.762570872508,148.590417142784,137.769285714286,95.1252714768529,0.454285714285714,0.0493023255813953,0.423953488372093,0,0,0.0290697674418605,0.0290697674418605,0.0579069767441861,0.0290697674418605,0,0.0581395348837209,0
"38","sample_00038","03.05.22","t5",38,19.312,0.561395348837209,99450.71946,2891.00928662791,117.68015326749,57.5028511796085,48.5255184671578,15.481812664649,279.43148288324,216.809412400366,157.137916666667,212.786888816,0.617083333333333,0.138139534883721,0.267441860465116,0,0,0,0.0290697674418605,0.0516279069767442,0.0306976744186047,0.0444186046511628,0,0
"39","sample_00039","03.05.22","t5",39,11.264,0.327441860465116,42902.11656,1247.15455116279,111.590461032161,52.0189513911364,46.1392145910268,14.2253844492954,290.538274070126,233.074830912786,213.495333333333,248.25123558509,0.494,0.0458139534883721,0.122558139534884,0,0.0281395348837209,0.0497674418604651,0.0290697674418605,0,0.0344186046511628,0,0.0176744186046512,0
"40","sample_00040","03.05.22","t5",40,17.648,0.513023255813953,63053.57196,1832.95267325581,84.499344421386,35.6304482223843,40.4778394890919,15.0058495066747,218.893007507721,159.829041829686,85.7111538461538,109.16185745312,0.850384615384615,0.0962790697674419,0.276744186046512,0,0,0.0788372093023256,0,0,0,0.0611627906976744,0,0
"41","sample_00041","03.05.22","t5",41,10.4,0.302325581395349,62482.89618,1816.36326104651,142.354828050823,44.8783571179045,51.7436287991439,10.7678907376517,275.691531207677,220.162066450324,175.24,189.119474503192,0.346666666666667,0.0872093023255814,0.106511627906977,0,0,0.0493023255813953,0,0,0.0290697674418605,0,0.0302325581395349,0
"42","sample_00042","03.05.22","t5",42,28.232,0.820697674418605,119545.88148,3475.17097325581,106.137850606189,47.3249013569612,42.9820839426137,14.3602814473516,271.958634513172,191.107199566493,175.399677419355,174.67213369594,0.459032258064516,0.146744186046512,0.463953488372093,0,0,0.0581395348837209,0,0,0.151860465116279,0,0,0
"43","sample_00043","03.05.22","t5",43,9.608,0.279302325581395,33034.635,960.309156976744,86.4823314315722,58.6124653366273,38.2851715738699,16.3404109142436,254.232069411926,200.253352477619,127.300769230769,163.284155256082,0.658461538461538,0.112093023255814,0.0290697674418605,0.0493023255813953,0,0.00813953488372093,0,0,0.0516279069767442,0,0.0290697674418605,0
"44","sample_00044","03.05.22","t5",44,23.632,0.686976744186047,88606.82988,2575.77993837209,101.014591021969,34.8124394960883,42.4346593220544,11.4097508914384,239.679576410746,172.160084683596,155.662666666667,173.423978792524,0.410333333333333,0.112325581395349,0.469767441860465,0,0,0.0290697674418605,0,0.0581395348837209,0.0176744186046512,0,0,0
"45","sample_00045","03.05.22","t5",45,25.544,0.742558139534884,116405.262,3383.87389534884,100.603734615893,47.1864305052209,44.9614920735646,15.4527834264921,263.640263063282,162.65437911048,142.049189189189,156.061416371504,0.495405405405405,0.181395348837209,0.364883720930233,0,0,0.0904651162790698,0.0246511627906977,0.0688372093023256,0,0.0123255813953488,0,0
"46","sample_00046","03.05.22","t5",46,8.616,0.25046511627907,31057.67448,902.839374418605,108.925119376941,43.7366408360054,40.3933769956311,11.4966043484845,491.877326239384,293.70494080661,275.603,292.354340904245,0.316,0,0.0872093023255814,0,0,0,0,0,0.0853488372093023,0,0.0197674418604651,0.0581395348837209
"47","sample_00047","03.05.22","t5",47,12.52,0.363953488372093,62217.963,1808.66171511628,133.911996238095,45.7272977294229,46.3034437513436,12.9777467227792,213.335541284165,100.641584061047,124.654,72.7642056626353,0.397333333333333,0.0683720930232558,0.174418604651163,0,0,0,0,0,0,0,0.121162790697674,0
"48","sample_00048","03.05.22","t5",48,8.088,0.235116279069767,30816.88578,895.839702906977,105.307896409526,31.3890124416996,42.0229386933168,9.12416259099494,407.428527473372,202.313294006784,261.129090909091,212.864904690959,0.379090909090909,0,0.0846511627906977,0.0565116279069767,0,0.0290697674418605,0,0.00674418604651163,0.0290697674418605,0,0.0290697674418605,0
"49","sample_00049","03.05.22","t5",49,12.536,0.364418604651163,72064.44936,2094.89678372093,135.993755877251,47.3080687994566,46.8565907092817,9.83214139098934,355.425011365869,208.982578794897,285.755625,206.904993816607,0.190625,0.10953488372093,0.111162790697674,0.0290697674418605,0,0,0,0,0.0565116279069767,0,0.0581395348837209,0
"50","sample_00050","03.05.22","t5",50,7.856,0.228372093023256,29313.62946,852.14039127907,114.987739612191,23.5452540439648,42.7033859602864,5.71114220913702,459.916876696044,179.814096332898,296.773,158.765468681183,0.349,0,0.0872093023255814,0.0581395348837209,0,0,0,0.0286046511627907,0.0544186046511628,0,0,0
"51","sample_00051","03.05.22","t5",51,17.592,0.511395348837209,92202.52032,2680.30582325581,128.725174747719,42.2619376524554,46.8711240215079,13.7179212161018,266.064283642612,165.094766212014,153.404736842105,150.478480165712,0.385789473684211,0.0718604651162791,0.173953488372093,0.0232558139534884,0,0.0290697674418605,0.0290697674418605,0.0290697674418605,0.0969767441860465,0,0.0581395348837209,0
"52","sample_00052","03.05.22","t5",52,11.312,0.328837209302326,44454.7116,1292.28812790698,119.945256433759,29.2707059306713,43.9863307621331,6.25915745126443,727.3264123941,415.254572435721,663.948666666667,462.500165017216,0.226666666666667,0,0.0872093023255814,0.0872093023255814,0,0,0,0.0627906976744186,0.0916279069767442,0,0,0
"53","sample_00053","03.05.22","t5",53,16.088,0.467674418604651,76233.96486,2216.10362965116,109.913972518324,45.6651411911407,50.1622977995814,14.9460746078618,317.193658925791,182.466298654781,239.391,194.535101930623,0.3085,0.174418604651163,0.0827906976744186,0.0267441860465116,0,0.0790697674418605,0.0290697674418605,0.0104651162790698,0.036046511627907,0,0.0290697674418605,0
"54","sample_00054","03.05.22","t5",54,9.336,0.271395348837209,50463.14418,1466.95186569767,142.117416052786,61.0790137385292,46.1372271734606,4.59016729825615,573.332220331391,430.996051275625,481.872142857143,448.616135828644,0.250714285714286,0,0.118372093023256,0,0,0,0,0.0590697674418605,0.0397674418604651,0,0.0541860465116279,0
"55","sample_00055","03.05.22","t5",55,26.632,0.774186046511628,108772.98192,3162.00528837209,95.8723957675715,41.3643591250963,43.9724882700264,13.7781478344451,244.748260851046,194.729433252505,148.658461538462,160.816338910972,0.541025641025641,0.114883720930233,0.376744186046512,0.0225581395348837,0.0274418604651163,0.141860465116279,0.0290697674418605,0,0.0523255813953488,0.00930232558139535,0,0
"56","sample_00056","03.05.22","t5",56,1,0.0290697674418605,3099.02274,90.0878703488372,93.1021776,NA,42.0862716,NA,123.878,NA,3.67,NA,0.99,0,0.0290697674418605,0,0,0,0,0,0,0,0,0
"57","sample_00057","03.05.22","t5",57,0.672,0.0195348837209302,2494.36098,72.5104936046512,102.93885,13.9478479340745,44.9297959821428,1.77293703995846,96.390625,26.0208982023246,42.69,36.0624458405139,0.79,0,0.0195348837209302,0,0,0,0,0,0,0,0,0
"58","sample_00058","03.05.22","t5",58,1.96,0.0569767441860465,7046.64522,204.844337790698,98.0572268832377,16.3858583035025,44.1216193862881,4.52545531239103,97.6925613611195,14.9642509461916,25.9233333333333,22.6350046020171,0.73,0,0.0569767441860465,0,0,0,0,0,0,0,0,0
"59","sample_00059","03.05.22","t5",59,0,0,0,0,NA,NA,NA,NA,NA,NA,NA,NA,NA,0,0,0,0,0,0,0,0,0,0,0
"60","sample_00060","03.05.22","t5",60,1.224,0.0355813953488372,1666.62522,48.4484075581395,52.8514817193676,9.66019686362404,28.1748105025409,3.00962805033868,152.781064663185,50.8662519556088,18.6166666666667,8.4374719752621,1.13666666666667,0.00697674418604651,0.0286046511627907,0,0,0,0,0,0,0,0,0
"61","sample_00061","03.05.22","t5",61,6.2,0.180232558139535,36168.8247,1051.41932267442,118.961040774057,52.6282696197701,47.7367589913847,16.0328700454546,264.762869558878,264.43519634005,169.237272727273,201.560010125566,0.41,0.0251162790697674,0.076046511627907,0,0,0,0.00976744186046512,0.0290697674418605,0.0111627906976744,0,0.0290697674418605,0
"62","sample_00062","03.05.22","t5",62,9.656,0.280697674418605,34427.14164,1000.78900116279,83.1833878168575,43.652392061437,37.9295527293532,17.2639876258931,156.069031754253,54.1936904329892,93.5514285714286,82.4486518858993,0.513571428571429,0.0469767441860465,0.22906976744186,0,0,0,0,0,0,0.00465116279069767,0,0
"63","sample_00063","03.05.22","t5",63,13.424,0.390232558139535,73098.20052,2124.94768953488,118.653314082329,63.2249887838078,47.3489841749521,15.930621492853,257.258369483437,296.353822024165,171.376842105263,321.063151092544,0.668947368421053,0.0872093023255814,0.234186046511628,0.0213953488372093,0,0,0,0,0.00883720930232558,0.0258139534883721,0.0127906976744186,0
"64","sample_00064","03.05.22","t5",64,8.192,0.238139534883721,33389.45388,970.623659302326,103.513161740364,35.8201362833364,44.6817100832135,9.12759254929195,254.406717703389,272.659562361279,165.65,292.869429268403,0.573333333333333,0.0290697674418605,0.162790697674419,0.01,0,0.0290697674418605,0,0,0.0072093023255814,0,0,0
"65","sample_00065","03.05.22","t5",65,10.408,0.302558139534884,38251.81098,1111.9712494186,97.4149049669516,45.2940316938631,37.5835362213743,14.491627927572,237.841407418421,229.310663159683,177.778571428571,245.009850943469,0.555714285714286,0.083953488372093,0.148837209302326,0,0,0.0109302325581395,0,0,0.0209302325581395,0.00883720930232558,0.0290697674418605,0
"66","sample_00066","03.05.22","t5",66,13.448,0.39093023255814,51389.55738,1493.88248197674,100.389959676641,41.0661731809467,38.7883652605867,16.3507821910053,418.672361834677,342.426822483,334.920454545455,358.388983454693,0.493181818181818,0,0.00837209302325581,0,0,0.0946511627906977,0,0.0786046511627907,0.0104651162790698,0.129302325581395,0.0695348837209302,0
"67","sample_00067","03.05.22","t5",67,17.64,0.512790697674419,82276.2522,2391.75151744186,97.370534681807,47.1222950909705,44.8340293417767,13.6376329752483,265.212668330713,194.729372145239,106.387741935484,131.233907221919,0.719032258064516,0.0581395348837209,0.242790697674419,0.0455813953488372,0,0.0872093023255814,0,0.0290697674418605,0,0.0209302325581395,0.0290697674418605,0
"68","sample_00068","03.05.22","t5",68,19.44,0.565116279069767,102996.28386,2994.07801918605,111.506050960987,61.1838602323046,45.9734042806224,17.3712996534372,207.764631065392,131.933570470893,87.9965384615385,73.3060795264517,0.528461538461538,0.126744186046512,0.261395348837209,0,0.0134883720930233,0.0290697674418605,0.0290697674418605,0.0183720930232558,0.0290697674418605,0.0288372093023256,0.0290697674418605,0
"69","sample_00069","03.05.22","t5",69,34.08,0.990697674418605,137157.96744,3987.15021627907,101.156940358723,42.7521568969856,43.3416006992329,13.3525366822428,258.085503933582,188.539431065008,168.26625,140.278365927681,0.37625,0.132790697674419,0.584418604651163,0,0,0.124418604651163,0,0.0351162790697674,0.0572093023255814,0,0.0567441860465116,0
"70","sample_00070","03.05.22","t5",70,34.464,1.00186046511628,155303.20026,4514.62791453488,107.881457730044,42.9275567004123,43.7003278322669,13.2199956213567,243.569109477796,247.863525047432,149.9775,236.222810512412,0.534166666666667,0.21953488372093,0.578604651162791,0,0,0.0290697674418605,0,0.0353488372093023,0.0751162790697674,0.00604651162790698,0.0581395348837209,0
"71","sample_00071","03.05.22","t5",71,1,0.0290697674418605,3802.0995,110.526148255814,118.5479712,NA,41.0086152,NA,247.856,NA,135.12,NA,0.09,0,0.0290697674418605,0,0,0,0,0,0,0,0,0
"72","sample_00072","03.05.22","t5",72,4.256,0.123720930232558,17534.53494,509.724852906977,99.0294188175,39.9540790832816,40.750310655,17.1791347045573,144.192575,45.4559717834535,103.434,81.5670449998037,0.492,0,0.116279069767442,0,0,0,0,0,0,0.00744186046511628,0,0
"73","sample_00073","03.05.22","t5",73,2.376,0.0690697674418605,10790.74548,313.684461627907,108.069034289362,22.3105972435909,48.8959202297872,5.98864040347202,183.172921985816,12.6354319511731,117.046666666667,80.8207809497863,0.486666666666667,0,0.0690697674418605,0,0,0,0,0,0,0,0,0
"74","sample_00074","03.05.22","t5",74,3,0.0872093023255814,17332.32492,503.846654651163,129.9526416,33.9160877013101,54.5021028,13.5510040957355,395.440666666667,378.936339478458,255.05,317.394609752592,0.283333333333333,0,0.0581395348837209,0,0,0,0,0.0290697674418605,0,0,0,0
"75","sample_00075","03.05.22","t5",75,1.264,0.0367441860465116,6913.45692,200.972584883721,86.9407412727273,64.4746846448997,40.3251907090909,35.0904694327391,284.219666666667,250.155051598448,71.895,49.674251378355,1.03,0,0,0,0,0.0290697674418605,0,0,0,0.00767441860465116,0,0
"76","sample_00076","03.05.22","t5",76,1.68,0.0488372093023256,4989.11562,145.032430813954,87.0180823044372,8.31572764613139,41.9352341724462,2.84336339356897,165.787979705267,44.4539087138385,86.1725,81.6385559953139,0.495,0,0.0488372093023256,0,0,0,0,0,0,0,0,0
"77","sample_00077","03.05.22","t5",77,5.056,0.146976744186047,19322.8011,561.709334302326,89.2894865110033,41.3001537218645,39.9085368387333,17.5032670806721,208.29294486465,145.949479966632,50.85375,44.9307088550168,0.8375,0,0.0613953488372093,0,0,0,0.0290697674418605,0.0281395348837209,0,0.0283720930232558,0,0
"78","sample_00078","03.05.22","t5",78,1,0.0290697674418605,2513.91276,73.0788593023256,82.6086923999999,NA,38.5962408,NA,106.628,NA,7.39,NA,0.98,0,0.0290697674418605,0,0,0,0,0,0,0,0,0
"79","sample_00079","03.05.22","t5",79,2.24,0.0651162790697675,4709.61702,136.907471511628,56.9110427106732,38.0682618927166,26.9527015095224,13.6725512954021,139.232642544603,37.1945493019478,62.7975,70.1188511861587,0.9075,0.00744186046511628,0.0290697674418605,0,0,0,0,0,0,0.0286046511627907,0,0
"80","sample_00080","03.05.22","t5",80,3.056,0.0888372093023256,13502.40678,392.511825,122.390727963989,22.1282887542168,46.9023900244449,8.07815608694764,545.754067794821,632.577754665673,508.551666666667,642.79120091727,0.311666666666667,0,0.0683720930232558,0,0,0,0,0.0204651162790698,0,0,0,0
"81","sample_00081","03.05.22","t5",81,5.456,0.158604651162791,13545.44694,393.76299244186,77.9597509156054,48.1751444806564,33.6273273629187,14.8758236946102,352.170367085381,340.026241770109,289.205555555556,369.014878226851,0.575555555555556,0.0553488372093023,0.0597674418604651,0.0144186046511628,0,0,0,0.0227906976744186,0.00627906976744186,0,0,0
"82","sample_00082","03.05.22","t5",82,10.864,0.315813953488372,61884.13932,1798.95753837209,136.256662021404,38.3127673240497,52.617946833883,10.7267847673648,349.375413818219,279.079239033962,278.441538461538,286.82262767682,0.269230769230769,0.0827906976744186,0.132093023255814,0,0,0.027906976744186,0,0.0290697674418605,0.0290697674418605,0,0.0148837209302326,0
"83","sample_00083","03.05.22","t5",83,10.728,0.311860465116279,49752.45666,1446.29234476744,117.654553860997,47.3284624448593,47.9307743539642,12.0118507969859,402.317460795243,372.670863277595,309.045,350.801860871503,0.335833333333333,0.0581395348837209,0.174418604651163,0,0,0.0448837209302326,0,0,0.0344186046511628,0,0,0
"84","sample_00084","03.05.22","t5",84,12.216,0.355116279069767,59734.23084,1736.46019883721,111.657838000418,58.6459818414706,46.634655659227,13.9218867799596,258.674532619693,192.514935897977,100.544117647059,105.395258791538,0.704705882352941,0.037906976744186,0.162790697674419,0,0,0.0290697674418605,0,0.0293023255813953,0.0581395348837209,0.00883720930232558,0.0290697674418605,0
"85","sample_00085","03.05.22","t5",85,10.696,0.31093023255814,50216.97546,1459.79579825581,116.157785391672,41.6138122408499,46.8156776917978,12.4729818269729,379.921074802897,217.410582537679,278.739285714286,240.564617593511,0.410714285714286,0.0872093023255814,0.116279069767442,0.0134883720930233,0,0.0467441860465116,0,0,0.0181395348837209,0,0.0290697674418605,0
"86","sample_00086","03.05.22","t5",86,10.712,0.311395348837209,44851.91454,1303.834725,106.631206112746,48.2042740708512,42.1854221606786,15.1665359551659,266.18131192673,221.816030312925,198.015,213.623919315806,0.324285714285714,0.0893023255813954,0.152558139534884,0.0290697674418605,0.00581395348837209,0,0.01,0,0.0246511627906977,0,0,0
"87","sample_00087","03.05.22","t5",87,17.752,0.516046511627907,53150.26734,1545.06591104651,85.5087757568587,48.6882718157321,35.6595596166689,14.4073744900747,287.398429253286,270.740894661763,226.955238095238,260.148556014041,0.402857142857143,0.167906976744186,0.268139534883721,0,0,0,0,0.012093023255814,0.067906976744186,0,0,0
"88","sample_00088","03.05.22","t5",88,8.824,0.256511627906977,51297.30972,1491.20086395349,121.252234696465,79.9490761141303,46.003401168932,18.1132094298211,288.263856544331,193.50584467289,163.074166666667,174.159864464094,0.671666666666667,0.0581395348837209,0.0772093023255814,0,0,0.0683720930232558,0,0,0.0158139534883721,0.00790697674418605,0.0290697674418605,0
"89","sample_00089","03.05.22","t5",89,14.32,0.416279069767442,61621.83054,1791.33228313954,109.087609450674,43.9133982254785,43.6838438918281,16.1955030039354,388.190677135514,334.529550065016,228.352857142857,324.507971291043,0.471904761904762,0.00744186046511628,0.198372093023256,0,0.026046511627907,0.0290697674418605,0,0.06,0.0655813953488372,0.0297674418604651,0,0
"90","sample_00090","03.05.22","t5",90,24.104,0.700697674418605,102224.57904,2971.64473953488,106.698659081497,29.1707059484421,44.9294098541219,9.89916108192519,247.543172882576,190.053664351222,161.950285714286,174.405207769077,0.534285714285714,0.063953488372093,0.473023255813953,0.0304651162790698,0,0.0918604651162791,0,0,0.0223255813953488,0.00651162790697674,0.0125581395348837,0
"91","sample_00091","03.05.22","t5",91,23.464,0.682093023255814,116972.91972,3400.37557325581,126.671175408987,37.6666992035291,47.0798109868361,9.78686638009133,322.879562436586,318.874176336358,236.473666666667,316.594480570131,0.360666666666667,0.0802325581395349,0.384186046511628,0,0,0.0290697674418605,0,0.0290697674418605,0.0555813953488372,0,0.103953488372093,0
"92","sample_00092","03.05.22","t5",92,14.952,0.434651162790698,74799.07416,2174.39169069767,132.385780115255,51.0786035643692,48.9145372518654,13.6105140402667,271.502303135404,183.203502477393,197.098,177.108367706269,0.3385,0.101162790697674,0.150232558139535,0,0,0.0434883720930233,0.0581395348837209,0,0.0306976744186047,0,0.0509302325581395,0
"93","sample_00093","03.05.22","t5",93,13.12,0.381395348837209,68217.9975,1983.08132267442,110.507172195483,72.4222551695354,40.8429232336262,20.6872402369494,252.771699999525,167.90503416902,178.52,150.103278711692,0.23,0.224651162790698,0.0986046511627907,0.0290697674418605,0,0.0290697674418605,0,0,0,0,0,0
"94","sample_00094","03.05.22","t5",94,15.368,0.446744186046512,82113.93306,2387.0329377907,113.6644108931,58.661967061434,45.39501207232,17.2141875019322,250.393175402095,174.479741232977,160.9035,167.192466472027,0.451,0.21093023255814,0.101395348837209,0,0,0.0581395348837209,0.0290697674418605,0,0.0181395348837209,0,0.0290697674418605,0
"95","sample_00095","03.05.22","t5",95,21.696,0.630697674418605,134362.58778,3905.88917965116,135.69934700227,45.5905344855047,54.3517946927748,11.6373458120745,292.208646272899,163.110889116901,205.625517241379,140.47412246659,0.369310344827586,0.146976744186047,0.300232558139535,0.0290697674418605,0,0.0490697674418605,0,0.0288372093023256,0.0183720930232558,0,0.0581395348837209,0
"96","sample_00096","03.05.22","t5",96,10.96,0.318604651162791,67105.12068,1950.73025232558,133.898135312674,39.069829934574,54.3532342884614,7.58981120966354,395.274920944227,188.09701584845,222.345714285714,126.552059626086,0.360714285714286,0.145348837209302,0.0290697674418605,0.0125581395348837,0,0.087906976744186,0,0.0234883720930233,0.0202325581395349,0,0,0
"97","sample_00097","03.05.22","t5",97,25.664,0.746046511627907,179407.39572,5215.33127093023,124.360815634204,71.7523192941523,49.3594462623667,19.7623434070513,313.511538128468,250.816195313658,218.547894736842,248.479989831776,0.452894736842105,0.212790697674419,0.301395348837209,0.017906976744186,0,0.052093023255814,0,0.0113953488372093,0.0741860465116279,0.0355813953488372,0.0406976744186046,0
"98","sample_00098","03.05.22","t5",98,9.16,0.266279069767442,72734.06502,2114.36235523256,118.508985795706,168.81018609442,35.3363403787263,23.1623990140233,178.730106621511,103.115595337313,97.3884615384615,93.3253950653442,0.506153846153846,0.0786046511627907,0.10093023255814,0,0.0286046511627907,0,0,0.0290697674418605,0,0.0290697674418605,0,0
"99","sample_00099","03.05.22","t5",99,12.472,0.362558139534884,69917.03406,2032.47192034884,114.805262965221,63.7372278110087,43.8223627275232,18.2161387954654,339.444609392559,313.774374135331,227.831111111111,272.931124491766,0.412222222222222,0.171162790697674,0.125348837209302,0,0.00558139534883721,0.00651162790697674,0,0,0.053953488372093,0,0,0
"100","sample_00100","03.05.22","t5",100,15.04,0.437209302325581,65644.37964,1908.26685,103.699448267869,65.0992969101253,38.4756499532621,17.8183748994582,291.252563364702,291.983687360848,224.949444444444,306.378361113341,0.466666666666667,0.187674418604651,0.151395348837209,0,0.0288372093023256,0,0,0,0.0627906976744186,0.00651162790697674,0,0
"101","sample_00101","03.05.22","t5",101,4.664,0.135581395348837,20477.01222,595.261983139535,120.250676709877,46.5798391741048,46.53150031511,16.8936083755798,455.959600629058,360.393772552538,215.134285714286,196.336431485783,0.56,0,0.0653488372093023,0,0,0,0,0.0351162790697674,0.00930232558139535,0.0258139534883721,0,0
"102","sample_00102","03.05.22","t5",102,18.416,0.535348837209302,76947.14556,2236.83562674419,103.245825645384,60.2160383824255,42.7245471528829,16.4226283882976,241.337978864867,159.792503512234,154.42,149.877508594881,0.459166666666667,0.227441860465116,0.20953488372093,0.0251162790697674,0,0.0432558139534884,0,0,0.03,0,0,0
"103","sample_00103","03.05.22","t5",103,4.352,0.126511627906977,18370.93122,534.038698255814,102.400087182527,28.7872418562693,43.8471298886808,16.1445494916097,217.232030973714,211.666285505271,67.6833333333333,68.7544781571838,0.726666666666667,0,0.0858139534883721,0,0,0,0,0.0290697674418605,0,0.0116279069767442,0,0
"104","sample_00104","03.05.22","t5",104,19.696,0.572558139534884,59107.13046,1718.23053662791,80.9788507484565,49.6826183651283,36.1972125543827,16.6975787659453,196.235604916627,150.200474164641,102.526538461538,116.093352641478,0.557307692307692,0.137209302325581,0.256279069767442,0.0202325581395349,0.132558139534884,0.00953488372093023,0,0,0,0,0.0167441860465116,0
"105","sample_00105","03.05.22","t5",105,1.896,0.0551162790697674,8510.14188,247.387845348837,107.050315258929,9.72370641041485,52.7976535982143,9.75119258539064,150.100633928571,32.4072214849586,50.415,57.1554411233086,0.54,0,0.0551162790697674,0,0,0,0,0,0,0,0,0
"106","sample_00106","03.05.22","t5",106,9.696,0.281860465116279,36492.54444,1060.82978023256,117.74597003413,57.5522986263815,37.1384871693045,14.6212071680355,567.131099967592,431.883888288476,492.251875,447.384928180327,0.53375,0.0872093023255814,0,0,0,0.0118604651162791,0,0.0465116279069768,0.0434883720930233,0.0581395348837209,0.0346511627906977,0
"107","sample_00107","03.05.22","t5",107,5.136,0.149302325581395,28839.79404,838.366105813954,121.004978920718,45.5989370325313,48.1801290539613,17.0512386893915,412.03696537999,365.551796897934,187.115555555556,206.365430008947,0.718888888888889,0,0.0579069767441861,0,0,0,0,0.0688372093023256,0.0162790697674419,0.00627906976744186,0,0
"108","sample_00108","03.05.22","t5",108,4.8,0.13953488372093,23771.1591,691.022066860465,102.049490536221,62.2425931583552,38.9511509292343,20.6317401746586,229.630300364854,251.782729311674,143.482222222222,269.370145096751,0.846666666666667,0.0527906976744186,0.0304651162790698,0,0.0151162790697674,0,0,0,0.0327906976744186,0.00837209302325581,0,0
"109","sample_00109","03.05.22","t5",109,2.792,0.0811627906976744,11541.4551,335.507415697674,128.107033632709,18.0682497349078,47.7316136518227,6.18786517980277,757.340225722664,533.047774439212,665.704,551.203361863841,0.21,0,0.0581395348837209,0,0,0,0,0,0.0230232558139535,0,0,0
"110","sample_00110","03.05.22","t5",110,23.232,0.675348837209302,85764.99834,2493.16855639535,90.4577837522939,46.2513695176186,41.4308098019768,17.0439041931409,220.712929853939,174.580745964394,141.196875,162.016488516477,0.61125,0.126976744186047,0.273720930232558,0,0,0.0872093023255814,0.0290697674418605,0.0113953488372093,0.0446511627906977,0.0283720930232558,0.073953488372093,0
