"","p_value","delta_AIC"
"1",0.0030226022281592,-7.60327430732423
"2",0.00235867433112531,-8.0993110837403
"3",0.00640711568614414,-6.10069216055444
"4",0.00311395296742209,-7.54372461854791
"5",0.00218315339534185,-8.25396987149315
"6",0.0041424388194793,-6.9729411555154
"7",0.00207714447469453,-8.35352235438722
"8",0.00314507162824791,-7.52383722762306
"9",0.0149903850414953,-4.40069256128027
"10",0.00290633409167015,-7.68172550855797
"11",0.00211837298536101,-8.31421388936315
"12",0.00740235184543838,-5.81191502462798
"13",0.00351551297478676,-7.30113965118926
"14",0.00735166610709419,-5.82565662041679
"15",0.00611968338758029,-6.19248983570333
"16",0.00410964749966644,-6.98883604131333
"17",0.00353040026818232,-7.29268804809044
"18",0.00203564835069894,-8.39388182195535
"19",0.00951124908530448,-5.3105601332868
"20",0.00166646687410241,-8.79409907588069
"21",0.0013618942411527,-9.19775744787466
"22",0.0049144037603558,-6.63116968588793
"23",0.0027121477188408,-7.82002888357647
"24",0.0035608815445917,-7.27549427977374
"25",0.00229088294453262,-8.1576359408582
"26",0.00355011932959088,-7.28154812418097
"27",0.00345680143300782,-7.33482311759826
"28",0.0035851296363577,-7.26192128963021
"29",0.00406766880846026,-7.00937043591921
"30",0.00490670471351517,-6.63430540053287
"31",0.00878774908161722,-5.46879335451013
"32",0.00163365741776775,-8.83386792634928
"33",0.00412004168394714,-6.98378399641797
"34",0.00640440486570462,-6.10153853018528
"35",0.00133547985781039,-9.23692921532347
"36",0.0044167178791357,-6.84471684001846
"37",0.0152787734642607,-4.36258153825838
"38",0.0130090962390306,-4.68421291101868
"39",0.0111312309927381,-4.99600103697276
"40",0.000720288824967164,-10.4717165612078
"41",0.0111973496059455,-4.9841563420232
"42",0.00219481561746959,-8.24331447427221
"43",0.00956452147115487,-5.29938941298815
"44",0.0057644864510802,-6.31207841940159
"45",0.00463671748726425,-6.74749720237196
"46",0.00457447239161009,-6.77452782228647
"47",0.0138868523160396,-4.55362552602583
"48",0.00509188834018724,-6.56021305401191
"49",0.00214188583909795,-8.29213720956614
"50",0.00760392019475594,-5.75818269915453
"51",0.00835480165990646,-5.5698377126123
"52",0.00555955403616486,-6.38447476651891
"53",0.00435104107954485,-6.87468026777015
"54",0.0131226885184515,-4.66682519778806
"55",0.00336342039916347,-7.38959369370332
"56",0.00334807709748963,-7.39873819739205
"57",0.00444824218199896,-6.83049255224842
"58",0.00102655154722743,-9.76310021255131
"59",0.00308410614112404,-7.56298681433282
"60",0.00107372833764579,-9.67323651871038
"61",0.00110049071940784,-9.62399818020413
"62",0.00467444244299429,-6.73129077376916
"63",0.00522422580251904,-6.50889732775295
"64",0.0027193869789737,-7.81469759890479
"65",0.00307339149219609,-7.56994721310548
"66",0.00522622885823037,-6.50813064121121
"67",0.00311787229300329,-7.54120893434037
"68",0.00161557646489483,-8.85612688357924
"69",0.0164851016537332,-4.21059647207858
"70",0.00562823817688859,-6.3599176412763
"71",0.00113422439061604,-9.56361243585707
"72",0.0023209491704931,-8.13155810352055
"73",0.0022699486933597,-8.17599609957688
"74",0.00562825611975422,-6.35991126527142
"75",0.00467283179279704,-6.73198002292247
"76",0.00167681393441048,-8.78171950750266
"77",0.00492655537952546,-6.62623048222986
"78",0.00408630618204258,-7.0002277019471
"79",0.00977829284780408,-5.25518073122248
"80",0.00409421167381308,-6.99636217931356
"81",0.00701979285994395,-5.9180431370205
"82",0.00833045680229567,-5.57567397219236
"83",0.000905761975181497,-10.0134680139772
"84",0.0144260128853613,-4.47744450339405
"85",0.00366868572719421,-7.21584358706878
"86",0.00474293824119725,-6.70219690642716
"87",0.00241518013806878,-8.05196280665314
"88",0.00162678750612775,-8.84229612798072
"89",0.00496594875312055,-6.61030182299646
"90",0.00642717529337888,-6.09444027687778
"91",0.00212432528408473,-8.30860208079139
"92",0.00509301146762882,-6.55977195887408
"93",0.00568077463393866,-6.34133535266665
"94",0.00990961482184281,-5.22849959803989
"95",0.00222443572900515,-8.21650400093722
"96",0.00518448347300594,-6.52417012348224
"97",0.012218046357503,-4.80968242112885
"98",0.00794530719657701,-5.67034762868843
"99",0.00350139201394533,-7.30918934257124
"100",0.00598457906666304,-6.23713854766038
"101",0.00203504212619442,-8.3944775189384
"102",0.00277722265249608,-7.77260779304652
"103",0.00405055236447567,-7.01780404174633
"104",0.00680331245175223,-5.98069132029877
"105",0.00524619130888927,-6.50050586125826
"106",0.0076357597604848,-5.74982567009647
"107",0.00278728781574809,-7.76537253000834
"108",0.00557417571776678,-6.37922165176542
"109",0.00648189659578066,-6.07748425381533
"110",0.0073207057913263,-5.83409707215378
"111",0.00434945404225958,-6.87540989856961
"112",0.00425684955540469,-6.91845186656201
"113",0.0069076784766247,-5.95024332681578
"114",0.00306931058337584,-7.5726046165546
"115",0.00109100669328467,-9.64130887430065
"116",0.00353673215566515,-7.28910419608519
"117",0.00112775888415607,-9.5750458078719
"118",0.00301063056382423,-7.61121146503729
"119",0.00163470408763754,-8.8325869543346
"120",0.00103962030230309,-9.73779945286242
"121",0.00142809789651097,-9.10282372486972
"122",0.0078856647181844,-5.68541752102328
"123",0.00162073927908511,-8.84974577743469
"124",0.00215677451540165,-8.27828290649268
"125",0.00227227812155804,-8.17394474591492
"126",0.00292321485120934,-7.67014258378094
"127",0.00422976129104232,-6.93121943978804
"128",0.00524295268330022,-6.50174090034034
"129",0.0132807998404666,-4.64287181559348
"130",0.00234279826490573,-8.11281844871201
"131",0.00334576248619039,-7.40012132667835
"132",0.00309366860109765,-7.55679528549945
"133",0.00561086033793418,-6.36610242657025
"134",0.00358507991237295,-7.2619490288389
"135",0.00526822134337263,-6.49212495879647
"136",0.00502231446826392,-6.58772880414836
"137",0.00121489166177218,-9.42620074686192
"138",0.00574095463669649,-6.32025953893162
"139",0.00429825786105312,-6.89909097393956
"140",0.00107026423633507,-9.67969942229911
"141",0.00159011492980319,-8.88789796493438
"142",0.00172191257146395,-8.72863929154619
"143",0.00627433271901157,-6.14257627843699
"144",0.000720897564736529,-10.4700270092944
"145",0.00147500178665833,-9.0381921557946
"146",0.00371175918406117,-7.19249868229235
"147",0.00308720803959699,-7.56097628714633
"148",0.00364036574333404,-7.23134224688647
"149",0.00355032607822298,-7.28143165338497
"150",0.00313699632892672,-7.52897904004794
"151",0.00475418236473473,-6.69746110101505
"152",0.00748074317801562,-5.79084627316297
"153",0.00207675488944673,-8.35389750574723
"154",0.00824077567499501,-5.59732160835256
"155",0.00496953525750939,-6.60885790560269
"156",0.00218393172263759,-8.25325696823347
"157",0.00450312773060771,-6.80596614479191
"158",0.00236359859901222,-8.09513998245529
"159",0.00686379265641345,-5.9629902493034
"160",0.00330248142399024,-7.42616229283249
"161",0.0020449777732028,-8.38473671679185
"162",0.00513728355130009,-6.54246166236226
"163",0.00439876686624795,-6.85286207001673
"164",0.000729665797039613,-10.4458478818487
"165",0.00490007189417593,-6.63701080338478
"166",0.00165992579350186,-8.80196476064521
"167",0.00156732141831996,-8.91677443930803
"168",0.00126201637784116,-9.35008907452038
"169",0.000931446915327271,-9.9575427158461
"170",0.00501862241744227,-6.58919960354888
"171",0.00149749132644197,-9.00792804003368
"172",0.00502967821385116,-6.58479854061261
"173",0.0023928881418013,-8.07050843013531
"174",0.00563054173734842,-6.35909923625923
"175",0.00216045672516444,-8.27487126560482
"176",0.00207643685664869,-8.35420380780897
"177",0.00562274858324778,-6.36186932576175
"178",0.00569282857599337,-6.33709608166509
"179",0.00270593250038048,-7.82461738794336
"180",0.0051373721654488,-6.54242716421413
"181",0.0044417466387493,-6.83341518557745
"182",0.00159262967359876,-8.88473749228297
"183",0.00525588203929753,-6.4968148822154
"184",0.00525679314775881,-6.49646821176384
"185",0.00211563264717401,-8.31680277450641
"186",0.0015992506524142,-8.87644020336802
"187",0.00654590403739138,-6.05783152548611
"188",0.00210680821731502,-8.32516233997057
"189",0.00280735876969045,-7.75102235453733
"190",0.00745366274667721,-5.79809944711724
"191",0.00549777532054498,-6.40682351148871
"192",0.00437890968327396,-6.86191103268311
"193",0.00530109110401128,-6.47968522186147
"194",0.00583000136333314,-6.28947608954377
"195",0.00308016211860415,-7.56554609494287
"196",0.0027147484258411,-7.81811198144305
"197",0.0041908754331385,-6.94969126589694
"198",0.00213675495913865,-8.29693395008326
"199",0.00233237031101731,-8.12174045527718
"200",0.00212274978863349,-8.31008592131366
"201",0.00240672850153019,-8.05897384383798
"202",0.0057548405658473,-6.31542788156139
"203",0.00297587108823288,-7.63443696015111
"204",0.00997467879672065,-5.21541103510935
"205",0.0063637557187301,-6.11427310821318
"206",0.00162354158416229,-8.84629070570418
"207",0.00444320126459734,-6.83276031359537
"208",0.00228154558502802,-8.16580435501601
"209",0.00279031714909058,-7.76320003220007
"210",0.00218154627707195,-8.25544270441469
"211",0.00916872998494427,-5.38391299807972
"212",0.00349924349856963,-7.31041695422982
"213",0.00255420072292084,-7.94003186573991
"214",0.00769497886613155,-5.73437451627342
"215",0.00465644523596377,-6.73900589368805
"216",0.00242511231596563,-8.04375487960624
"217",0.00161953836933587,-8.85122825509188
"218",0.00513018810439272,-6.5452259058975
"219",0.00293001828758438,-7.66549322895253
"220",0.0010328448276278,-9.75087663079285
"221",0.00536855407295784,-6.45439333375043
"222",0.00481921235232397,-6.67028955330761
"223",0.00438980213783254,-6.8569422480391
"224",0.00365259893231635,-7.22463265702845
"225",0.00348936426643748,-7.3160714359492
"226",0.00145508677150684,-9.06537948672485
"227",0.00864322372005325,-5.50195930001928
"228",0.00146776496323897,-9.04802893678743
"229",0.00150806455939933,-8.99385639807997
"230",0.00589193921808952,-6.26834019288299
"231",0.00284492263157043,-7.72443881260142
"232",0.00427221325211105,-6.91124652000963
"233",0.00565894092271865,-6.3490370408058
"234",0.00553006220219787,-6.39511243074821
"235",0.00296790782509154,-7.63979602079053
"236",0.00282187665041482,-7.74070627298897
"237",0.00414480491174847,-6.97179911485136
"238",0.00206568405475716,-8.36458769208093
"239",0.00162270679410581,-8.84731932702653
"240",0.00345037727994324,-7.33854339482514
"241",0.00565296437683103,-6.35115040589699
"242",0.00404990224892652,-7.01812506844499
"243",0.00238021690553998,-8.08112731733991
"244",0.00556051578155323,-6.38412881711156
"245",0.0050605541098118,-6.57255858762073
"246",0.00233070153987921,-8.12317193329227
"247",0.00227697907642965,-8.16981136207642
"248",0.00624071369135384,-6.15332145905313
"249",0.00281053676149926,-7.74875959110204
"250",0.00432246613988903,-6.88785834778582
"251",0.00114748286016809,-9.54036910562763
"252",0.00438325510244471,-6.85992731307351
"253",0.00357954918693252,-7.26503682387329
"254",0.00556316222942215,-6.38317717219115
"255",0.00213176790278724,-8.3016072844257
"256",0.00707058823162119,-5.90362320291342
"257",0.00499390096898652,-6.59907583463973
"258",0.00155495756740158,-8.9326140431358
"259",0.00695932719415823,-5.93534495362883
"260",0.00586206794950864,-6.27850569047496
"261",0.0015191688829165,-8.97918376244343
"262",0.00293299644906955,-7.66346139933921
"263",0.00810435021233742,-5.63070859643813
"264",0.00727132610743329,-5.84763319179183
"265",0.00434733296504371,-6.87638546679091
"266",0.0096445933853151,-5.28271558318693
"267",0.0016521915951898,-8.8113052657809
"268",0.00303239557097324,-7.59680470870262
"269",0.00374405590485053,-7.17517157725433
"270",0.00427509159227883,-6.90989950345693
"271",0.00782745022768793,-5.70023692686254
"272",0.00217139993917785,-8.26476637235419
"273",0.0140682147202629,-4.52767460291989
"274",0.00362094330309201,-7.24204141225027
"275",0.00192072638992964,-8.51010367280423
"276",0.00273196554896159,-7.80546789508571
"277",0.00449591119808363,-6.80917383580345
"278",0.00210182545643529,-8.32989809375113
"279",0.00839408115913163,-5.56045689081975
"280",0.00537783410904378,-6.45093913565688
"281",0.00761512545822751,-5.75523763525189
"282",0.00528146426074829,-6.48710379519844
"283",0.00451377630984587,-6.80124231313494
"284",0.00209446049647307,-8.33691855671032
"285",0.00966035812577553,-5.2794491167665
"286",0.00592123938312434,-6.25841899348097
"287",0.000495497899843042,-11.2198948853265
"288",0.00527605108039189,-6.48915472504541
"289",0.00331530035688319,-7.41841410810821
"290",0.00285706564271259,-7.71592035979847
"291",0.00163201050103473,-8.83588517600674
"292",0.00437908476726169,-6.86183106734916
"293",0.00538498270843966,-6.44828235887871
"294",0.00341505672946335,-7.35912234849729
"295",0.00384443597518233,-7.12225675448872
"296",0.0034609817555605,-7.33240597155736
"297",0.0022750049243702,-8.17154612404647
"298",0.00100086351856804,-9.81378426606352
"299",0.0035319786328203,-7.2917940917132
"300",0.0078879038946017,-5.68484969100655
"301",0.00304228421978486,-7.59029331525517
"302",0.00356272932683292,-7.27445672602971
"303",0.00291390112922411,-7.67652500271561
"304",0.00446876701444639,-6.82128548820128
"305",0.00169304878582836,-8.76244872009056
"306",0.00533529228096667,-6.46682322033666
"307",0.00291083064691,-7.67863358571412
"308",0.00785109843969548,-5.69420365670658
"309",0.00484307008774984,-6.66041288739189
"310",0.0146062542221241,-4.45261094122861
"311",0.00801836645527,-5.65204112346328
"312",0.00915617978242764,-5.38665248321513
"313",0.00391313074937393,-7.08683504442388
"314",0.00401261075260834,-7.03662637802154
"315",0.00381523883074647,-7.13750402625237
"316",0.00424216995271266,-6.925360718707
"317",0.00290321040925742,-7.68387623325816
"318",0.00525443902139324,-6.49736406350303
"319",0.00708260108915096,-5.90022810654546
"320",0.00383725018951825,-7.12599853076335
"321",0.0108952466783235,-5.03885733883408
"322",0.012638111389091,-4.74207663369407
"323",0.00513006152265215,-6.54527525430331
"324",0.00158209018016796,-8.898016814725
"325",0.00181517000471776,-8.62315229828118
"326",0.00506095511042132,-6.57240011298973
"327",0.005552252526901,-6.38710314572018
"328",0.00410273667219586,-6.99220209382975
"329",0.013112259474693,-4.66841529727071
"330",0.00909882828079586,-5.39921926820352
"331",0.00132454909729785,-9.25336636277325
"332",0.00358840974870495,-7.26009228311068
"333",0.00194070542847972,-8.48940749814801
"334",0.00711126840163836,-5.89214930844582
"335",0.00159910426541127,-8.87662328123997
"336",0.00339349853295717,-7.37178774826043
"337",0.0123286201774459,-4.7916637516355
"338",0.00701982363426153,-5.91803436916916
"339",0.0055360572895096,-6.39294542436346
"340",0.0141785523691968,-4.51204970541812
"341",0.00551395859643807,-6.40094495043149
"342",0.00439915605863382,-6.85268512262155
"343",0.00384216738108675,-7.12343729890154
"344",0.0020803777421486,-8.35041158991044
"345",0.0114496714519241,-4.93958848709735
"346",0.00515244373556698,-6.53656833018204
"347",0.00157667541966623,-8.90487362715294
"348",0.00285517830581249,-7.7172419678991
"349",0.0039715255632917,-7.05720997045501
"350",0.00303166636480922,-7.59728571049664
"351",0.00703675017331533,-5.9132176770031
"352",0.00327666260376828,-7.44185974688116
"353",0.0022706429250116,-8.17538452142526
"354",0.00593261074508746,-6.25458180460873
"355",0.00182667285379395,-8.61051815916517
"356",0.00141119476738321,-9.12663716127736
"357",0.00212871057739725,-8.30447769058219
"358",0.00526258293186884,-6.4942666421457
"359",0.00376243026365526,-7.16538036731117
"360",0.013657767885309,-4.58689368673322
"361",0.00417232323936307,-6.95856453313991
"362",0.00448029001242884,-6.81613499946661
"363",0.00203348465647125,-8.39600875604947
"364",0.00498195105215082,-6.60386737426006
"365",0.00427845221262776,-6.90832793471372
"366",0.0048559837998368,-6.65508712268638
"367",0.00577874796616929,-6.30713646922368
"368",0.00466053825282487,-6.73724866523344
"369",0.00221161066735481,-8.22806844029355
"370",0.00106745200343742,-9.68496155104685
"371",0.00275269346178077,-7.79035081199027
"372",0.00655400906325281,-6.05535669169649
"373",0.00351423053884607,-7.30186937110147
"374",0.00294336347643811,-7.65640462388274
"375",0.00400463499436865,-7.04060568020213
"376",0.00213973860175804,-8.29414321224067
"377",0.00432691845601453,-6.88579932660605
"378",0.00157583548175703,-8.90593936548703
"379",0.0049494233792189,-6.6169683964672
"380",0.008171873616703,-5.6141141351045
"381",0.00517098797466853,-6.52938302220764
"382",0.00446307797913475,-6.82383324225884
"383",0.00524571120317685,-6.50068889983004
"384",0.0040334789852947,-7.02625200728608
"385",0.00490470047512443,-6.6351225060871
"386",0.00427815907829638,-6.90846496762151
"387",0.00431341155741572,-6.89205228665742
"388",0.0103424502686239,-5.14299693617704
"389",0.00780608937938191,-5.70570232040382
"390",0.00588055679892867,-6.27220765571883
"391",0.00667300934009814,-6.01936869075325
"392",0.00736271393564925,-5.82265334590602
"393",0.00862162481039422,-5.5069634379679
"394",0.00362706326235472,-7.23866395354526
"395",0.0034730193007398,-7.32546189573486
"396",0.002139805514167,-8.2940806706174
"397",0.00640606696812419,-6.10101954776201
"398",0.00679841475947768,-5.98213163516766
"399",0.00384478629281623,-7.12207451622226
"400",0.00148960520627948,-9.018488312724
"401",0.00349316856356794,-7.31389211357464
"402",0.00515951385909734,-6.5338258345605
"403",0.0199923845935994,-3.8248076965192
"404",0.00213454528648964,-8.29900327110408
"405",0.00215157434805951,-8.28311089979798
"406",0.00095484338061277,-9.90792646058253
"407",0.0100254856038873,-5.2052497353443
"408",0.00631209035203478,-6.13057676242715
"409",0.00579342705067612,-6.30206254237464
"410",0.00106770838666948,-9.68448124383531
"411",0.0052338225192284,-6.50522676930541
"412",0.00446104691354654,-6.82474361303366
"413",0.00486255093879817,-6.65238418849412
"414",0.00443899972013593,-6.83465243235378
"415",0.000967854017588183,-9.88085858067416
"416",0.00713428600310726,-5.88568620540445
"417",0.00153858965914635,-8.95377817582403
"418",0.00266541042078675,-7.85479445834835
"419",0.00869568541951399,-5.4898566102529
"420",0.00111659993546694,-9.59493396576454
"421",0.0054875274525721,-6.41055499569347
"422",0.00262101815559683,-7.88838485538326
"423",0.0028580906174217,-7.71520298678297
"424",0.00218215311534169,-8.25488644403185
"425",0.00365243384945928,-7.22472305106885
"426",0.00457175739056587,-6.77571519727644
"427",0.00310553126449956,-7.54914095710956
"428",0.00218957995474017,-8.24809111007698
"429",0.00925010160906615,-5.36624148550845
"430",0.00564658081290794,-6.35341016573511
"431",0.00985850707098896,-5.23884106902051
"432",0.00514102349118386,-6.54100619307792
"433",0.00193642926852415,-8.49381917019309
"434",0.00761152826006343,-5.75618260932106
"435",0.00353502752755888,-7.2900683850371
"436",0.00446212334419287,-6.82426108020263
"437",0.00143051473490477,-9.09944188999907
"438",0.0116804798486179,-4.89967243899264
"439",0.00220919351613459,-8.23025550975944
"440",0.00429826230312014,-6.89908890702554
"441",0.000978700421628116,-9.85856993345669
"442",0.00494529242523437,-6.61863836023622
"443",0.00399198428596425,-7.04693371384474
"444",0.00430924368862979,-6.89398573708149
"445",0.00215581214055836,-8.27917552610688
"446",0.0153916568726981,-4.34785935576292
"447",0.00753215419725487,-5.77714839222244
"448",0.00765356433540987,-5.74516762691246
"449",0.00699930800141985,-5.92388798350703
"450",0.014040396880936,-4.53163322582213
"451",0.0130476439803115,-4.67829539883905
"452",0.0130523491829079,-4.67757429479616
"453",0.00241111466806775,-8.05533224107512
"454",0.0075337666699211,-5.77672028094094
"455",0.0079972501067383,-5.657315066102
"456",0.00435026856585449,-6.87503539302088
"457",0.0100195449763723,-5.20643519179248
"458",0.000343445079805529,-11.952966686405
"459",0.0016646402901261,-8.79629244171292
"460",0.00758073368409041,-5.7642905838311
"461",0.00363511438143554,-7.23422940359387
"462",0.00520346317318107,-6.51686176045678
"463",0.00762008079660736,-5.75393661222097
"464",0.00129913093642642,-9.29211949701721
"465",0.00157293923112532,-8.9096185762437
"466",0.00944885160221915,-5.32372413687153
"467",0.00153586806363959,-8.95731908802782
"468",0.00554824249541187,-6.38854813773378
"469",0.00178682051265347,-8.65463497689234
"470",0.00270336467416349,-7.82651621237619
"471",0.00379993336411687,-7.14554349632454
"472",0.00447933838991869,-6.8165598485657
"473",0.00600857611288739,-6.22913495631519
"474",0.00465757651010754,-6.73852005666504
"475",0.00482115400143854,-6.66948392038057
"476",0.00955851377915017,-5.30064605287271
"477",0.00362506902487121,-7.239763899026
"478",0.0161608893527724,-4.2503223863946
"479",0.00332093098204048,-7.41502023817156
"480",0.00728418703193015,-5.84409888071104
"481",0.00236251945958864,-8.09605332353476
"482",0.00277809715186132,-7.77197812677832
"483",0.0168116525776705,-4.17136605438509
"484",0.00476248360578359,-6.69397196178079
"485",0.0035828266464627,-7.26320644812358
"486",0.00323071662033299,-7.47010260495108
"487",0.00279292460108645,-7.76133197611216
"488",0.00404036226573897,-7.0228418425836
"489",0.00463370295565769,-6.74879791218609
"490",0.0069391297199126,-5.9411578258314
"491",0.00248008471863466,-7.99892511729786
"492",0.00304781405895066,-7.58666129459971
"493",0.00221914887039709,-8.22126309664873
"494",0.00785897048167978,-5.69219932618898
"495",0.00152836635577013,-8.96711171069273
"496",0.00815948705067754,-5.61714794683712
"497",0.00052387954800917,-11.1084975405579
"498",0.0123347270944081,-4.79067330747239
"499",0.0052569079380462,-6.49642453911747
"500",0.00394152561805321,-7.07237483583185
"501",0.0010090983359603,-9.79739616705729
"502",0.0100398386999925,-5.20238846117081
"503",0.00371200901861247,-7.19236406895607
"504",0.00216835337723898,-8.26757442361168
"505",0.0055807307884838,-6.37687109097214
"506",0.00155689107334288,-8.93012869578979
"507",0.000347014743495797,-11.932286580919
"508",0.00253231206677356,-7.95724506634815
"509",0.00101840925986874,-9.77902683639377
"510",0.00321798898180857,-7.4779973086861
"511",0.00463848195333115,-6.7467362630091
"512",0.00495443966244042,-6.61494240574848
"513",0.00383192257764585,-7.12877724648206
"514",0.00420538364204436,-6.94277950997548
"515",0.00158133110810478,-8.89897662628164
"516",0.00389680900171937,-7.09519453089206
"517",0.0018599455518584,-8.57441612975981
"518",0.00371511847589464,-7.19068942019521
"519",0.00449525879801269,-6.8094640761492
"520",0.00227259185219041,-8.17366862744757
"521",0.000666670331308007,-10.6264297802868
"522",0.00153907488572889,-8.95314753323191
"523",0.00223334559820975,-8.2085090990654
"524",0.00765679760788419,-5.7443228989996
"525",0.00266242897770522,-7.85703284668534
"526",0.00220519448077222,-8.23387914815203
"527",0.00147770301451796,-9.03453282810005
"528",0.00630239350624661,-6.1336515922203
"529",0.00216727004129064,-8.268573897843
"530",0.0067500463590539,-5.9964118122266
"531",0.00860161802838392,-5.51160990116796
"532",0.00633333747244653,-6.12385586987966
"533",0.00448837560343463,-6.81252884731748
"534",0.00128619390691169,-9.31213576310756
"535",0.000937031539586771,-9.94558723222872
"536",0.00348191753104803,-7.32034424455924
"537",0.00554136837345111,-6.39102761980848
"538",0.00328128547185716,-7.43904004242404
"539",0.00561747538426128,-6.3637458717767
"540",0.00234947674506524,-8.10712527458645
"541",0.00221362591148582,-8.22624684794755
"542",0.00215344905273952,-8.28136902327469
"543",0.000700585738687475,-10.5271876065276
"544",0.0071515689399024,-5.88084702838751
"545",0.00221785865765521,-8.22242623443481
"546",0.00316239205215767,-7.5128531184323
"547",0.00185500151672969,-8.57973953055807
"548",0.00169907536831165,-8.75534215376183
"549",0.00558196737725369,-6.37642797632134
"550",0.000527313767148348,-11.0954296060204
"551",0.00351050767648132,-7.30398922957829
"552",0.00532112110664146,-6.47214252699769
"553",0.00188879177788102,-8.54363585058763
"554",0.00397136026960242,-7.0572932115806
"555",0.00206213519640539,-8.36802665973937
"556",0.00924339434842417,-5.36769221412169
"557",0.00601683638459988,-6.22638735060491
"558",0.00438156449891517,-6.86069885367669
"559",0.004065318224055,-7.01052651029204
"560",0.00107398855469587,-9.67275187932
"561",0.00363891461328275,-7.23213964992601
"562",0.00317371690656164,-7.50570370447031
"563",0.00428689693053987,-6.90438426796663
"564",0.00303331221725753,-7.59620023099069
"565",0.00212571830138475,-8.307291019084
"566",0.00481472725459964,-6.67215176055879
"567",0.00504046891531727,-6.58051232494654
"568",0.00226143314699078,-8.18351306168097
"569",0.00166394413119659,-8.79712902429765
"570",0.00606139549383105,-6.21163045180219
"571",0.00388478812928981,-7.10137366444997
"572",0.00312828171414903,-7.53454279657262
"573",0.00161878092090632,-8.85216386196134
"574",0.00441851841683935,-6.84390167778929
"575",0.0014526177575903,-9.06877600034613
"576",0.010040834111501,-5.2021901786693
"577",0.00937342973518898,-5.33975243213536
"578",0.00630255566589872,-6.13360013317833
"579",0.0048861561967328,-6.64269867687108
"580",0.00512600683820505,-6.54685663403507
"581",0.00794533786506576,-5.67033990880327
"582",0.00256305663662109,-7.93310946812016
"583",0.00384776240354652,-7.1205269870502
"584",0.00165575127146507,-8.80700086538127
"585",0.00679597974217069,-5.98284811204576
"586",0.00209278277413102,-8.33852125550129
"587",0.00167428558200134,-8.78473744579605
"588",0.00304512150353752,-7.58842895195357
"589",0.00211785366833322,-8.31470424747931
"590",0.00363345983351145,-7.23513992491689
"591",0.00535600399019352,-6.45907421231686
"592",0.00155222688273539,-8.93612936115187
"593",0.00551202117576148,-6.40164780704345
"594",0.00564461413596145,-6.35410687745616
"595",0.00385713858373479,-7.11565933990869
"596",0.0112638451808888,-4.97231444851059
"597",0.00147871057471093,-9.03316960850771
"598",0.00989187010642945,-5.23208412116583
"599",0.00253741862411192,-7.95321600888792
"600",0.00463291935182543,-6.74913616006461
"601",0.00104486622313716,-9.72773283579363
"602",0.010948600556717,-5.02908726785336
"603",0.00353794670016488,-7.28841749663979
"604",0.00545415035959057,-6.42275685251388
"605",0.0056100041275754,-6.36640764738922
"606",0.00669191901990628,-6.01370919392184
"607",0.00215525447382925,-8.2796929541887
"608",0.00320750448030146,-7.4845241293101
"609",0.0070430606116303,-5.91142491463324
"610",0.00836478940989712,-5.56744824001407
"611",0.00267958743038501,-7.84418488039228
"612",0.00196135269804797,-8.46824178343968
"613",0.00242769694210026,-8.04162446298233
"614",0.0166995577522847,-4.18474608361839
"615",0.0153503504541121,-4.35323394864554
"616",0.00433428116197036,-6.88239900884219
"617",0.00320476302302691,-7.48623426223276
"618",0.00224355264942711,-8.19938933056619
"619",0.0074972939541087,-5.7864262593298
"620",0.00350613635311129,-7.3064812037569
"621",0.00494753334560253,-6.61773228124184
"622",0.0027495739536718,-7.7926186104869
"623",0.00223305394046406,-8.20877030072779
"624",0.00203997787949639,-8.38963262913785
"625",0.00520825936563765,-6.5150191478524
"626",0.00688040810229724,-5.95815462320343
"627",0.00546177666275131,-6.41996229209371
"628",0.00540592719776105,-6.44051859630281
"629",0.0028574088858572,-7.71568009753582
"630",0.00137420875029594,-9.17975433566244
"631",0.00370645874627381,-7.19535674806457
"632",0.00511888306575847,-6.54963802989641
"633",0.00217009564317739,-8.26596807440819
"634",0.002851143516759,-7.72007026244773
"635",0.0117663343786261,-4.88502568777312
"636",0.00134682077041648,-9.22001689749322
"637",0.00256544847856822,-7.93124394039478
"638",0.011032994136311,-5.01373005734467
"639",0.00218738837424477,-8.2500939399024
"640",0.00282404343868378,-7.73917115499853
"641",0.00612123718896898,-6.19198209565639
"642",0.00271597044121427,-7.81721190510052
"643",0.00705774681067647,-5.90725885409029
"644",0.00352395770902316,-7.2963411436499
"645",0.0118171575410416,-4.87640554937025
"646",0.00123015557925694,-9.40122926079175
"647",0.00787364552669549,-5.6884682113473
"648",0.0016140469081786,-8.85802129249805
"649",0.00117791084517593,-9.48802575965829
"650",0.00218437878270886,-8.25284760166278
"651",0.00620364426750122,-6.16523674905648
"652",0.00261862951692395,-7.89020836641885
"653",0.0045100453338202,-6.80289614734647
"654",0.0049804884159755,-6.60445463451515
"655",0.000523085434263432,-11.111531506016
"656",0.00407207112875529,-7.00720706423499
"657",0.0030609063687927,-7.57808841584847
"658",0.0100493729710388,-5.20049007472971
"659",0.00203538538861549,-8.39414019572541
"660",0.00488767467633357,-6.642077229812
"661",0.00906776784640135,-5.40605829615197
"662",0.00220190062220807,-8.23686874479154
"663",0.00335305262410816,-7.3957682339742
"664",0.00350526387950045,-7.30697894947753
"665",0.00560628435948479,-6.36773420678765
"666",0.0041922659342926,-6.94902779090307
"667",0.00373665764108698,-7.17912749195693
"668",0.00288055872621138,-7.69954200298707
"669",0.00165527140607076,-8.80758058402944
"670",0.00290116255784768,-7.68528748060999
"671",0.00540778150681825,-6.43983268580678
"672",0.00422384603707582,-6.93401836559678
"673",0.00544000902235092,-6.42794911919054
"674",0.0111427434964091,-4.99393360088015
"675",0.00465967943750024,-6.73761724689348
"676",0.00518879259580726,-6.52250849873781
"677",0.00128491119206702,-9.31413134851027
"678",0.00152712295755772,-8.96873946736741
"679",0.00783109975568445,-5.69930464946356
"680",0.0104866056543096,-5.11531297625152
"681",0.00320102011792503,-7.48857146625323
"682",0.00418946969058005,-6.9503622371044
"683",0.003804931076552,-7.14291480349584
"684",0.00212590267632296,-8.30711755589027
"685",0.00173004315456846,-8.71921785189261
"686",0.00367057871286306,-7.21481188383677
"687",0.00515027803561636,-6.53740915653088
"688",0.00525612714424712,-6.49672161557328
"689",0.00682141243728781,-5.97537745265572
"690",0.00832531848730132,-5.57690797422902
"691",0.00385822549111014,-7.11509583707357
"692",0.00502997171460794,-6.58468183644936
"693",0.00387024796747529,-7.10887339942019
"694",0.00400829764907177,-7.03877730843305
"695",0.0031190563133583,-7.54044957315864
"696",0.00372679036030623,-7.18441581795742
"697",0.00131849858346106,-9.26252325305586
"698",0.00216806602637521,-8.26783948179673
"699",0.00440108370772384,-6.85180894234827
"700",0.000957596262654072,-9.90216861310773
"701",0.00492839506288604,-6.62548377796475
"702",0.00204575947642936,-8.38397235263119
"703",0.002960142321739,-7.64503586026694
"704",0.00296951608445215,-7.6387125479414
"705",0.003648016746267,-7.22714323249375
"706",0.00352538096279432,-7.29553354801192
"707",0.00134276769099324,-9.22604470814076
"708",0.00428350461936162,-6.90596753630507
"709",0.00224793314445574,-8.19548817480745
"710",0.0055483247327763,-6.38851849347975
"711",0.0052796929758115,-6.48777466295041
"712",0.0109885523503154,-5.02180248701825
"713",0.00154027838212095,-8.95158422256418
"714",0.00226354666832154,-8.18164474706236
"715",0.0062179219908385,-6.16063902624819
"716",0.00161358893032595,-8.85858886316419
"717",0.0168752016346746,-4.16382018714694
"718",0.0040923906663414,-6.99725192938376
"719",0.00218709339940053,-8.25036366313816
"720",0.00298977914064983,-7.62511152062234
"721",0.00539384596594832,-6.44499322245247
"722",0.0014465127377847,-9.07719925530409
"723",0.00723887705037966,-5.85657837630606
"724",0.0064522954967614,-6.08663864103573
"725",0.00745220873839949,-5.79848963115546
"726",0.00413805991087863,-6.97505644308512
"727",0.00459191000018695,-6.76691843883873
"728",0.0042833217616744,-6.90605291573456
"729",0.00962382525446444,-5.28702691548278
"730",0.00356123832786984,-7.27529389938991
"731",0.0054823419694711,-6.41244580525108
"732",0.00229541041122065,-8.15368724607788
"733",0.0120478156588421,-4.83774381720514
"734",0.00413210423363901,-6.97793700417924
"735",0.00430438861708781,-6.89624033624887
"736",0.00155465052840588,-8.93300899836777
"737",0.00336029069818244,-7.39145558286646
"738",0.0055618514086481,-6.38364847796129
"739",0.00421269935617697,-6.93930331902993
"740",0.00213473099801479,-8.29882927297149
"741",0.00321262914089202,-7.48133126013863
"742",0.00425854812282374,-6.91765398606094
"743",0.00225304568591393,-8.19094467984814
"744",0.0119098699216726,-4.86077563489698
"745",0.00403644365092158,-7.02478251822458
"746",0.00789945492539189,-5.68192303735077
"747",0.00688432793521751,-5.95701552892206
"748",0.00526139250157482,-6.49471910625743
"749",0.0041797133589654,-6.95502521841399
"750",0.000351772204791707,-11.9050534746666
"751",0.00439053133094033,-6.85661005422799
"752",0.00946725998061963,-5.31983150087581
"753",0.00824028925470623,-5.59743966390079
"754",0.00123899318448013,-9.3869123543468
"755",0.00334533149220902,-7.40037897900447
"756",0.00297997214153998,-7.63168265397007
"757",0.00952401294040451,-5.30787798328629
"758",0.00372817953657567,-7.18367044873139
"759",0.00651480692611167,-6.06735540826094
"760",0.00292480331395707,-7.66905608730167
"761",0.00630570671857971,-6.13260045450716
"762",0.000699431411767408,-10.5304856437874
"763",0.00349628719991823,-7.3121073471134
"764",0.00301209991194841,-7.61023559659407
"765",0.00304069033674925,-7.59134140977358
"766",0.00201801661319937,-8.41128024915497
"767",0.00229658814458935,-8.15266134558578
"768",0.0021785595905171,-8.25818271771959
"769",0.000651108062769953,-10.6736698689861
"770",0.000672139989784489,-10.6100878420093
"771",0.00588407992979107,-6.27100978414865
"772",0.00411001952535776,-6.98865499957992
"773",0.0170769093761428,-4.14005611373932
"774",0.00155523855396174,-8.93225266841864
"775",0.0124743569799184,-4.7681603667379
"776",0.00169770679602102,-8.7569537641607
"777",0.0021657781002989,-8.26995116484022
"778",0.00868204334640255,-5.49299673888481
"779",0.00525290210824078,-6.49794914516906
"780",0.00241406813796448,-8.0528838610785
"781",0.00355606881966694,-7.27819921681112
"782",0.002710998765504,-7.82087632766252
"783",0.00694841139683873,-5.93848444305468
"784",0.00471399518040404,-6.71443899373844
"785",0.00523352914138644,-6.50533888088876
"786",0.0042821967925077,-6.9065782635771
"787",0.00355744154206269,-7.27742732088745
"788",0.00129005028000639,-9.30614816923799
"789",0.00261315137216018,-7.89439672742401
"790",0.00765362526380337,-5.74515170540235
"791",0.00302075767767671,-7.60449518482847
"792",0.0016839492221341,-8.77322703348727
"793",0.00717061814745813,-5.87552683010426
"794",0.00346674801257183,-7.32907659322655
"795",0.00196828277716031,-8.46118760618538
"796",0.00296617721362005,-7.64096257739311
"797",0.00314361266047487,-7.52476522319876
"798",0.00569741916171489,-6.33548397064669
"799",0.00407591087484005,-7.00532205939953
"800",0.00199923799192705,-8.42997835011829
"801",0.00329485322748683,-7.43078731205969
"802",0.00409667877116848,-6.99515737871388
"803",0.00511424702768637,-6.55145019815654
"804",0.00462464005257669,-6.75271347503258
"805",0.0034243172463478,-7.35370634254332
"806",0.00319216025811104,-7.49411478895945
"807",0.00844393061957938,-5.54861473112942
"808",0.00347621811286691,-7.32362065062398
"809",0.00342638817251967,-7.35249716707403
"810",0.00758912698107973,-5.7620774328916
"811",0.00188914759493612,-8.54325911923115
"812",0.00581033351520506,-6.29623461223218
"813",0.00273852688807484,-7.80067027049517
"814",0.00479854885855577,-6.67888345582151
"815",0.00216436018838532,-8.27126097239807
"816",0.0082192866841593,-5.60254370352459
"817",0.0043397269949622,-6.87988767446996
"818",0.00790923086264849,-5.67944947601018
"819",0.00252868489533405,-7.96011183120709
"820",0.00544517651363572,-6.4260502111174
"821",0.00427750492952403,-6.90877079953498
"822",0.0075024280218464,-5.78505714916992
"823",0.00446093251789376,-6.82479490015157
"824",0.0134465930327989,-4.61805902226661
"825",0.00817471758326987,-5.61341821836913
"826",0.0057436653809983,-6.31931540866071
"827",0.00434235500752486,-6.87867689915493
"828",0.00160992439919709,-8.86313611621745
"829",0.00211571813032551,-8.31672196518002
"830",0.00371873470538329,-7.1887436030338
"831",0.00164723025604294,-8.81732006850689
"832",0.00973309626506634,-5.26444643000286
"833",0.00395389625182855,-7.06610758673378
"834",0.00564416037638699,-6.35426766003684
"835",0.00561272802064128,-6.36543679890656
"836",0.0130024686107728,-4.6852320928233
"837",0.00173166395410038,-8.71734501909714
"838",0.000686925430979935,-10.5665696292053
"839",0.00547908176507499,-6.4136355063597
"840",0.00439823153546882,-6.85310548521602
"841",0.00976315763890072,-5.25827880461065
"842",0.00135081536772525,-9.21409378551834
"843",0.00644062594618216,-6.09025909395405
"844",0.00232090290644328,-8.13159797040908
"845",0.00692419190697515,-5.94546785170269
"846",0.0075287120376693,-5.77806259186855
"847",0.0062322714314774,-6.15602883377778
"848",0.00520478084091606,-6.51635536658659
"849",0.00174013576036848,-8.70758429119815
"850",0.00222615192561745,-8.21496155591149
"851",0.0021750141167641,-8.2614402479926
"852",0.00201932435549418,-8.40998460199444
"853",0.00164644907230961,-8.81826877500816
"854",0.00379961315965332,-7.14571203504602
"855",0.00208238813867239,-8.34847980057839
"856",0.00358017920782805,-7.26468484353973
"857",0.00167853103284249,-8.77967250655502
"858",0.00172956336993062,-8.71977257930166
"859",0.00552203982916824,-6.39801590536899
"860",0.00170963985474806,-8.74294508381536
"861",0.00404805997115429,-7.01903506419649
"862",0.00160177696477974,-8.87328332602465
"863",0.00446660484584943,-6.82225340254126
"864",0.00204014153876046,-8.38947218357498
"865",0.00256387201191811,-7.93247331703651
"866",0.00239964729843751,-8.06486702282427
"867",0.00577257912997723,-6.30927261746956
"868",0.00439923934718195,-6.85264725728621
"869",0.00509889474902285,-6.55746295723202
"870",0.0113462716311533,-4.95773215933377
"871",0.00379952006630204,-7.14576103713534
"872",0.00456363390915266,-6.77927212583609
"873",0.00223620705686559,-8.20594825303215
"874",0.0101077800387766,-5.1888997015908
"875",0.00488851666231762,-6.64173272510379
"876",0.00385713552334641,-7.11566092677913
"877",0.00394255904090044,-7.07185052748264
"878",0.00158754613723429,-8.89113152958998
"879",0.00105548945078825,-9.7075013704839
"880",0.0127863959341093,-4.7187469817909
"881",0.00340241794223937,-7.36653788126387
"882",0.00656616155876133,-6.05165170970076
"883",0.00432851700972823,-6.88506057522227
"884",0.00217143249760523,-8.26473638415837
"885",0.00107063761898836,-9.67900180478591
"886",0.0101299683477686,-5.18451417065944
"887",0.0119831935595971,-4.84850029512518
"888",0.00767449582755716,-5.73970535577428
"889",0.00138126825720787,-9.16950634979503
"890",0.00204195018791348,-8.3876999066224
"891",0.00232448269345833,-8.12851552427264
"892",0.00779202953362206,-5.7093078447997
"893",0.0029042365051296,-7.68316948835081
"894",0.0135805265379308,-4.59823676911947
"895",0.00431976145731363,-6.88911019293027
"896",0.00343028859542253,-7.35022176547318
"897",0.00920473396453881,-5.37607473181106
"898",0.00719144965841688,-5.86972501219088
"899",0.00218633629381216,-8.25105612251127
"900",0.00468986333481568,-6.72470367329333
"901",0.00215229459552272,-8.28244150444289
"902",0.00531940158602273,-6.47278893157136
"903",0.00154418228695343,-8.94652154569985
"904",0.00652193191585446,-6.06516928164183
"905",0.00400495683430234,-7.04044495294374
"906",0.00360745758111557,-7.24950405182381
"907",0.00454799002470258,-6.78613979286683
"908",0.00593401252681279,-6.25410929218469
"909",0.00773701481039995,-5.72347869837267
"910",0.00511551747925732,-6.55095343146104
"911",0.00245246006362224,-8.02132730120684
"912",0.0128870026426441,-4.70307204522624
"913",0.00107885645450857,-9.66370727445883
"914",0.00269063152843142,-7.83595868797738
"915",0.00196653061980916,-8.46296879099918
"916",0.00348982920428769,-7.3158049651297
"917",0.0102967268095162,-5.15185843946983
"918",0.00550596353112197,-6.40384699152628
"919",0.00613796434953789,-6.18652426191511
"920",0.00961076499763462,-5.28974290967153
"921",0.00167405593612236,-8.78501178564829
"922",0.00803963545321975,-5.64674307691712
"923",0.00801898096689589,-5.65188785332202
"924",0.00288236084638015,-7.6982911646196
"925",0.00681294522912362,-5.97786153278912
"926",0.005624615102596,-6.36120551887598
"927",0.00167364313073504,-8.78550502638609
"928",0.00163105620599369,-8.83705498974814
"929",0.0078839072889815,-5.6858632982985
"930",0.00527632732538103,-6.48905001121557
"931",0.00411151047585355,-6.98792961123399
"932",0.00815634606264433,-5.61791799346611
"933",0.00504667685563841,-6.57805060138435
"934",0.00213713669495606,-8.29657667774291
"935",0.00773747225176494,-5.72336045435895
"936",0.00188622644703028,-8.54635406924808
"937",0.00521038183115596,-6.51420427554513
"938",0.00408297650910372,-7.00185804000694
"939",0.00116975596048279,-9.50192026542481
"940",0.00259253991339172,-7.91023444452776
"941",0.00469711475096859,-6.72161368308389
"942",0.0016775752536403,-8.7808116590686
"943",0.000661039080546177,-10.6433951929848
"944",0.00417420692107916,-6.95766179549355
"945",0.00299198109899276,-7.62363907214285
"946",0.00632563806946979,-6.12628873781614
"947",0.005874674306627,-6.27420931531697
"948",0.00749637708841583,-5.78667086005271
"949",0.0019799460515996,-8.44937136262752
"950",0.00207884216727756,-8.35188838120712
"951",0.00465003585195791,-6.74176069862824
"952",0.00206777452220003,-8.36256472019704
"953",0.00746628592387373,-5.79471520485549
"954",0.00515444242362208,-6.53579265921826
"955",0.00336893420004404,-7.38631769150697
"956",0.00165890365191254,-8.80319669092478
"957",0.00406177288736303,-7.01227145783514
"958",0.0129727646702909,-4.68980628903682
"959",0.00364630167744685,-7.2280837282342
"960",0.00222909563244569,-8.21231864350921
"961",0.0043413342570892,-6.87914709121696
"962",0.0144956631737719,-4.46781153151278
"963",0.00790707403257317,-5.67999494604328
"964",0.00109537986927679,-9.63330812658478
"965",0.0075774929273103,-5.76514576482623
"966",0.00203660557010703,-8.39294158645498
"967",0.00218436514151677,-8.25286009146976
"968",0.00231173499386434,-8.13951391354522
"969",0.00541659255275489,-6.43657668307287
"970",0.00952901202403057,-5.30682847356275
"971",0.00153659375432937,-8.95637432028616
"972",0.00546747250632239,-6.41787766798143
"973",0.0143633733301587,-4.48614766275705
"974",0.0044503951011017,-6.82952479996175
"975",0.00462219692825005,-6.75377032263941
"976",0.007753549232002,-5.71920915006285
"977",0.00939634364738766,-5.33486927811646
"978",0.00515509855638405,-6.53553808619154
"979",0.00442801738163742,-6.83960667750216
"980",0.0108136126418319,-5.05389901745502
"981",0.00553491747768922,-6.39335724422517
"982",0.00773134456403961,-5.72494498098922
"983",0.00832999744962835,-5.575784257941
"984",0.00530555357900996,-6.47800232386862
"985",0.00294309965882005,-7.65658389460077
"986",0.0129492728682437,-4.69343128316677
"987",0.0035102063766523,-7.30416089293158
"988",0.00751674367779937,-5.78124451274107
"989",0.00226738352820407,-8.17825748605128
"990",0.00352421387018455,-7.29619576628011
"991",0.00222857202122556,-8.21278849569489
"992",0.00304979869436886,-7.58535938477462
"993",0.00425386423258624,-6.9198549558987
"994",0.00275743876292096,-7.78690602909228
"995",0.003360224434086,-7.39149502275768
"996",0.00305080970969958,-7.58469649001199
"997",0.00740201112328712,-5.81200708455708
"998",0.00449661052712122,-6.80886276442197
"999",0.0022021884003579,-8.23660737119189
"1000",0.00349735479408622,-7.31149673869095
"1001",0.00179715704248478,-8.64309856704358
"1002",0.00247893665825331,-7.99985115517075
"1003",0.0136749179246003,-4.58438386509897
"1004",0.00411691524494554,-6.98530224602337
"1005",0.00538942675488814,-6.44663250634039
"1006",0.00186959206483079,-8.56407003812501
"1007",0.0112130264547631,-4.98135820042444
"1008",0.00107914570646942,-9.66317112677962
"1009",0.003050425633306,-7.58494829239135
"1010",0.00405031455495746,-7.01792146597791
"1011",0.00540397736429322,-6.44124009517554
"1012",0.00193740608385303,-8.49281054152334
"1013",0.00453016880044424,-6.79399215478043
"1014",0.00734720398083853,-5.82687089780438
"1015",0.00408117904645142,-7.00273870067986
"1016",0.00436655773978555,-6.86756056568311
"1017",0.00543058349957078,-6.4314173846501
"1018",0.00375670997329483,-7.16842342344989
"1019",0.0365807771911958,-2.61646477980594
"1020",0.00291344234117358,-7.67683992360799
"1021",0.0110443506967247,-5.01167246183195
"1022",0.00153020906866899,-8.9647018134483
"1023",0.00915408453204589,-5.38711020471055
"1024",0.00347393053306221,-7.32493721520632
"1025",0.00446661320590745,-6.8222496591834
"1026",0.0068302910285159,-5.97277599196559
"1027",0.00551499106500467,-6.40057049280813
"1028",0.0125286687442694,-4.75947152237586
"1029",0.00735708009376591,-5.82418430269718
"1030",0.00209577778918322,-8.33566106950911
"1031",0.00422156672961204,-6.93509791378801
"1032",0.00164681631359436,-8.81782272375722
"1033",0.00386141872917157,-7.11344123323306
"1034",0.00702384198601647,-5.91688983839686
"1035",0.00362172144500316,-7.24161165776559
"1036",0.00146237818727743,-9.05538254615522
"1037",0.00119512780118049,-9.45900430544498
"1038",0.0054179542784022,-6.43607394837591
"1039",0.00341110332743069,-7.36143896717704
"1040",0.0101787991480477,-5.17489647339835
"1041",0.00594196809222278,-6.25142974365554
"1042",0.00210717932362732,-8.32481007854631
"1043",0.00163298360707938,-8.83469300714978
"1044",0.012612032566802,-4.74620791019015
"1045",0.00889926982170036,-5.44357209623058
"1046",0.0035312357478991,-7.29221479814169
"1047",0.00593213301552562,-6.25474286314375
"1048",0.00345181841855488,-7.33770821790722
"1049",0.00147134976199011,-9.04315018809757
"1050",0.00198659992891567,-8.44266135992984
"1051",0.00379145550531016,-7.15001059054248
"1052",0.00675870726464651,-5.99384728051018
"1053",0.00548002644739752,-6.41329070373286
"1054",0.00148684259612634,-9.02220094083623
"1055",0.00355280167789883,-7.28003756342287
"1056",0.00741351361074599,-5.80890156113446
"1057",0.00384365382047845,-7.12266369807412
"1058",0.00382974817073252,-7.12991245943658
"1059",0.00217207232571412,-8.26414715666624
"1060",0.00518893584509086,-6.52245328461868
"1061",0.00201487941180114,-8.41439186126854
"1062",0.00366674573861544,-7.21690146001492
"1063",0.00313801559300913,-7.52832931118428
"1064",0.000514092780288592,-11.1462136048008
"1065",0.00477414605668669,-6.68908031467708
"1066",0.00261034817087505,-7.89654333548333
"1067",0.00214836991028071,-8.28609181134425
"1068",0.0121259011210981,-4.82482305130861
"1069",0.00590716580327742,-6.26317824420539
"1070",0.00431327048001309,-6.8921177011016
"1071",0.00363084421010445,-7.23658018595461
"1072",0.0042810122753011,-6.90713156886477
"1073",0.00216523335255845,-8.27045427848861
"1074",0.00200781649167756,-8.42141493987128
"1075",0.00940275195885227,-5.33350574194492
"1076",0.00449003755406029,-6.8117884266594
"1077",0.0022628301730395,-8.18227792040443
"1078",0.00165934279215365,-8.80266732669452
"1079",0.00162653747389636,-8.84260354544858
"1080",0.00196842370293933,-8.46104441463194
"1081",0.00442169160597791,-6.84246587965026
"1082",0.0150401905449091,-4.39405858266264
"1083",0.00519696295053212,-6.51936174398361
"1084",0.00378299329904742,-7.15447940933154
"1085",0.00578094925020827,-6.30637475928461
"1086",0.00774664985600048,-5.72098961144093
"1087",0.00751142358802548,-5.78266054435744
"1088",0.00355663616604826,-7.2778801559848
"1089",0.00558801283293557,-6.37426308214663
"1090",0.00378729623237721,-7.15220581925269
"1091",0.0131325160112985,-4.66532797185027
"1092",0.00476327835032716,-6.69363823748699
"1093",0.00401697909268782,-7.03445025665314
"1094",0.0038880094828383,-7.0997159067706
"1095",0.00305495245893035,-7.58198249640918
"1096",0.00598187543590943,-6.2380422842848
"1097",0.00154164657047211,-8.94980846428052
"1098",0.00146341893538,-9.05395968858465
"1099",0.000435710872867138,-11.4770633404255
"1100",0.00543996167200332,-6.42796652745346
"1101",0.000802593575015554,-10.2553242107542
"1102",0.00347074530229316,-7.32677184712747
"1103",0.0053116213497983,-6.47571630277935
"1104",0.00646511444125793,-6.08266913050193
"1105",0.00390610357169143,-7.09042986165832
"1106",0.00225213149743194,-8.19175635801957
"1107",0.00215375813538674,-8.28108198563359
"1108",0.00364923548206378,-7.22647518059148
"1109",0.0042418132956055,-6.92552887420516
"1110",0.00158083802520773,-8.8996003537045
"1111",0.00449641788745409,-6.80894844842442
"1112",0.00285091297339706,-7.72023198891429
"1113",0.00221022890063463,-8.22931838773638
"1114",0.00201157490895089,-8.41767465384874
"1115",0.00176357768581696,-8.68082151438648
"1116",0.00180298915143536,-8.63661870346232
"1117",0.0025338810394913,-7.95600628785314
"1118",0.00363976306940655,-7.23167338054873
"1119",0.0025121290922072,-7.97324928297348
"1120",0.00213297384291022,-8.3004762052401
"1121",0.00550825716956705,-6.40301401803117
"1122",0.00492805041522261,-6.62562364488304
"1123",0.0108207356489696,-5.05258203627318
"1124",0.00415868022154347,-6.96511501896293
"1125",0.00222305847501727,-8.21774267958972
"1126",0.00216328491338483,-8.27225483857455
"1127",0.00114563084724846,-9.54359967080427
"1128",0.00218596123507577,-8.2513992453064
"1129",0.00300282136333417,-7.61640595563904
"1130",0.00212572724718515,-8.30728260236992
"1131",0.0116321275574076,-4.90796878434821
"1132",0.00498585645644988,-6.60230016723062
"1133",0.00386255683301377,-7.1128518456353
"1134",0.00150232152824121,-9.00148736362144
"1135",0.00284746005779855,-7.72265577970666
"1136",0.0020129935533713,-8.41626466965545
"1137",0.00220263557215513,-8.23620129657775
"1138",0.00111984272829688,-9.58913404939722
"1139",0.00352420289636123,-7.2962019939614
"1140",0.00358890359021711,-7.25981705950562
"1141",0.00359568881591383,-7.25603940458495
"1142",0.00879700026260722,-5.46668898971939
"1143",0.00212428971945197,-8.30863556429858
"1144",0.00549009020856876,-6.40962118432481
"1145",0.00159372257839468,-8.8833655098374
"1146",0.0139107034916061,-4.55019339960654
"1147",0.000757156582952901,-10.3718809584307
"1148",0.00590479008485133,-6.26398275735482
"1149",0.00830323531201569,-5.58222008700432
"1150",0.00815466680846389,-5.61832980215013
"1151",0.0020820444055375,-8.34880996141737
"1152",0.00268070916731033,-7.84334780959125
"1153",0.00302175117860014,-7.6038375103717
"1154",0.00145819001125433,-9.0611186613346
"1155",0.00239761315872885,-8.0665631073698
"1156",0.00327477257560913,-7.44301370973653
"1157",0.00147087505696356,-9.04379555690502
"1158",0.00388167193452989,-7.10297861440222
"1159",0.00353584442658194,-7.28960626436401
"1160",0.00785339353705524,-5.69361908577503
"1161",0.0058276428141888,-6.29028536083069
"1162",0.00849191980771161,-5.53728035692075
"1163",0.00218128476591912,-8.25568246722059
"1164",0.00353325061786128,-7.29107395369101
"1165",0.00231109192006716,-8.14007034692531
"1166",0.00355592324500892,-7.27828109241318
"1167",0.00234946555343878,-8.1071348015189
"1168",0.00691754060882279,-5.94738995174521
"1169",0.00838810896142408,-5.56188035174273
"1170",0.00631919857412161,-6.12832577351264
"1171",0.00633734754026024,-6.12258993423575
"1172",0.00507640518412112,-6.56630381761761
"1173",0.00655124472033072,-6.05620042750161
"1174",0.00207194661876246,-8.35853343612462
"1175",0.00663297805237711,-6.03140279459467
"1176",0.00230756196863817,-8.14312747326676
"1177",0.00413946198803306,-6.97437890834226
"1178",0.00490733004634657,-6.63405052765029
"1179",0.00285947422927189,-7.71423501393838
"1180",0.00232082418893572,-8.13166580508005
"1181",0.00221704582842663,-8.22315935438382
"1182",0.00365306485647605,-7.22437755404326
"1183",0.01402648226919,-4.53361629103028
"1184",0.00342716277588748,-7.3520450782944
"1185",0.00973555944583407,-5.26394034867553
"1186",0.0052942797890857,-6.48225665269956
"1187",0.0051704674973165,-6.52958433907406
"1188",0.00288272579298636,-7.69803795308644
"1189",0.00719378897971148,-5.86907453391268
"1190",0.00350712509468071,-7.30591727692581
"1191",0.004365891306184,-6.86786583335743
"1192",0.0037989906988567,-7.14603970618646
"1193",0.00449268315177224,-6.810610343593
"1194",0.0110094833521696,-5.01799650934754
"1195",0.00113063365072245,-9.56995410113859
"1196",0.00181299587416622,-8.62554924581264
"1197",0.00361551554339324,-7.24504164251857
"1198",0.00363851221019555,-7.23236082870108
"1199",0.00232614245006311,-8.12708796851484
"1200",0.00213683789705046,-8.2968563218069
"1201",0.00261337876439963,-7.89422269820489
"1202",0.00249333512671934,-7.98826811278332
"1203",0.00186608548585992,-8.5678247304968
"1204",0.011470610880225,-4.93593418060618
"1205",0.00499982735526961,-6.59670379218051
"1206",0.00220805993329181,-8.23128201446934
"1207",0.00774375754656447,-5.72173647610225
"1208",0.00309093333709339,-7.55856436568274
"1209",0.00258938443723256,-7.91267020108126
"1210",0.0165954440987426,-4.19725414634286
"1211",0.00227751093366948,-8.1693442562173
"1212",0.00405080995490215,-7.01767685798814
"1213",0.00168496412913977,-8.77202200749753
"1214",0.00316968557914577,-7.50824576480318
"1215",0.00214982323897251,-8.2847393093075
"1216",0.00709762970533668,-5.89598878998413
"1217",0.00217817225951633,-8.25853833382371
"1218",0.00202536484425512,-8.40401084929954
"1219",0.00111730341229726,-9.59367432871841
"1220",0.00527293502479392,-6.49033628151255
"1221",0.00448753540363831,-6.81290327161742
"1222",0.00375684046974628,-7.16835395086036
"1223",0.0101686750414183,-5.17688671697761
"1224",0.00170019261396716,-8.75402746400914
"1225",0.00737394771751119,-5.81960413861543
"1226",0.00333717189946017,-7.40526313473219
"1227",0.00319627835986174,-7.49153631708714
"1228",0.00843309807679835,-5.55118213667538
"1229",0.00484568479436774,-6.65933340640049
"1230",0.00200762043582499,-8.42161024200777
"1231",0.00392837050902493,-7.07906113566014
"1232",0.0137589331446105,-4.5721339651559
"1233",0.00221883071571111,-8.22154985298039
"1234",0.000735895859215443,-10.4288438897561
"1235",0.00441175323861724,-6.84696621750436
"1236",0.00519005308745353,-6.52202270612042
"1237",0.00393506401988662,-7.07565625579309
"1238",0.00349923197658318,-7.31042353965631
"1239",0.000699299238497649,-10.530863624409
"1240",0.00204441507446736,-8.38528711511253
"1241",0.00348593816737541,-7.31803613891088
"1242",0.00430903411097587,-6.89408300832702
"1243",0.00417993106174961,-6.95492104997174
"1244",0.00677205321284126,-5.9899019139375
"1245",0.00470909671672568,-6.71651833846863
"1246",0.00107267642788513,-9.67519683833279
"1247",0.00220006856078922,-8.23853351021671
"1248",0.00509999307459182,-6.5570321943519
"1249",0.0037785690645157,-7.15681979076271
"1250",0.0022642560826642,-8.18101802864066
"1251",0.00496672762284239,-6.60998816343727
"1252",0.00516120659343812,-6.53316978177281
"1253",0.00230813789007214,-8.14262837544447
"1254",0.00551382108023737,-6.40099483035465
"1255",0.00483776068483732,-6.66260666747939
"1256",0.00454296633867652,-6.78835020344923
"1257",0.00575242457314509,-6.31626769630748
"1258",0.0126858963410733,-4.73452885386314
"1259",0.00330580516049311,-7.4241504328802
"1260",0.00290326689818914,-7.68383731883296
"1261",0.00405704604381361,-7.01460029119062
"1262",0.00414977746541365,-6.96940113793835
"1263",0.00170841571610519,-8.74437763945389
"1264",0.00488769540654697,-6.64206874718138
"1265",0.00355194650918949,-7.28051902663083
"1266",0.00970675582888839,-5.26986631739101
"1267",0.00353362688797481,-7.29086097696199
"1268",0.00160850534769094,-8.86489977329211
"1269",0.00225305920853843,-8.19093267602238
"1270",0.00347301075980883,-7.32546681418808
"1271",0.00372809981126463,-7.1837132182186
"1272",0.00223315765513478,-8.20867741245456
"1273",0.0107618275594458,-5.06349978227763
"1274",0.0080045153788978,-5.65549894833293
"1275",0.00440768580764422,-6.84881097485913
"1276",0.00268283914808172,-7.84175932319522
"1277",0.00476098894146865,-6.69459974301071
"1278",0.003265469653087,-7.44870336371014
"1279",0.0169361328998727,-4.15661179599692
"1280",0.00351080877920338,-7.30381769324367
"1281",0.00386260543984694,-7.11282667757723
"1282",0.00756323428499787,-5.76891272960347
"1283",0.00376603862900258,-7.16346318299384
"1284",0.00223905768870903,-8.20340035261415
"1285",0.0127542479856461,-4.72378177504697
"1286",0.0143214939160518,-4.49198759828869
"1287",0.00445431442468734,-6.82776423772111
"1288",0.00360269544891302,-7.25214595574744
"1289",0.00212310276161231,-8.30975338693997
"1290",0.00203950883335942,-8.39009253615268
"1291",0.000784651749988418,-10.3005411384061
"1292",0.0081367450761017,-5.62273009347382
"1293",0.0016242246972053,-8.84544937293094
"1294",0.0147979829359985,-4.4265287912167
"1295",0.00158008309393335,-8.90055568445814
"1296",0.00154479680063034,-8.94572579581927
"1297",0.00202938687943628,-8.40004312276596
"1298",0.00215331102440527,-8.28149722018543
"1299",0.00223049011802249,-8.21106786758492
"1300",0.00321469564795941,-7.48004518407652
"1301",0.00562637299309887,-6.36058054602836
"1302",0.00220605467289627,-8.23309914946685
"1303",0.00105420537357701,-9.70993599250596
"1304",0.00380735343792167,-7.14164193386159
"1305",0.00520353305456984,-6.51683490106825
"1306",0.00727878698986068,-5.84558210585692
"1307",0.00558481739776217,-6.3754070842283
"1308",0.00163151096319152,-8.83649744450577
"1309",0.00495215498279699,-6.61586489415777
"1310",0.0041129713043148,-6.98721913316831
"1311",0.00254559757793463,-7.94677970370503
"1312",0.00206863710958783,-8.36173057942278
"1313",0.00345771843519306,-7.334292638428
"1314",0.00632105586981274,-6.12773803353866
"1315",0.00289254939567241,-7.69123404377342
"1316",0.004448193399322,-6.83051448583137
"1317",0.00291790404455068,-7.6737794268015
"1318",0.00361024776288272,-7.24795775322991
"1319",0.00553211758588559,-6.39436921964489
"1320",0.00252359272645127,-7.96414341536638
"1321",0.00338702221220716,-7.3756082941818
"1322",0.00447210580420497,-6.819791768301
"1323",0.00741642451027367,-5.80811641974242
"1324",0.00364514250737668,-7.22871963522357
"1325",0.00438534501623072,-6.85897395048551
"1326",0.00138084170053238,-9.17012407564289
"1327",0.00226240148213964,-8.18265685428787
"1328",0.00715347874340547,-5.88031300611601
"1329",0.0100586179539677,-5.19865100813877
"1330",0.00229893205944306,-8.15062117171829
"1331",0.00376701880808272,-7.16294271486049
"1332",0.00131480028573767,-9.26814099770036
"1333",0.0132540152640119,-4.64690946732708
"1334",0.0076861119194633,-5.73668045094973
"1335",0.0105836203419715,-5.09689544750563
"1336",0.0045940027925442,-6.76600713369544
"1337",0.00536973419541122,-6.45395373949532
"1338",0.00363989329550692,-7.23160182436868
"1339",0.00575963076906003,-6.31376381784548
"1340",0.00213554250638995,-8.29806912645245
"1341",0.00215185152586707,-8.28285326523792
"1342",0.00293604931917544,-7.66138074057335
"1343",0.00374123738778193,-7.17667773985431
"1344",0.00429706538632148,-6.8996459151349
"1345",0.011589603549738,-4.91529365690076
"1346",0.00407669408056263,-7.00493778677537
"1347",0.0039502117276771,-7.06797219912414
"1348",0.00224193909355495,-8.20082824164592
"1349",0.00573702151900923,-6.32163020490543
"1350",0.00826088384900209,-5.59244738732514
"1351",0.00110014123610595,-9.62463342191995
"1352",0.00766076071445085,-5.74328798036004
"1353",0.0110674654667244,-5.0074910272092
"1354",0.00150454923092843,-8.99852387995588
"1355",0.00323457617636793,-7.46771474310799
"1356",0.00436609450945215,-6.86777274879569
"1357",0.00164974281160961,-8.81427174994133
"1358",0.00254065289731203,-7.95066836959313
"1359",0.00588592396337325,-6.2703830949431
"1360",0.0387894070723804,-2.4992161664527
"1361",0.00160135969624124,-8.87380440093966
"1362",0.0340598101113148,-2.75927435777203
"1363",0.00786251619325285,-5.69129719480497
"1364",0.00592018406310347,-6.25877547765822
"1365",0.00237580631355979,-8.08483679733308
"1366",0.00529150856229645,-6.48330380261814
"1367",0.00238634023483519,-8.07598873829147
"1368",0.0058131835305582,-6.29525383665487
"1369",0.00343015801547218,-7.35029790042927
"1370",0.00910705076478883,-5.39741271230332
"1371",0.00921381532260361,-5.37410251159781
"1372",0.00218998183758209,-8.24772405705926
"1373",0.00162589416524582,-8.84339471799922
"1374",0.0112064547637553,-4.9825306969924
"1375",0.00450537234822511,-6.80496947824622
"1376",0.00253592254361507,-7.95439557122427
"1377",0.00957902263257485,-5.29635942771165
"1378",0.00302560440965858,-7.6012888052237
"1379",0.00512213400420318,-6.54836825814164
"1380",0.00201685173200323,-8.41243506376486
"1381",0.00578893926495484,-6.30361241079481
"1382",0.00381737679924758,-7.13638358803792
"1383",0.00229528588948967,-8.15379574528833
"1384",0.00332802926499214,-7.41074992498898
"1385",0.00172199218060202,-8.72854682773686
"1386",0.00304899013317312,-7.58588969413495
"1387",0.00254057773749303,-7.9507275362198
"1388",0.00159355009040892,-8.88358198078777
"1389",0.00148069918937595,-9.03048175501954
"1390",0.00103238009257395,-9.7517767459467
"1391",0.00168114060031031,-8.77656557435739
"1392",0.0052939954277017,-6.48236407770628
"1393",0.00220066102799104,-8.23799499296092
"1394",0.0140555293040229,-4.529478831701
"1395",0.00507625572447341,-6.56636270253421
"1396",0.00166145292106745,-8.80012561153944
"1397",0.00499041415771258,-6.60047275025045
"1398",0.00216708826942741,-8.26874164757692
"1399",0.00219531499568848,-8.24285947348517
"1400",0.00127645460238288,-9.32733777209842
"1401",0.00783447689078425,-5.69844234219499
"1402",0.00119835849962428,-9.45360515124094
"1403",0.0172560533078536,-4.11918456132844
"1404",0.00229045346165367,-8.15801092565926
"1405",0.0034896309205613,-7.31591860356184
"1406",0.00333629610285478,-7.40578807715201
"1407",0.00507473532437783,-6.56696181649249
"1408",0.00217945132630546,-8.2573642380803
"1409",0.008122309050017,-5.62628159893438
"1410",0.00836281061340697,-5.56792142122276
"1411",0.00542116148031288,-6.43489038245571
"1412",0.00393534492702845,-7.07551348956895
"1413",0.00285696777316289,-7.71598887150822
"1414",0.00530317368656121,-6.47889965770673
"1415",0.00196433124248171,-8.46520685240557
"1416",0.00284278173205819,-7.72594444614106
"1417",0.00219709645456141,-8.24123716738677
"1418",0.00116040764658345,-9.51796783225745
"1419",0.00863066339841638,-5.50486781129166
"1420",0.000682569565323899,-10.5792922177698
"1421",0.00151369898933132,-8.98639792375388
"1422",0.00371735767879667,-7.18948432895877
"1423",0.00421302095550913,-6.93915064397288
"1424",0.00325241781691463,-7.45671323112674
"1425",0.00198982043448884,-8.43942175648453
"1426",0.0056235724703157,-6.36157629231002
"1427",0.00218100594778881,-8.25593812934767
"1428",0.00208532506140131,-8.34566106226885
"1429",0.00500755031560073,-6.59361688485342
"1430",0.00430104104592293,-6.89779636376397
"1431",0.00799341473755079,-5.65827446817775
"1432",0.00202686269284914,-8.40253230580856
"1433",0.00918678088626079,-5.37997937677937
"1434",0.00395760139873754,-7.06423428924018
"1435",0.00411470164723182,-6.98637790238399
"1436",0.0026438587445245,-7.8710315666699
"1437",0.00506531893795433,-6.57067634854002
"1438",0.00579484922593911,-6.30157164097182
"1439",0.00314740566083023,-7.52235353045126
"1440",0.00683334016646805,-5.9718833630709
"1441",0.00436226933909692,-6.86952573282178
"1442",0.00350301875390647,-7.30826036222197
"1443",0.00553111676235447,-6.39473107532012
"1444",0.00310132067566875,-7.55185446760879
"1445",0.00698674542283288,-5.92748087181781
"1446",0.00200057747425888,-8.42863880593859
"1447",0.00145019920508531,-9.07210869833671
"1448",0.00412544566310844,-6.98116245097981
"1449",0.0124556793354075,-4.77115717713468
"1450",0.013581799179724,-4.59804935633201
"1451",0.00115483142714216,-9.52760179237293
"1452",0.00305482576052611,-7.58206544436553
"1453",0.00200469030028751,-8.4245313877027
"1454",0.00232749797808757,-8.12592283503818
"1455",0.00510701528018472,-6.55428027862627
"1456",0.00989293048412424,-5.2318697388796
"1457",0.0130313230166047,-4.68079871361215
"1458",0.00709396992743255,-5.89702032358991
"1459",0.00386541921575906,-7.1113702764078
"1460",0.00388964036098488,-7.09887715562945
"1461",0.00231722271784625,-8.13477182956467
"1462",0.00798644469604066,-5.66001917487711
"1463",0.00575538570059795,-6.31523843793502
"1464",0.00164403980464402,-8.82119754114137
"1465",0.00281058119875945,-7.74872796944919
"1466",0.00380188605891553,-7.14451600817574
"1467",0.00433108878200116,-6.88387263553523
"1468",0.000860317778702232,-10.1164174536998
"1469",0.0173251143831389,-4.11119626345317
"1470",0.00451182448795684,-6.8021073289774
"1471",0.0128933707048357,-4.70208399711146
"1472",0.00262436626364204,-7.88583167092065
"1473",0.00375765226778222,-7.16792182692734
"1474",0.00521253944219582,-6.51337625007545
"1475",0.00676194938686887,-5.9928881193191
"1476",0.0105632076628264,-5.10075658175811
"1477",0.00819934699364887,-5.60740152560766
"1478",0.0101340726269454,-5.18370401058564
"1479",0.00160279794536313,-8.87200892221563
"1480",0.00114453944883119,-9.54550590197277
"1481",0.00425263914061568,-6.92043102901607
"1482",0.00751809932296923,-5.78088384514422
"1483",0.00105335146031081,-9.71155666208733
"1484",0.00154193129272613,-8.94943912416011
"1485",0.000673551450346602,-10.6058923450696
"1486",0.00156033394982039,-8.92571082046561
"1487",0.00779583931335539,-5.70833021794215
"1488",0.00131371410316594,-9.26979392018484
"1489",0.00131836927592766,-9.26271940628067
"1490",0.00227276310727397,-8.17351791967212
"1491",0.00442839936641573,-6.83943415410386
"1492",0.0047967817789413,-6.67962009729899
"1493",0.0016927486954129,-8.76280324857953
"1494",0.00819790785167103,-5.60775259461161
"1495",0.00159298147157395,-8.88429575854889
"1496",0.00271604854116369,-7.81715439429308
"1497",0.00714592140498889,-5.88242703580727
"1498",0.00553219746480926,-6.39434034160831
"1499",0.00717841086052893,-5.87335449807188
"1500",0.0132338521481237,-4.64995435115543
"1501",0.00159846883761429,-8.87741816884363
"1502",0.00999322640112473,-5.21169555077495
"1503",0.00805282213038373,-5.64346534757169
"1504",0.00402533365642179,-7.03029495108376
"1505",0.00548070623756763,-6.41304262171479
"1506",0.00435163558396761,-6.87440701647211
"1507",0.0116959429323646,-4.89702651046082
"1508",0.00423610035730169,-6.92822431999639
"1509",0.00278090300471474,-7.7699591643659
"1510",0.00543710139214201,-6.42901838489342
"1511",0.00228889261398668,-8.15937430610848
"1512",0.00575023952006806,-6.31702753875288
"1513",0.00216682947466259,-8.26898050283944
"1514",0.00217413609029319,-8.2622477864229
"1515",0.00530067614228143,-6.47984178509114
"1516",0.00642420381264243,-6.09536515218178
"1517",0.00232624494007534,-8.12699985030486
"1518",0.00429176663199374,-6.90211365695995
"1519",0.00206205233880192,-8.3681070223347
"1520",0.00395915249409159,-7.06345058652823
"1521",0.00372805494455675,-7.18373728784127
"1522",0.0046970795923623,-6.72162865343898
"1523",0.00198723493338428,-8.44202217436123
"1524",0.00704444970121191,-5.91103049729327
"1525",0.00412380778021781,-6.98195664789637
"1526",0.00251129476376541,-7.9739136334033
"1527",0.00524014937412542,-6.50281054908601
"1528",0.000943166624719475,-9.9325351890493
"1529",0.00159509280670725,-8.88164671682944
"1530",0.00379839238923339,-7.14635471445581
"1531",0.00258231850579979,-7.9181352758601
"1532",0.00408077671520268,-7.00293587462238
"1533",0.00772798264476847,-5.72581485566843
"1534",0.00299680889512619,-7.62041451614141
"1535",0.00160743043411533,-8.86623675722285
"1536",0.0046891193525111,-6.72502097094957
"1537",0.00620610066294237,-6.16444498565215
"1538",0.00144735325925105,-9.07603745791494
"1539",0.000875319176703037,-10.0818439294908
"1540",0.00643659365370851,-6.09151162912258
"1541",0.00256066101291312,-7.93497969130294
"1542",0.0041571302562088,-6.96586057003424
"1543",0.00744763924701037,-5.79971635280708
"1544",0.00841693615175219,-5.55501878882296
"1545",0.00233806450633581,-8.11686365184232
"1546",0.00204349816344496,-8.38618430738097
"1547",0.00526221742611813,-6.49440555432966
"1548",0.00201936200055984,-8.4099473175288
"1549",0.00374574675397861,-7.17426856325847
"1550",0.00208196091776339,-8.34889016090574
"1551",0.00186988937850167,-8.56375201149376
"1552",0.00427685033994757,-6.90907688435709
"1553",0.00204894256102077,-8.38086288561408
"1554",0.00537154040935974,-6.45328111393383
"1555",0.00231179923633417,-8.13945833487605
"1556",0.00211667564456329,-8.31581702645735
"1557",0.00541720526440121,-6.43635046077952
"1558",0.00483059655911525,-6.6655706154811
"1559",0.00548436347384783,-6.41170848102547
"1560",0.00368450454025294,-7.20723843100086
"1561",0.00203352139561353,-8.39597262220377
"1562",0.00268979959862233,-7.83657717359392
"1563",0.00440865804717339,-6.84836986704886
"1564",0.00159464616428223,-8.88220681586199
"1565",0.0142107249806694,-4.50751663825349
"1566",0.00347176334891485,-7.32618528876355
"1567",0.00795699657657537,-5.66740732965491
"1568",0.00581402277085585,-6.2949651205945
"1569",0.00353382342513948,-7.2907497418455
"1570",0.00207813531884519,-8.35256853734609
"1571",0.0133438604999877,-4.63339777511601
"1572",0.00200411212108819,-8.42510829735556
"1573",0.0042264089041099,-6.93280521066572
"1574",0.0115914686960593,-4.91497181737486
"1575",0.00443987201190949,-6.83425945819999
"1576",0.00167764841025722,-8.78072444387908
"1577",0.00119955960922523,-9.4516015637173
"1578",0.00665445224814991,-6.02493827467379
"1579",0.00218090950420209,-8.25602657084801
"1580",0.0042175676621426,-6.93699340097101
"1581",0.00115684740858513,-9.52411344974871
"1582",0.00840520551038567,-5.55780812290504
"1583",0.00271853334700035,-7.81532550952443
"1584",0.00335858410825815,-7.39247158034232
"1585",0.0023234969252486,-8.1293638655352
"1586",0.00437810353868143,-6.86227926078755
"1587",0.00400519995646354,-7.04032354600122
"1588",0.00925465832214503,-5.36525650365775
"1589",0.0019143008306005,-8.51680564905882
"1590",0.00214313369274386,-8.29097235729705
"1591",0.00445194856115475,-6.82882679946761
"1592",0.0161650561890051,-4.24980678368775
"1593",0.0047386054456193,-6.7040247926966
"1594",0.00931808524166893,-5.35159623512891
"1595",0.00950412770226623,-5.31205815953172
"1596",0.00533639171921337,-6.46641112483212
"1597",0.0152170757478724,-4.37067415442243
"1598",0.00296130440750903,-7.64425085900757
"1599",0.00375782538555586,-7.1678296875948
"1600",0.00358154556553512,-7.26392169903647
"1601",0.007092455162041,-5.89744742636958
"1602",0.00343735181661124,-7.34610784962706
"1603",0.00152500644084838,-8.97151329084909
"1604",0.00150190651755198,-9.0020399324485
"1605",0.00219086070404026,-8.24692159364122
"1606",0.0013166657878826,-9.26530531233675
"1607",0.00456251571655887,-6.77976223070846
"1608",0.00991995496586449,-5.22641379485412
"1609",0.00789748630694618,-5.68242151827235
"1610",0.00148913360048516,-9.01912160866414
"1611",0.001669799651089,-8.79010325831632
"1612",0.0017449557672863,-8.70205214381804
"1613",0.00430230560093158,-6.89720842743191
"1614",0.00235103787411035,-8.10579679953298
"1615",0.00185722896226052,-8.57733941471315
"1616",0.00197047550852239,-8.45896078094802
"1617",0.00324605700280539,-7.46062849821146
"1618",0.00383861008241534,-7.12528987121868
"1619",0.00895613649934055,-5.43083267851262
"1620",0.00484199715228514,-6.66085601718851
"1621",0.0082266434057944,-5.60075439222737
"1622",0.00220322989013951,-8.23566172677647
"1623",0.00419224196137546,-6.94903922767071
"1624",0.00303939575571887,-7.59219309577293
"1625",0.00304275795702976,-7.58998190426928
"1626",0.00998254951522666,-5.21383351767236
"1627",0.00399656985504265,-7.04463764399225
"1628",0.00802739385441321,-5.64979070966638
"1629",0.00660587428205215,-6.0395919661355
"1630",0.00342713056478205,-7.35206387591734
"1631",0.00588186813821149,-6.27176171390147
"1632",0.0081221889041662,-5.62631118331456
"1633",0.00546116950226895,-6.4201846352139
"1634",0.00189323144675263,-8.53894029940011
"1635",0.00358957393097802,-7.25944353140812
"1636",0.00168880635285872,-8.76746659935634
"1637",0.00160019667744785,-8.87525746777192
"1638",0.00547814923188895,-6.41397593294687
"1639",0.00810341043640161,-5.63094052877159
"1640",0.00772449043347433,-5.72671884335659
"1641",0.00114227519181132,-9.54946644642541
"1642",0.00492297433292671,-6.62768478385078
"1643",0.00358533554150026,-7.26180642670988
"1644",0.00493410102303003,-6.62316957242047
"1645",0.00443977725431997,-6.83430214348482
"1646",0.00509988286103623,-6.55707541587981
"1647",0.00912241565759867,-5.39404127046464
"1648",0.00435822057548435,-6.87138285963147
"1649",0.00408851740858345,-6.99914573286469
"1650",0.00372369188544878,-7.18607932103487
"1651",0.00460270912495057,-6.76222041727533
"1652",0.00192264928660107,-8.50810241454201
"1653",0.0116574365812343,-4.90362193893043
"1654",0.0087123303486419,-5.48603195052783
"1655",0.0017001479133132,-8.75408004774727
"1656",0.00206873984544228,-8.36163125479698
"1657",0.00585912241992686,-6.27951088859936
"1658",0.00784103912915443,-5.6967678228375
"1659",0.00426896438833755,-6.91276802632501
"1660",0.0147105848105186,-4.4383759783509
"1661",0.00552994378338144,-6.39515525850675
"1662",0.00330183185679204,-7.42655571281284
"1663",0.00850838836610457,-5.53340547103608
"1664",0.0061212526596242,-6.19197704091494
"1665",0.0021043617208603,-8.32748615664468
"1666",0.00220571382849495,-8.2334081814588
"1667",0.00587730953461891,-6.27331236784948
"1668",0.00141264283116726,-9.1245859612909
"1669",0.00279746328003764,-7.75808448771249
"1670",0.00535748751722924,-6.45852032116227
"1671",0.00111291564462994,-9.60154400109877
"1672",0.00556363386736174,-6.38300762187828
"1673",0.00215827864288944,-8.27688859917498
"1674",0.00502158111081908,-6.58802086510832
"1675",0.00401451044084576,-7.03567974311864
"1676",0.0130546792032961,-4.67721729968207
"1677",0.00737911978995616,-5.81820183427317
"1678",0.00207758167167405,-8.35310143905781
"1679",0.00228944259401515,-8.15889379954342
"1680",0.00115478033510673,-9.52769027830163
"1681",0.00238319674516095,-8.07862504461855
"1682",0.00107412778516854,-9.67249261873849
"1683",0.00362325210363256,-7.2407665705382
"1684",0.0057522473588146,-6.31632931104332
"1685",0.00218365890639165,-8.25350682337739
"1686",0.00767117508568853,-5.74057093980491
"1687",0.00970145394976493,-5.2709590259542
"1688",0.00257031260068668,-7.9274555059269
"1689",0.00331838670863047,-7.41655309058388
"1690",0.00601527125734739,-6.22690766751293
"1691",0.00291202775438109,-7.67781123531131
"1692",0.00783238081628371,-5.69897750362998
"1693",0.00578681981151279,-6.30434478729012
"1694",0.00129254458034515,-9.30228492122706
"1695",0.00703679681413279,-5.91320442069537
"1696",0.00311695885979777,-7.54179495387461
"1697",0.00155601723235271,-8.93125155702091
"1698",0.0136418592881306,-4.58922464881971
"1699",0.00662049406305356,-6.03517055987368
"1700",0.00170021308882966,-8.75400337880956
"1701",0.0038390055829467,-7.12508381738689
"1702",0.00151045464432713,-8.99068916903025
"1703",0.00993964408273221,-5.2224481310418
"1704",0.0166451138974355,-4.19127713047374
"1705",0.00145311760776319,-9.0680879126644
"1706",0.000743496136043684,-10.4082939781197
"1707",0.00744774684864628,-5.79968745751421
"1708",0.0172570719975515,-4.11906649729463
"1709",0.00339640622603853,-7.37007479742397
"1710",0.003516535654934,-7.30055792588655
"1711",0.00560316956319396,-6.36884569585482
"1712",0.00413025814435724,-6.9788307385511
"1713",0.00422173048062378,-6.93502033697996
"1714",0.00774570395319992,-5.72123383586631
"1715",0.0015858906876313,-8.8932181629084
"1716",0.00344777897297209,-7.34005006240341
"1717",0.00534997277329615,-6.46132761438139
"1718",0.002166348034011,-8.26942492557782
"1719",0.00303880769548357,-7.59258009185942
"1720",0.00514537359782207,-6.53931459713431
"1721",0.00116596064147213,-9.50841989358651
"1722",0.00473205679481797,-6.70679066130378
"1723",0.00205377087602452,-8.37615544766413
"1724",0.00366754657935409,-7.21646469490815
"1725",0.00170755130522666,-8.74538983997172
"1726",0.035740543169319,-2.66293914313565
"1727",0.00225790689043056,-8.18663409904184
"1728",0.0043254152651667,-6.88649425628
"1729",0.00957473694397155,-5.29725443501457
"1730",0.0053338470383078,-6.46736506073239
"1731",0.00448386717519165,-6.81453879231503
"1732",0.00227114408109731,-8.17494314794203
"1733",0.00218092564191945,-8.25601177183171
"1734",0.00463485800066503,-6.74829943350369
"1735",0.0106956258954933,-5.07584083181473
"1736",0.0132921361546177,-4.64116537038308
"1737",0.00478370215040105,-6.68508104760713
"1738",0.00374734718160093,-7.17341421515584
"1739",0.00152044495267322,-8.97750450987951
"1740",0.00334427771160724,-7.40100907895703
"1741",0.0120446961510014,-4.8382617387706
"1742",0.00553772123902093,-6.39234438307676
"1743",0.00494197956492192,-6.61997861281134
"1744",0.00456170243099934,-6.78011876999699
"1745",0.00464773244750624,-6.74275164803657
"1746",0.0037600679464156,-7.16663650177679
"1747",0.00211740812219623,-8.31512504426655
"1748",0.00502314111521935,-6.58739964159304
"1749",0.00414995116968422,-6.96931742229981
"1750",0.00218037849739428,-8.25651358918776
"1751",0.00427406667262254,-6.91037904524546
"1752",0.00162343040870216,-8.84642766464367
"1753",0.00528128281924666,-6.48717250516574
"1754",0.00170896332977663,-8.74373666440397
"1755",0.00291147297404534,-7.67819229843008
"1756",0.00223787532722539,-8.20445675574274
"1757",0.00212460787567902,-8.30833604545114
"1758",0.00815118121255928,-5.61918485634988
"1759",0.00219422412074939,-8.24385354136575
"1760",0.00405713933454151,-7.01455430223496
"1761",0.00340683753255675,-7.36394165560932
"1762",0.00336620461178669,-7.38793879449122
"1763",0.00439492364501939,-6.85461024228562
"1764",0.00203991319867543,-8.38969604340036
"1765",0.00445485538677805,-6.82752135893315
"1766",0.00762895315783909,-5.75160928781224
"1767",0.00319826941716343,-7.49029084520362
"1768",0.00160281386400209,-8.8719890587513
"1769",0.00446698471292083,-6.82208331768607
"1770",0.00440399075376022,-6.85048831926679
"1771",0.00216452971173609,-8.2711043286813
"1772",0.00395693742909296,-7.0645698588346
"1773",0.00214874169858956,-8.28574572928392
"1774",0.00315118652826819,-7.51995244285672
"1775",0.00242337207752434,-8.04519057651669
"1776",0.00441168586401623,-6.84699676096943
"1777",0.000752555812542137,-10.3840707892009
"1778",0.00567891000273617,-6.34199193118229
"1779",0.00798986906472043,-5.65916181346483
"1780",0.0039273633639056,-7.07957395604899
"1781",0.00773897841482794,-5.72297117567996
"1782",0.0022272823827664,-8.21394619823923
"1783",0.00195789877681109,-8.47176686689318
"1784",0.00501589094394741,-6.5902884350503
"1785",0.00541526876591914,-6.43706553233096
"1786",0.0028030401701741,-7.75410135153243
"1787",0.00340709619785883,-7.36378981069129
"1788",0.00817281039800558,-5.61388487859449
"1789",0.00299202185132809,-7.62361183129042
"1790",0.00473756664843868,-6.70446328080106
"1791",0.00170622552832705,-8.74694328301257
"1792",0.00164807995587769,-8.81628866351139
"1793",0.00210739098977124,-8.32460918865399
"1794",0.00636041577661563,-6.11532306017034
"1795",0.00225995657558542,-8.18481936045055
"1796",0.0014689457443753,-9.04642063237134
"1797",0.00509452538807417,-6.55917753826861
"1798",0.00570501488627714,-6.33281937266565
"1799",0.00111994504401954,-9.58895132543739
"1800",0.00523433821467401,-6.50502971637161
"1801",0.00679841191647251,-5.98213247154081
"1802",0.0023897573747986,-8.07312687002513
"1803",0.00425972907903129,-6.91709943438946
"1804",0.00374625207690415,-7.17399876987611
"1805",0.00162662618845543,-8.84249446448212
"1806",0.00214300542765899,-8.29109205951045
"1807",0.00329569314484721,-7.43027754105287
"1808",0.00545536669131367,-6.42231088163453
"1809",0.00972512258863297,-5.26608556808424
"1810",0.00512627787747112,-6.54675088618524
"1811",0.000691594958457552,-10.5530201877227
"1812",0.00441132751271114,-6.84715922306259
"1813",0.0077718137547289,-5.71450342275239
"1814",0.00327843440647751,-7.44077857127104
"1815",0.00392434097407757,-7.0811136930779
"1816",0.00671305426491585,-6.00740250100307
"1817",0.00165579314582516,-8.80695028552509
"1818",0.00162148482235054,-8.84882598502645
"1819",0.0132692176201238,-4.64461678183989
"1820",0.00253717259123163,-7.95340994205026
"1821",0.00486388047576403,-6.651837415719
"1822",0.00502490703803675,-6.58669665020261
"1823",0.0042611423535802,-6.91643599306281
"1824",0.00681278046961174,-5.97790989997793
"1825",0.00591166311917855,-6.26165615901482
"1826",0.00224802893854232,-8.19540294803301
"1827",0.000536731512081803,-11.0600251319743
"1828",0.00168599604626605,-8.77079752888631
"1829",0.00212212648032267,-8.31067327253504
"1830",0.00479183439963628,-6.68168395287603
"1831",0.00530062089551146,-6.47986263037819
"1832",0.00272962947725586,-7.80717880322663
"1833",0.00188986925304352,-8.54249526117474
"1834",0.00441064225016562,-6.84746993033787
"1835",0.00194452944359679,-8.48547052498907
"1836",0.00422812375402282,-6.93199388258608
"1837",0.00164424176878232,-8.82095186371498
"1838",0.00605631793438289,-6.21330653030509
"1839",0.00616652900647972,-6.17723831817739
"1840",0.00222473276480982,-8.2162369525613
"1841",0.00115260920602022,-9.53145406363319
"1842",0.00430853853097263,-6.89431304062236
"1843",0.00374672914454457,-7.1737440954671
"1844",0.00212028015168839,-8.31241410401208
"1845",0.00375250858991892,-7.17066141068062
"1846",0.00461493040619504,-6.75691698211085
"1847",0.00771975296563449,-5.72794582945517
"1848",0.00490831143183603,-6.63365060045453
"1849",0.00604095054307081,-6.21838780947382
"1850",0.013293726036184,-4.64092616331027
"1851",0.00299548290637762,-7.62129964578071
"1852",0.00159336563645216,-8.88381349485689
"1853",0.00275068315244505,-7.79181195816727
"1854",0.00307704798630462,-7.56756917520943
"1855",0.00153545027984031,-8.95786319808758
"1856",0.00214703852708304,-8.28733163126799
"1857",0.00345718564210567,-7.3346008382714
"1858",0.0019085713590474,-8.52280059271243
"1859",0.00328951291382493,-7.43403155134911
"1860",0.00941265747845858,-5.3313999104339
"1861",0.0097433226952163,-5.26234616072634
"1862",0.0163917010068424,-4.22196021679929
"1863",0.00110525362876848,-9.61536088410548
"1864",0.00759938644897182,-5.75937553069434
"1865",0.0027473464163273,-7.79423954534968
"1866",0.00226250082697205,-8.1825690337555
"1867",0.0058098654478087,-6.29639573422264
"1868",0.00408352938313047,-7.00158723923369
"1869",0.0021958397830728,-8.24238143304865
"1870",0.00359778108510272,-7.25487597760093
"1871",0.00394723687996139,-7.06947893782126
"1872",0.00483313601198301,-6.6645194883281
"1873",0.00169712339743246,-8.75764116065602
"1874",0.00225356391912002,-8.19048470372081
"1875",0.00436435880974861,-6.86856798801773
"1876",0.00415876632893294,-6.96507360847045
"1877",0.00424793693927123,-6.92264367991402
"1878",0.00238559802470677,-8.07661088392206
"1879",0.00359593894492452,-7.25590028225042
"1880",0.00573641526051331,-6.32184156563653
"1881",0.00383338017553328,-7.12801662530273
"1882",0.00443626333357287,-6.83588569682524
"1883",0.00262032748660422,-7.88891194826647
"1884",0.00521744915099288,-6.51149332983414
"1885",0.00555314605312895,-6.38678131081315
"1886",0.00278223340038665,-7.76900258476735
"1887",0.00531865236523016,-6.47307064504912
"1888",0.00797350530535281,-5.66326214080664
"1889",0.000715178521966682,-10.4859567307262
"1890",0.00979682681428648,-5.25139348039784
"1891",0.0131831885216452,-4.65762571589721
"1892",0.00678014892799805,-5.98751242297931
"1893",0.00288493969403786,-7.69650256504065
"1894",0.00167016706729395,-8.78966323452278
"1895",0.00166316481261012,-8.79806595616719
"1896",0.00259552358139166,-7.9079340344947
"1897",0.0407836222655934,-2.3989493864392
"1898",0.00394936004175802,-7.06840345587943
"1899",0.0022318307196265,-8.20986615960101
"1900",0.00581750182044278,-6.29376869972521
"1901",0.00621466187098702,-6.16168792162262
"1902",0.00181617760445354,-8.62204240755182
"1903",0.00252389411972196,-7.96390456916015
"1904",0.0013167897337749,-9.26511704883069
"1905",0.0029772480680049,-7.63351174447143
"1906",0.00527994944707008,-6.4876775114567
"1907",0.0100117102990153,-5.20799968241454
"1908",0.00162024657250797,-8.85035387213611
"1909",0.00331420876092674,-7.41907273664128
"1910",0.00350261503400892,-7.30849087378465
"1911",0.00315517070042832,-7.51742535944186
"1912",0.00123106167232742,-9.39975666732471
"1913",0.00139868633627095,-9.14444362820859
"1914",0.000984463362585734,-9.84682774962494
"1915",0.00363704144449123,-7.23316943560258
"1916",0.00165425239314751,-8.80881219681396
"1917",0.00398205387867686,-7.0519150857499
"1918",0.00232793548358904,-8.12554692546382
"1919",0.00527588400103373,-6.48921806105227
"1920",0.00208518179352913,-8.34579847278246
"1921",0.0062266694293184,-6.15782738233793
"1922",0.0111899733928128,-4.9854742688517
"1923",0.00358763442093694,-7.26052445869527
"1924",0.00219126860827392,-8.24654925936647
"1925",0.0014247498744923,-9.10751801468041
"1926",0.00356964545078194,-7.27057800325792
"1927",0.0108445301465587,-5.04818892014328
"1928",0.0021818304833305,-8.25518216651062
"1929",0.00457855896629502,-6.77274193308904
"1930",0.00607049940985595,-6.20862880439063
"1931",0.00279192639406451,-7.76204691517387
"1932",0.007210734418627,-5.86436894351891
"1933",0.00456542875172465,-6.77848569565731
"1934",0.00472307227089809,-6.71059157256013
"1935",0.00761852408652369,-5.75434523495278
"1936",0.00578752284681154,-6.3041018239287
"1937",0.00930992185146269,-5.35334916354213
"1938",0.00410033608104912,-6.99337267528745
"1939",0.00484996379185548,-6.65756807931484
"1940",0.00412458003674003,-6.98158214730711
"1941",0.00415698944557466,-6.96592831533462
"1942",0.00366336689871327,-7.21874527350519
"1943",0.00229524197897998,-8.15383400712744
"1944",0.00271275352154899,-7.81958220063507
"1945",0.00169381239094326,-8.76154687606686
"1946",0.00550160129807002,-6.40543216802917
"1947",0.0053494601187289,-6.46151927110668
"1948",0.00213119135270246,-8.30214827020927
"1949",0.00219486945805548,-8.24326541327127
"1950",0.00196155199727479,-8.46803856746328
"1951",0.00334236462119338,-7.40215350413837
"1952",0.00487095269711831,-6.64893147065641
"1953",0.00852445775893088,-5.52963172765203
"1954",0.00395504797672227,-7.06552509437142
"1955",0.00221261156138818,-8.2271635182542
"1956",0.00810017534894878,-5.63173913903938
"1957",0.00235757028541093,-8.10024746073032
"1958",0.00510086118390776,-6.55669178783455
"1959",0.00995010929905392,-5.22034348608486
"1960",0.000350701365503822,-11.9111510143471
"1961",0.00206499305322837,-8.36525683325772
"1962",0.0140903979734518,-4.52452341674189
"1963",0.0083946517157793,-5.56032095283035
"1964",0.00155390886047329,-8.9339633542013
"1965",0.00640790567082944,-6.10044557971332
"1966",0.00161288652913956,-8.85945966005238
"1967",0.00667809934240676,-6.01784372299926
"1968",0.00693204711785014,-5.94320022000193
"1969",0.00198858822105271,-8.44066065734387
"1970",0.00741394276808265,-5.80878578744387
"1971",0.00313996060538635,-7.52709005039196
"1972",0.00544384315429394,-6.42654001070969
"1973",0.00165315878843968,-8.81013480798947
"1974",0.00428424330580108,-6.90562266787629
"1975",0.00569876599993756,-6.33501123763654
"1976",0.0366338697483816,-2.61356412706982
"1977",0.00547468981518172,-6.41523931929169
"1978",0.00302491044496627,-7.60174758581479
"1979",0.00397233827709082,-7.05680074198972
"1980",0.00200745645627291,-8.42177360580536
"1981",0.00208050164400035,-8.35029247869352
"1982",0.00291590508091289,-7.67515003298558
"1983",0.00435718553830926,-6.87185789758905
"1984",0.00348309632172406,-7.31966726632936
"1985",0.00487287458746966,-6.64814250331528
"1986",0.000321418660387529,-12.0855320932928
"1987",0.00253247664736678,-7.95711508612385
"1988",0.00805444358839541,-5.64306268257678
"1989",0.0128805138314007,-4.70407933071874
"1990",0.000639704294414327,-10.7090090567231
"1991",0.00383585889135859,-7.12672381599532
"1992",0.0022261540438606,-8.21495965285885
"1993",0.00399220881591134,-7.04682122661188
"1994",0.00523891388536925,-6.50328215183572
"1995",0.00542620547943268,-6.43303039209968
"1996",0.00132943282475627,-9.24600575050954
"1997",0.00209515879401417,-8.33625186362997
"1998",0.0037436511416051,-7.17538780539644
"1999",0.00143941394338356,-9.08703846399203
"2000",0.00172854670481098,-8.72094855707792
