"time_point","file","culture_ID","indiv_per_frame","Ble_indiv_per_frame"
0,"sample_00001",1,29.44,0
0,"sample_00001",2,29.44,0
0,"sample_00001",3,29.44,0
0,"sample_00001",4,29.44,0
0,"sample_00001",5,29.44,0
0,"sample_00001",6,29.44,0
0,"sample_00001",7,29.44,0
0,"sample_00001",8,29.44,0
0,"sample_00001",9,29.44,0
0,"sample_00001",10,29.44,0
0,"sample_00001",11,29.44,0
0,"sample_00001",12,29.44,0
0,"sample_00001",13,29.44,0
0,"sample_00001",14,29.44,0
0,"sample_00001",15,29.44,0
0,"sample_00001",16,29.44,0
0,"sample_00001",17,29.44,0
0,"sample_00001",18,29.44,0
0,"sample_00001",19,29.44,0
0,"sample_00001",20,29.44,0
0,"sample_00001",21,29.44,0
0,"sample_00001",22,29.44,0
0,"sample_00001",23,29.44,0
0,"sample_00001",24,29.44,0
0,"sample_00001",25,29.44,0
0,"sample_00001",26,29.44,0
0,"sample_00001",27,29.44,0
0,"sample_00001",28,29.44,0
0,"sample_00001",29,29.44,0
0,"sample_00001",30,29.44,0
0,"sample_00001",31,29.44,0
0,"sample_00001",32,29.44,0
0,"sample_00001",33,29.44,0
0,"sample_00001",34,29.44,0
0,"sample_00001",35,29.44,0
0,"sample_00001",36,29.44,0
0,"sample_00001",37,29.44,0
0,"sample_00001",38,29.44,0
0,"sample_00001",39,29.44,0
0,"sample_00001",40,29.44,0
0,"sample_00001",41,29.44,0
0,"sample_00001",42,29.44,0
0,"sample_00001",43,29.44,0
0,"sample_00001",44,29.44,0
0,"sample_00001",45,29.44,0
0,"sample_00001",46,29.44,0
0,"sample_00001",47,29.44,0
0,"sample_00001",48,29.44,0
0,"sample_00001",49,29.44,0
0,"sample_00001",50,29.44,0
0,"sample_00001",51,29.44,0
0,"sample_00001",52,29.44,0
0,"sample_00001",53,29.44,0
0,"sample_00001",54,29.44,0
0,"sample_00001",55,29.44,0
0,"sample_00001",56,29.44,0
0,"sample_00001",57,29.44,0
0,"sample_00001",58,29.44,0
0,"sample_00001",59,29.44,0
0,"sample_00001",60,29.44,0
0,"sample_00001",61,29.44,0
0,"sample_00001",62,29.44,0
0,"sample_00001",63,29.44,0
0,"sample_00001",64,29.44,0
0,"sample_00001",65,29.44,0
0,"sample_00001",66,29.44,0
0,"sample_00001",67,29.44,0
0,"sample_00001",68,29.44,0
0,"sample_00001",69,29.44,0
0,"sample_00001",70,29.44,0
0,"sample_00001",71,29.44,0
0,"sample_00001",72,29.44,0
0,"sample_00001",73,29.44,0
0,"sample_00001",74,29.44,0
0,"sample_00001",75,29.44,0
0,"sample_00001",76,29.44,0
0,"sample_00001",77,29.44,0
0,"sample_00001",78,29.44,0
0,"sample_00001",79,29.44,0
0,"sample_00001",80,29.44,0
0,"sample_00001",81,29.44,0
0,"sample_00001",82,29.44,0
0,"sample_00001",83,29.44,0
0,"sample_00001",84,29.44,0
0,"sample_00001",85,29.44,0
0,"sample_00001",86,29.44,0
0,"sample_00001",87,29.44,0
0,"sample_00001",88,29.44,0
0,"sample_00001",89,29.44,0
0,"sample_00001",90,29.44,0
0,"sample_00001",91,29.44,0
0,"sample_00001",92,29.44,0
0,"sample_00001",93,29.44,0
0,"sample_00001",94,29.44,0
0,"sample_00001",95,29.44,0
0,"sample_00001",96,29.44,0
0,"sample_00001",97,29.44,0
0,"sample_00001",98,29.44,0
0,"sample_00001",99,29.44,0
0,"sample_00001",100,29.44,0
0,"sample_00001",101,29.44,0
0,"sample_00001",102,29.44,0
0,"sample_00001",103,29.44,0
0,"sample_00001",104,29.44,0
0,"sample_00001",105,29.44,0
0,"sample_00001",106,29.44,0
0,"sample_00001",107,29.44,0
0,"sample_00001",108,29.44,0
0,"sample_00001",109,29.44,0
0,"sample_00001",110,29.44,0
0,"sample_00002",1,28.872,0
0,"sample_00002",2,28.872,0
0,"sample_00002",3,28.872,0
0,"sample_00002",4,28.872,0
0,"sample_00002",5,28.872,0
0,"sample_00002",6,28.872,0
0,"sample_00002",7,28.872,0
0,"sample_00002",8,28.872,0
0,"sample_00002",9,28.872,0
0,"sample_00002",10,28.872,0
0,"sample_00002",11,28.872,0
0,"sample_00002",12,28.872,0
0,"sample_00002",13,28.872,0
0,"sample_00002",14,28.872,0
0,"sample_00002",15,28.872,0
0,"sample_00002",16,28.872,0
0,"sample_00002",17,28.872,0
0,"sample_00002",18,28.872,0
0,"sample_00002",19,28.872,0
0,"sample_00002",20,28.872,0
0,"sample_00002",21,28.872,0
0,"sample_00002",22,28.872,0
0,"sample_00002",23,28.872,0
0,"sample_00002",24,28.872,0
0,"sample_00002",25,28.872,0
0,"sample_00002",26,28.872,0
0,"sample_00002",27,28.872,0
0,"sample_00002",28,28.872,0
0,"sample_00002",29,28.872,0
0,"sample_00002",30,28.872,0
0,"sample_00002",31,28.872,0
0,"sample_00002",32,28.872,0
0,"sample_00002",33,28.872,0
0,"sample_00002",34,28.872,0
0,"sample_00002",35,28.872,0
0,"sample_00002",36,28.872,0
0,"sample_00002",37,28.872,0
0,"sample_00002",38,28.872,0
0,"sample_00002",39,28.872,0
0,"sample_00002",40,28.872,0
0,"sample_00002",41,28.872,0
0,"sample_00002",42,28.872,0
0,"sample_00002",43,28.872,0
0,"sample_00002",44,28.872,0
0,"sample_00002",45,28.872,0
0,"sample_00002",46,28.872,0
0,"sample_00002",47,28.872,0
0,"sample_00002",48,28.872,0
0,"sample_00002",49,28.872,0
0,"sample_00002",50,28.872,0
0,"sample_00002",51,28.872,0
0,"sample_00002",52,28.872,0
0,"sample_00002",53,28.872,0
0,"sample_00002",54,28.872,0
0,"sample_00002",55,28.872,0
0,"sample_00002",56,28.872,0
0,"sample_00002",57,28.872,0
0,"sample_00002",58,28.872,0
0,"sample_00002",59,28.872,0
0,"sample_00002",60,28.872,0
0,"sample_00002",61,28.872,0
0,"sample_00002",62,28.872,0
0,"sample_00002",63,28.872,0
0,"sample_00002",64,28.872,0
0,"sample_00002",65,28.872,0
0,"sample_00002",66,28.872,0
0,"sample_00002",67,28.872,0
0,"sample_00002",68,28.872,0
0,"sample_00002",69,28.872,0
0,"sample_00002",70,28.872,0
0,"sample_00002",71,28.872,0
0,"sample_00002",72,28.872,0
0,"sample_00002",73,28.872,0
0,"sample_00002",74,28.872,0
0,"sample_00002",75,28.872,0
0,"sample_00002",76,28.872,0
0,"sample_00002",77,28.872,0
0,"sample_00002",78,28.872,0
0,"sample_00002",79,28.872,0
0,"sample_00002",80,28.872,0
0,"sample_00002",81,28.872,0
0,"sample_00002",82,28.872,0
0,"sample_00002",83,28.872,0
0,"sample_00002",84,28.872,0
0,"sample_00002",85,28.872,0
0,"sample_00002",86,28.872,0
0,"sample_00002",87,28.872,0
0,"sample_00002",88,28.872,0
0,"sample_00002",89,28.872,0
0,"sample_00002",90,28.872,0
0,"sample_00002",91,28.872,0
0,"sample_00002",92,28.872,0
0,"sample_00002",93,28.872,0
0,"sample_00002",94,28.872,0
0,"sample_00002",95,28.872,0
0,"sample_00002",96,28.872,0
0,"sample_00002",97,28.872,0
0,"sample_00002",98,28.872,0
0,"sample_00002",99,28.872,0
0,"sample_00002",100,28.872,0
0,"sample_00002",101,28.872,0
0,"sample_00002",102,28.872,0
0,"sample_00002",103,28.872,0
0,"sample_00002",104,28.872,0
0,"sample_00002",105,28.872,0
0,"sample_00002",106,28.872,0
0,"sample_00002",107,28.872,0
0,"sample_00002",108,28.872,0
0,"sample_00002",109,28.872,0
0,"sample_00002",110,28.872,0
0,"sample_00003",1,21.912,0
0,"sample_00003",2,21.912,0
0,"sample_00003",3,21.912,0
0,"sample_00003",4,21.912,0
0,"sample_00003",5,21.912,0
0,"sample_00003",6,21.912,0
0,"sample_00003",7,21.912,0
0,"sample_00003",8,21.912,0
0,"sample_00003",9,21.912,0
0,"sample_00003",10,21.912,0
0,"sample_00003",11,21.912,0
0,"sample_00003",12,21.912,0
0,"sample_00003",13,21.912,0
0,"sample_00003",14,21.912,0
0,"sample_00003",15,21.912,0
0,"sample_00003",16,21.912,0
0,"sample_00003",17,21.912,0
0,"sample_00003",18,21.912,0
0,"sample_00003",19,21.912,0
0,"sample_00003",20,21.912,0
0,"sample_00003",21,21.912,0
0,"sample_00003",22,21.912,0
0,"sample_00003",23,21.912,0
0,"sample_00003",24,21.912,0
0,"sample_00003",25,21.912,0
0,"sample_00003",26,21.912,0
0,"sample_00003",27,21.912,0
0,"sample_00003",28,21.912,0
0,"sample_00003",29,21.912,0
0,"sample_00003",30,21.912,0
0,"sample_00003",31,21.912,0
0,"sample_00003",32,21.912,0
0,"sample_00003",33,21.912,0
0,"sample_00003",34,21.912,0
0,"sample_00003",35,21.912,0
0,"sample_00003",36,21.912,0
0,"sample_00003",37,21.912,0
0,"sample_00003",38,21.912,0
0,"sample_00003",39,21.912,0
0,"sample_00003",40,21.912,0
0,"sample_00003",41,21.912,0
0,"sample_00003",42,21.912,0
0,"sample_00003",43,21.912,0
0,"sample_00003",44,21.912,0
0,"sample_00003",45,21.912,0
0,"sample_00003",46,21.912,0
0,"sample_00003",47,21.912,0
0,"sample_00003",48,21.912,0
0,"sample_00003",49,21.912,0
0,"sample_00003",50,21.912,0
0,"sample_00003",51,21.912,0
0,"sample_00003",52,21.912,0
0,"sample_00003",53,21.912,0
0,"sample_00003",54,21.912,0
0,"sample_00003",55,21.912,0
0,"sample_00003",56,21.912,0
0,"sample_00003",57,21.912,0
0,"sample_00003",58,21.912,0
0,"sample_00003",59,21.912,0
0,"sample_00003",60,21.912,0
0,"sample_00003",61,21.912,0
0,"sample_00003",62,21.912,0
0,"sample_00003",63,21.912,0
0,"sample_00003",64,21.912,0
0,"sample_00003",65,21.912,0
0,"sample_00003",66,21.912,0
0,"sample_00003",67,21.912,0
0,"sample_00003",68,21.912,0
0,"sample_00003",69,21.912,0
0,"sample_00003",70,21.912,0
0,"sample_00003",71,21.912,0
0,"sample_00003",72,21.912,0
0,"sample_00003",73,21.912,0
0,"sample_00003",74,21.912,0
0,"sample_00003",75,21.912,0
0,"sample_00003",76,21.912,0
0,"sample_00003",77,21.912,0
0,"sample_00003",78,21.912,0
0,"sample_00003",79,21.912,0
0,"sample_00003",80,21.912,0
0,"sample_00003",81,21.912,0
0,"sample_00003",82,21.912,0
0,"sample_00003",83,21.912,0
0,"sample_00003",84,21.912,0
0,"sample_00003",85,21.912,0
0,"sample_00003",86,21.912,0
0,"sample_00003",87,21.912,0
0,"sample_00003",88,21.912,0
0,"sample_00003",89,21.912,0
0,"sample_00003",90,21.912,0
0,"sample_00003",91,21.912,0
0,"sample_00003",92,21.912,0
0,"sample_00003",93,21.912,0
0,"sample_00003",94,21.912,0
0,"sample_00003",95,21.912,0
0,"sample_00003",96,21.912,0
0,"sample_00003",97,21.912,0
0,"sample_00003",98,21.912,0
0,"sample_00003",99,21.912,0
0,"sample_00003",100,21.912,0
0,"sample_00003",101,21.912,0
0,"sample_00003",102,21.912,0
0,"sample_00003",103,21.912,0
0,"sample_00003",104,21.912,0
0,"sample_00003",105,21.912,0
0,"sample_00003",106,21.912,0
0,"sample_00003",107,21.912,0
0,"sample_00003",108,21.912,0
0,"sample_00003",109,21.912,0
0,"sample_00003",110,21.912,0
0,"sample_00004",1,36.12,0
0,"sample_00004",2,36.12,0
0,"sample_00004",3,36.12,0
0,"sample_00004",4,36.12,0
0,"sample_00004",5,36.12,0
0,"sample_00004",6,36.12,0
0,"sample_00004",7,36.12,0
0,"sample_00004",8,36.12,0
0,"sample_00004",9,36.12,0
0,"sample_00004",10,36.12,0
0,"sample_00004",11,36.12,0
0,"sample_00004",12,36.12,0
0,"sample_00004",13,36.12,0
0,"sample_00004",14,36.12,0
0,"sample_00004",15,36.12,0
0,"sample_00004",16,36.12,0
0,"sample_00004",17,36.12,0
0,"sample_00004",18,36.12,0
0,"sample_00004",19,36.12,0
0,"sample_00004",20,36.12,0
0,"sample_00004",21,36.12,0
0,"sample_00004",22,36.12,0
0,"sample_00004",23,36.12,0
0,"sample_00004",24,36.12,0
0,"sample_00004",25,36.12,0
0,"sample_00004",26,36.12,0
0,"sample_00004",27,36.12,0
0,"sample_00004",28,36.12,0
0,"sample_00004",29,36.12,0
0,"sample_00004",30,36.12,0
0,"sample_00004",31,36.12,0
0,"sample_00004",32,36.12,0
0,"sample_00004",33,36.12,0
0,"sample_00004",34,36.12,0
0,"sample_00004",35,36.12,0
0,"sample_00004",36,36.12,0
0,"sample_00004",37,36.12,0
0,"sample_00004",38,36.12,0
0,"sample_00004",39,36.12,0
0,"sample_00004",40,36.12,0
0,"sample_00004",41,36.12,0
0,"sample_00004",42,36.12,0
0,"sample_00004",43,36.12,0
0,"sample_00004",44,36.12,0
0,"sample_00004",45,36.12,0
0,"sample_00004",46,36.12,0
0,"sample_00004",47,36.12,0
0,"sample_00004",48,36.12,0
0,"sample_00004",49,36.12,0
0,"sample_00004",50,36.12,0
0,"sample_00004",51,36.12,0
0,"sample_00004",52,36.12,0
0,"sample_00004",53,36.12,0
0,"sample_00004",54,36.12,0
0,"sample_00004",55,36.12,0
0,"sample_00004",56,36.12,0
0,"sample_00004",57,36.12,0
0,"sample_00004",58,36.12,0
0,"sample_00004",59,36.12,0
0,"sample_00004",60,36.12,0
0,"sample_00004",61,36.12,0
0,"sample_00004",62,36.12,0
0,"sample_00004",63,36.12,0
0,"sample_00004",64,36.12,0
0,"sample_00004",65,36.12,0
0,"sample_00004",66,36.12,0
0,"sample_00004",67,36.12,0
0,"sample_00004",68,36.12,0
0,"sample_00004",69,36.12,0
0,"sample_00004",70,36.12,0
0,"sample_00004",71,36.12,0
0,"sample_00004",72,36.12,0
0,"sample_00004",73,36.12,0
0,"sample_00004",74,36.12,0
0,"sample_00004",75,36.12,0
0,"sample_00004",76,36.12,0
0,"sample_00004",77,36.12,0
0,"sample_00004",78,36.12,0
0,"sample_00004",79,36.12,0
0,"sample_00004",80,36.12,0
0,"sample_00004",81,36.12,0
0,"sample_00004",82,36.12,0
0,"sample_00004",83,36.12,0
0,"sample_00004",84,36.12,0
0,"sample_00004",85,36.12,0
0,"sample_00004",86,36.12,0
0,"sample_00004",87,36.12,0
0,"sample_00004",88,36.12,0
0,"sample_00004",89,36.12,0
0,"sample_00004",90,36.12,0
0,"sample_00004",91,36.12,0
0,"sample_00004",92,36.12,0
0,"sample_00004",93,36.12,0
0,"sample_00004",94,36.12,0
0,"sample_00004",95,36.12,0
0,"sample_00004",96,36.12,0
0,"sample_00004",97,36.12,0
0,"sample_00004",98,36.12,0
0,"sample_00004",99,36.12,0
0,"sample_00004",100,36.12,0
0,"sample_00004",101,36.12,0
0,"sample_00004",102,36.12,0
0,"sample_00004",103,36.12,0
0,"sample_00004",104,36.12,0
0,"sample_00004",105,36.12,0
0,"sample_00004",106,36.12,0
0,"sample_00004",107,36.12,0
0,"sample_00004",108,36.12,0
0,"sample_00004",109,36.12,0
0,"sample_00004",110,36.12,0
0,"sample_00005",1,26.448,0.168
0,"sample_00005",2,26.448,0.168
0,"sample_00005",3,26.448,0.168
0,"sample_00005",4,26.448,0.168
0,"sample_00005",5,26.448,0.168
0,"sample_00005",6,26.448,0.168
0,"sample_00005",7,26.448,0.168
0,"sample_00005",8,26.448,0.168
0,"sample_00005",9,26.448,0.168
0,"sample_00005",10,26.448,0.168
0,"sample_00005",11,26.448,0.168
0,"sample_00005",12,26.448,0.168
0,"sample_00005",13,26.448,0.168
0,"sample_00005",14,26.448,0.168
0,"sample_00005",15,26.448,0.168
0,"sample_00005",16,26.448,0.168
0,"sample_00005",17,26.448,0.168
0,"sample_00005",18,26.448,0.168
0,"sample_00005",19,26.448,0.168
0,"sample_00005",20,26.448,0.168
0,"sample_00005",21,26.448,0.168
0,"sample_00005",22,26.448,0.168
0,"sample_00005",23,26.448,0.168
0,"sample_00005",24,26.448,0.168
0,"sample_00005",25,26.448,0.168
0,"sample_00005",26,26.448,0.168
0,"sample_00005",27,26.448,0.168
0,"sample_00005",28,26.448,0.168
0,"sample_00005",29,26.448,0.168
0,"sample_00005",30,26.448,0.168
0,"sample_00005",31,26.448,0.168
0,"sample_00005",32,26.448,0.168
0,"sample_00005",33,26.448,0.168
0,"sample_00005",34,26.448,0.168
0,"sample_00005",35,26.448,0.168
0,"sample_00005",36,26.448,0.168
0,"sample_00005",37,26.448,0.168
0,"sample_00005",38,26.448,0.168
0,"sample_00005",39,26.448,0.168
0,"sample_00005",40,26.448,0.168
0,"sample_00005",41,26.448,0.168
0,"sample_00005",42,26.448,0.168
0,"sample_00005",43,26.448,0.168
0,"sample_00005",44,26.448,0.168
0,"sample_00005",45,26.448,0.168
0,"sample_00005",46,26.448,0.168
0,"sample_00005",47,26.448,0.168
0,"sample_00005",48,26.448,0.168
0,"sample_00005",49,26.448,0.168
0,"sample_00005",50,26.448,0.168
0,"sample_00005",51,26.448,0.168
0,"sample_00005",52,26.448,0.168
0,"sample_00005",53,26.448,0.168
0,"sample_00005",54,26.448,0.168
0,"sample_00005",55,26.448,0.168
0,"sample_00005",56,26.448,0.168
0,"sample_00005",57,26.448,0.168
0,"sample_00005",58,26.448,0.168
0,"sample_00005",59,26.448,0.168
0,"sample_00005",60,26.448,0.168
0,"sample_00005",61,26.448,0.168
0,"sample_00005",62,26.448,0.168
0,"sample_00005",63,26.448,0.168
0,"sample_00005",64,26.448,0.168
0,"sample_00005",65,26.448,0.168
0,"sample_00005",66,26.448,0.168
0,"sample_00005",67,26.448,0.168
0,"sample_00005",68,26.448,0.168
0,"sample_00005",69,26.448,0.168
0,"sample_00005",70,26.448,0.168
0,"sample_00005",71,26.448,0.168
0,"sample_00005",72,26.448,0.168
0,"sample_00005",73,26.448,0.168
0,"sample_00005",74,26.448,0.168
0,"sample_00005",75,26.448,0.168
0,"sample_00005",76,26.448,0.168
0,"sample_00005",77,26.448,0.168
0,"sample_00005",78,26.448,0.168
0,"sample_00005",79,26.448,0.168
0,"sample_00005",80,26.448,0.168
0,"sample_00005",81,26.448,0.168
0,"sample_00005",82,26.448,0.168
0,"sample_00005",83,26.448,0.168
0,"sample_00005",84,26.448,0.168
0,"sample_00005",85,26.448,0.168
0,"sample_00005",86,26.448,0.168
0,"sample_00005",87,26.448,0.168
0,"sample_00005",88,26.448,0.168
0,"sample_00005",89,26.448,0.168
0,"sample_00005",90,26.448,0.168
0,"sample_00005",91,26.448,0.168
0,"sample_00005",92,26.448,0.168
0,"sample_00005",93,26.448,0.168
0,"sample_00005",94,26.448,0.168
0,"sample_00005",95,26.448,0.168
0,"sample_00005",96,26.448,0.168
0,"sample_00005",97,26.448,0.168
0,"sample_00005",98,26.448,0.168
0,"sample_00005",99,26.448,0.168
0,"sample_00005",100,26.448,0.168
0,"sample_00005",101,26.448,0.168
0,"sample_00005",102,26.448,0.168
0,"sample_00005",103,26.448,0.168
0,"sample_00005",104,26.448,0.168
0,"sample_00005",105,26.448,0.168
0,"sample_00005",106,26.448,0.168
0,"sample_00005",107,26.448,0.168
0,"sample_00005",108,26.448,0.168
0,"sample_00005",109,26.448,0.168
0,"sample_00005",110,26.448,0.168
0,"sample_00006",1,32.112,0.383999999999999
0,"sample_00006",2,32.112,0.383999999999999
0,"sample_00006",3,32.112,0.383999999999999
0,"sample_00006",4,32.112,0.383999999999999
0,"sample_00006",5,32.112,0.383999999999999
0,"sample_00006",6,32.112,0.383999999999999
0,"sample_00006",7,32.112,0.383999999999999
0,"sample_00006",8,32.112,0.383999999999999
0,"sample_00006",9,32.112,0.383999999999999
0,"sample_00006",10,32.112,0.383999999999999
0,"sample_00006",11,32.112,0.383999999999999
0,"sample_00006",12,32.112,0.383999999999999
0,"sample_00006",13,32.112,0.383999999999999
0,"sample_00006",14,32.112,0.383999999999999
0,"sample_00006",15,32.112,0.383999999999999
0,"sample_00006",16,32.112,0.383999999999999
0,"sample_00006",17,32.112,0.383999999999999
0,"sample_00006",18,32.112,0.383999999999999
0,"sample_00006",19,32.112,0.383999999999999
0,"sample_00006",20,32.112,0.383999999999999
0,"sample_00006",21,32.112,0.383999999999999
0,"sample_00006",22,32.112,0.383999999999999
0,"sample_00006",23,32.112,0.383999999999999
0,"sample_00006",24,32.112,0.383999999999999
0,"sample_00006",25,32.112,0.383999999999999
0,"sample_00006",26,32.112,0.383999999999999
0,"sample_00006",27,32.112,0.383999999999999
0,"sample_00006",28,32.112,0.383999999999999
0,"sample_00006",29,32.112,0.383999999999999
0,"sample_00006",30,32.112,0.383999999999999
0,"sample_00006",31,32.112,0.383999999999999
0,"sample_00006",32,32.112,0.383999999999999
0,"sample_00006",33,32.112,0.383999999999999
0,"sample_00006",34,32.112,0.383999999999999
0,"sample_00006",35,32.112,0.383999999999999
0,"sample_00006",36,32.112,0.383999999999999
0,"sample_00006",37,32.112,0.383999999999999
0,"sample_00006",38,32.112,0.383999999999999
0,"sample_00006",39,32.112,0.383999999999999
0,"sample_00006",40,32.112,0.383999999999999
0,"sample_00006",41,32.112,0.383999999999999
0,"sample_00006",42,32.112,0.383999999999999
0,"sample_00006",43,32.112,0.383999999999999
0,"sample_00006",44,32.112,0.383999999999999
0,"sample_00006",45,32.112,0.383999999999999
0,"sample_00006",46,32.112,0.383999999999999
0,"sample_00006",47,32.112,0.383999999999999
0,"sample_00006",48,32.112,0.383999999999999
0,"sample_00006",49,32.112,0.383999999999999
0,"sample_00006",50,32.112,0.383999999999999
0,"sample_00006",51,32.112,0.383999999999999
0,"sample_00006",52,32.112,0.383999999999999
0,"sample_00006",53,32.112,0.383999999999999
0,"sample_00006",54,32.112,0.383999999999999
0,"sample_00006",55,32.112,0.383999999999999
0,"sample_00006",56,32.112,0.383999999999999
0,"sample_00006",57,32.112,0.383999999999999
0,"sample_00006",58,32.112,0.383999999999999
0,"sample_00006",59,32.112,0.383999999999999
0,"sample_00006",60,32.112,0.383999999999999
0,"sample_00006",61,32.112,0.383999999999999
0,"sample_00006",62,32.112,0.383999999999999
0,"sample_00006",63,32.112,0.383999999999999
0,"sample_00006",64,32.112,0.383999999999999
0,"sample_00006",65,32.112,0.383999999999999
0,"sample_00006",66,32.112,0.383999999999999
0,"sample_00006",67,32.112,0.383999999999999
0,"sample_00006",68,32.112,0.383999999999999
0,"sample_00006",69,32.112,0.383999999999999
0,"sample_00006",70,32.112,0.383999999999999
0,"sample_00006",71,32.112,0.383999999999999
0,"sample_00006",72,32.112,0.383999999999999
0,"sample_00006",73,32.112,0.383999999999999
0,"sample_00006",74,32.112,0.383999999999999
0,"sample_00006",75,32.112,0.383999999999999
0,"sample_00006",76,32.112,0.383999999999999
0,"sample_00006",77,32.112,0.383999999999999
0,"sample_00006",78,32.112,0.383999999999999
0,"sample_00006",79,32.112,0.383999999999999
0,"sample_00006",80,32.112,0.383999999999999
0,"sample_00006",81,32.112,0.383999999999999
0,"sample_00006",82,32.112,0.383999999999999
0,"sample_00006",83,32.112,0.383999999999999
0,"sample_00006",84,32.112,0.383999999999999
0,"sample_00006",85,32.112,0.383999999999999
0,"sample_00006",86,32.112,0.383999999999999
0,"sample_00006",87,32.112,0.383999999999999
0,"sample_00006",88,32.112,0.383999999999999
0,"sample_00006",89,32.112,0.383999999999999
0,"sample_00006",90,32.112,0.383999999999999
0,"sample_00006",91,32.112,0.383999999999999
0,"sample_00006",92,32.112,0.383999999999999
0,"sample_00006",93,32.112,0.383999999999999
0,"sample_00006",94,32.112,0.383999999999999
0,"sample_00006",95,32.112,0.383999999999999
0,"sample_00006",96,32.112,0.383999999999999
0,"sample_00006",97,32.112,0.383999999999999
0,"sample_00006",98,32.112,0.383999999999999
0,"sample_00006",99,32.112,0.383999999999999
0,"sample_00006",100,32.112,0.383999999999999
0,"sample_00006",101,32.112,0.383999999999999
0,"sample_00006",102,32.112,0.383999999999999
0,"sample_00006",103,32.112,0.383999999999999
0,"sample_00006",104,32.112,0.383999999999999
0,"sample_00006",105,32.112,0.383999999999999
0,"sample_00006",106,32.112,0.383999999999999
0,"sample_00006",107,32.112,0.383999999999999
0,"sample_00006",108,32.112,0.383999999999999
0,"sample_00006",109,32.112,0.383999999999999
0,"sample_00006",110,32.112,0.383999999999999
0,"sample_00007",1,36.04,0.44
0,"sample_00007",2,36.04,0.44
0,"sample_00007",3,36.04,0.44
0,"sample_00007",4,36.04,0.44
0,"sample_00007",5,36.04,0.44
0,"sample_00007",6,36.04,0.44
0,"sample_00007",7,36.04,0.44
0,"sample_00007",8,36.04,0.44
0,"sample_00007",9,36.04,0.44
0,"sample_00007",10,36.04,0.44
0,"sample_00007",11,36.04,0.44
0,"sample_00007",12,36.04,0.44
0,"sample_00007",13,36.04,0.44
0,"sample_00007",14,36.04,0.44
0,"sample_00007",15,36.04,0.44
0,"sample_00007",16,36.04,0.44
0,"sample_00007",17,36.04,0.44
0,"sample_00007",18,36.04,0.44
0,"sample_00007",19,36.04,0.44
0,"sample_00007",20,36.04,0.44
0,"sample_00007",21,36.04,0.44
0,"sample_00007",22,36.04,0.44
0,"sample_00007",23,36.04,0.44
0,"sample_00007",24,36.04,0.44
0,"sample_00007",25,36.04,0.44
0,"sample_00007",26,36.04,0.44
0,"sample_00007",27,36.04,0.44
0,"sample_00007",28,36.04,0.44
0,"sample_00007",29,36.04,0.44
0,"sample_00007",30,36.04,0.44
0,"sample_00007",31,36.04,0.44
0,"sample_00007",32,36.04,0.44
0,"sample_00007",33,36.04,0.44
0,"sample_00007",34,36.04,0.44
0,"sample_00007",35,36.04,0.44
0,"sample_00007",36,36.04,0.44
0,"sample_00007",37,36.04,0.44
0,"sample_00007",38,36.04,0.44
0,"sample_00007",39,36.04,0.44
0,"sample_00007",40,36.04,0.44
0,"sample_00007",41,36.04,0.44
0,"sample_00007",42,36.04,0.44
0,"sample_00007",43,36.04,0.44
0,"sample_00007",44,36.04,0.44
0,"sample_00007",45,36.04,0.44
0,"sample_00007",46,36.04,0.44
0,"sample_00007",47,36.04,0.44
0,"sample_00007",48,36.04,0.44
0,"sample_00007",49,36.04,0.44
0,"sample_00007",50,36.04,0.44
0,"sample_00007",51,36.04,0.44
0,"sample_00007",52,36.04,0.44
0,"sample_00007",53,36.04,0.44
0,"sample_00007",54,36.04,0.44
0,"sample_00007",55,36.04,0.44
0,"sample_00007",56,36.04,0.44
0,"sample_00007",57,36.04,0.44
0,"sample_00007",58,36.04,0.44
0,"sample_00007",59,36.04,0.44
0,"sample_00007",60,36.04,0.44
0,"sample_00007",61,36.04,0.44
0,"sample_00007",62,36.04,0.44
0,"sample_00007",63,36.04,0.44
0,"sample_00007",64,36.04,0.44
0,"sample_00007",65,36.04,0.44
0,"sample_00007",66,36.04,0.44
0,"sample_00007",67,36.04,0.44
0,"sample_00007",68,36.04,0.44
0,"sample_00007",69,36.04,0.44
0,"sample_00007",70,36.04,0.44
0,"sample_00007",71,36.04,0.44
0,"sample_00007",72,36.04,0.44
0,"sample_00007",73,36.04,0.44
0,"sample_00007",74,36.04,0.44
0,"sample_00007",75,36.04,0.44
0,"sample_00007",76,36.04,0.44
0,"sample_00007",77,36.04,0.44
0,"sample_00007",78,36.04,0.44
0,"sample_00007",79,36.04,0.44
0,"sample_00007",80,36.04,0.44
0,"sample_00007",81,36.04,0.44
0,"sample_00007",82,36.04,0.44
0,"sample_00007",83,36.04,0.44
0,"sample_00007",84,36.04,0.44
0,"sample_00007",85,36.04,0.44
0,"sample_00007",86,36.04,0.44
0,"sample_00007",87,36.04,0.44
0,"sample_00007",88,36.04,0.44
0,"sample_00007",89,36.04,0.44
0,"sample_00007",90,36.04,0.44
0,"sample_00007",91,36.04,0.44
0,"sample_00007",92,36.04,0.44
0,"sample_00007",93,36.04,0.44
0,"sample_00007",94,36.04,0.44
0,"sample_00007",95,36.04,0.44
0,"sample_00007",96,36.04,0.44
0,"sample_00007",97,36.04,0.44
0,"sample_00007",98,36.04,0.44
0,"sample_00007",99,36.04,0.44
0,"sample_00007",100,36.04,0.44
0,"sample_00007",101,36.04,0.44
0,"sample_00007",102,36.04,0.44
0,"sample_00007",103,36.04,0.44
0,"sample_00007",104,36.04,0.44
0,"sample_00007",105,36.04,0.44
0,"sample_00007",106,36.04,0.44
0,"sample_00007",107,36.04,0.44
0,"sample_00007",108,36.04,0.44
0,"sample_00007",109,36.04,0.44
0,"sample_00007",110,36.04,0.44
0,"sample_00008",1,33.264,0
0,"sample_00008",2,33.264,0
0,"sample_00008",3,33.264,0
0,"sample_00008",4,33.264,0
0,"sample_00008",5,33.264,0
0,"sample_00008",6,33.264,0
0,"sample_00008",7,33.264,0
0,"sample_00008",8,33.264,0
0,"sample_00008",9,33.264,0
0,"sample_00008",10,33.264,0
0,"sample_00008",11,33.264,0
0,"sample_00008",12,33.264,0
0,"sample_00008",13,33.264,0
0,"sample_00008",14,33.264,0
0,"sample_00008",15,33.264,0
0,"sample_00008",16,33.264,0
0,"sample_00008",17,33.264,0
0,"sample_00008",18,33.264,0
0,"sample_00008",19,33.264,0
0,"sample_00008",20,33.264,0
0,"sample_00008",21,33.264,0
0,"sample_00008",22,33.264,0
0,"sample_00008",23,33.264,0
0,"sample_00008",24,33.264,0
0,"sample_00008",25,33.264,0
0,"sample_00008",26,33.264,0
0,"sample_00008",27,33.264,0
0,"sample_00008",28,33.264,0
0,"sample_00008",29,33.264,0
0,"sample_00008",30,33.264,0
0,"sample_00008",31,33.264,0
0,"sample_00008",32,33.264,0
0,"sample_00008",33,33.264,0
0,"sample_00008",34,33.264,0
0,"sample_00008",35,33.264,0
0,"sample_00008",36,33.264,0
0,"sample_00008",37,33.264,0
0,"sample_00008",38,33.264,0
0,"sample_00008",39,33.264,0
0,"sample_00008",40,33.264,0
0,"sample_00008",41,33.264,0
0,"sample_00008",42,33.264,0
0,"sample_00008",43,33.264,0
0,"sample_00008",44,33.264,0
0,"sample_00008",45,33.264,0
0,"sample_00008",46,33.264,0
0,"sample_00008",47,33.264,0
0,"sample_00008",48,33.264,0
0,"sample_00008",49,33.264,0
0,"sample_00008",50,33.264,0
0,"sample_00008",51,33.264,0
0,"sample_00008",52,33.264,0
0,"sample_00008",53,33.264,0
0,"sample_00008",54,33.264,0
0,"sample_00008",55,33.264,0
0,"sample_00008",56,33.264,0
0,"sample_00008",57,33.264,0
0,"sample_00008",58,33.264,0
0,"sample_00008",59,33.264,0
0,"sample_00008",60,33.264,0
0,"sample_00008",61,33.264,0
0,"sample_00008",62,33.264,0
0,"sample_00008",63,33.264,0
0,"sample_00008",64,33.264,0
0,"sample_00008",65,33.264,0
0,"sample_00008",66,33.264,0
0,"sample_00008",67,33.264,0
0,"sample_00008",68,33.264,0
0,"sample_00008",69,33.264,0
0,"sample_00008",70,33.264,0
0,"sample_00008",71,33.264,0
0,"sample_00008",72,33.264,0
0,"sample_00008",73,33.264,0
0,"sample_00008",74,33.264,0
0,"sample_00008",75,33.264,0
0,"sample_00008",76,33.264,0
0,"sample_00008",77,33.264,0
0,"sample_00008",78,33.264,0
0,"sample_00008",79,33.264,0
0,"sample_00008",80,33.264,0
0,"sample_00008",81,33.264,0
0,"sample_00008",82,33.264,0
0,"sample_00008",83,33.264,0
0,"sample_00008",84,33.264,0
0,"sample_00008",85,33.264,0
0,"sample_00008",86,33.264,0
0,"sample_00008",87,33.264,0
0,"sample_00008",88,33.264,0
0,"sample_00008",89,33.264,0
0,"sample_00008",90,33.264,0
0,"sample_00008",91,33.264,0
0,"sample_00008",92,33.264,0
0,"sample_00008",93,33.264,0
0,"sample_00008",94,33.264,0
0,"sample_00008",95,33.264,0
0,"sample_00008",96,33.264,0
0,"sample_00008",97,33.264,0
0,"sample_00008",98,33.264,0
0,"sample_00008",99,33.264,0
0,"sample_00008",100,33.264,0
0,"sample_00008",101,33.264,0
0,"sample_00008",102,33.264,0
0,"sample_00008",103,33.264,0
0,"sample_00008",104,33.264,0
0,"sample_00008",105,33.264,0
0,"sample_00008",106,33.264,0
0,"sample_00008",107,33.264,0
0,"sample_00008",108,33.264,0
0,"sample_00008",109,33.264,0
0,"sample_00008",110,33.264,0
0,"sample_00009",1,32.96,0
0,"sample_00009",2,32.96,0
0,"sample_00009",3,32.96,0
0,"sample_00009",4,32.96,0
0,"sample_00009",5,32.96,0
0,"sample_00009",6,32.96,0
0,"sample_00009",7,32.96,0
0,"sample_00009",8,32.96,0
0,"sample_00009",9,32.96,0
0,"sample_00009",10,32.96,0
0,"sample_00009",11,32.96,0
0,"sample_00009",12,32.96,0
0,"sample_00009",13,32.96,0
0,"sample_00009",14,32.96,0
0,"sample_00009",15,32.96,0
0,"sample_00009",16,32.96,0
0,"sample_00009",17,32.96,0
0,"sample_00009",18,32.96,0
0,"sample_00009",19,32.96,0
0,"sample_00009",20,32.96,0
0,"sample_00009",21,32.96,0
0,"sample_00009",22,32.96,0
0,"sample_00009",23,32.96,0
0,"sample_00009",24,32.96,0
0,"sample_00009",25,32.96,0
0,"sample_00009",26,32.96,0
0,"sample_00009",27,32.96,0
0,"sample_00009",28,32.96,0
0,"sample_00009",29,32.96,0
0,"sample_00009",30,32.96,0
0,"sample_00009",31,32.96,0
0,"sample_00009",32,32.96,0
0,"sample_00009",33,32.96,0
0,"sample_00009",34,32.96,0
0,"sample_00009",35,32.96,0
0,"sample_00009",36,32.96,0
0,"sample_00009",37,32.96,0
0,"sample_00009",38,32.96,0
0,"sample_00009",39,32.96,0
0,"sample_00009",40,32.96,0
0,"sample_00009",41,32.96,0
0,"sample_00009",42,32.96,0
0,"sample_00009",43,32.96,0
0,"sample_00009",44,32.96,0
0,"sample_00009",45,32.96,0
0,"sample_00009",46,32.96,0
0,"sample_00009",47,32.96,0
0,"sample_00009",48,32.96,0
0,"sample_00009",49,32.96,0
0,"sample_00009",50,32.96,0
0,"sample_00009",51,32.96,0
0,"sample_00009",52,32.96,0
0,"sample_00009",53,32.96,0
0,"sample_00009",54,32.96,0
0,"sample_00009",55,32.96,0
0,"sample_00009",56,32.96,0
0,"sample_00009",57,32.96,0
0,"sample_00009",58,32.96,0
0,"sample_00009",59,32.96,0
0,"sample_00009",60,32.96,0
0,"sample_00009",61,32.96,0
0,"sample_00009",62,32.96,0
0,"sample_00009",63,32.96,0
0,"sample_00009",64,32.96,0
0,"sample_00009",65,32.96,0
0,"sample_00009",66,32.96,0
0,"sample_00009",67,32.96,0
0,"sample_00009",68,32.96,0
0,"sample_00009",69,32.96,0
0,"sample_00009",70,32.96,0
0,"sample_00009",71,32.96,0
0,"sample_00009",72,32.96,0
0,"sample_00009",73,32.96,0
0,"sample_00009",74,32.96,0
0,"sample_00009",75,32.96,0
0,"sample_00009",76,32.96,0
0,"sample_00009",77,32.96,0
0,"sample_00009",78,32.96,0
0,"sample_00009",79,32.96,0
0,"sample_00009",80,32.96,0
0,"sample_00009",81,32.96,0
0,"sample_00009",82,32.96,0
0,"sample_00009",83,32.96,0
0,"sample_00009",84,32.96,0
0,"sample_00009",85,32.96,0
0,"sample_00009",86,32.96,0
0,"sample_00009",87,32.96,0
0,"sample_00009",88,32.96,0
0,"sample_00009",89,32.96,0
0,"sample_00009",90,32.96,0
0,"sample_00009",91,32.96,0
0,"sample_00009",92,32.96,0
0,"sample_00009",93,32.96,0
0,"sample_00009",94,32.96,0
0,"sample_00009",95,32.96,0
0,"sample_00009",96,32.96,0
0,"sample_00009",97,32.96,0
0,"sample_00009",98,32.96,0
0,"sample_00009",99,32.96,0
0,"sample_00009",100,32.96,0
0,"sample_00009",101,32.96,0
0,"sample_00009",102,32.96,0
0,"sample_00009",103,32.96,0
0,"sample_00009",104,32.96,0
0,"sample_00009",105,32.96,0
0,"sample_00009",106,32.96,0
0,"sample_00009",107,32.96,0
0,"sample_00009",108,32.96,0
0,"sample_00009",109,32.96,0
0,"sample_00009",110,32.96,0
0,"sample_00010",1,42.568,0
0,"sample_00010",2,42.568,0
0,"sample_00010",3,42.568,0
0,"sample_00010",4,42.568,0
0,"sample_00010",5,42.568,0
0,"sample_00010",6,42.568,0
0,"sample_00010",7,42.568,0
0,"sample_00010",8,42.568,0
0,"sample_00010",9,42.568,0
0,"sample_00010",10,42.568,0
0,"sample_00010",11,42.568,0
0,"sample_00010",12,42.568,0
0,"sample_00010",13,42.568,0
0,"sample_00010",14,42.568,0
0,"sample_00010",15,42.568,0
0,"sample_00010",16,42.568,0
0,"sample_00010",17,42.568,0
0,"sample_00010",18,42.568,0
0,"sample_00010",19,42.568,0
0,"sample_00010",20,42.568,0
0,"sample_00010",21,42.568,0
0,"sample_00010",22,42.568,0
0,"sample_00010",23,42.568,0
0,"sample_00010",24,42.568,0
0,"sample_00010",25,42.568,0
0,"sample_00010",26,42.568,0
0,"sample_00010",27,42.568,0
0,"sample_00010",28,42.568,0
0,"sample_00010",29,42.568,0
0,"sample_00010",30,42.568,0
0,"sample_00010",31,42.568,0
0,"sample_00010",32,42.568,0
0,"sample_00010",33,42.568,0
0,"sample_00010",34,42.568,0
0,"sample_00010",35,42.568,0
0,"sample_00010",36,42.568,0
0,"sample_00010",37,42.568,0
0,"sample_00010",38,42.568,0
0,"sample_00010",39,42.568,0
0,"sample_00010",40,42.568,0
0,"sample_00010",41,42.568,0
0,"sample_00010",42,42.568,0
0,"sample_00010",43,42.568,0
0,"sample_00010",44,42.568,0
0,"sample_00010",45,42.568,0
0,"sample_00010",46,42.568,0
0,"sample_00010",47,42.568,0
0,"sample_00010",48,42.568,0
0,"sample_00010",49,42.568,0
0,"sample_00010",50,42.568,0
0,"sample_00010",51,42.568,0
0,"sample_00010",52,42.568,0
0,"sample_00010",53,42.568,0
0,"sample_00010",54,42.568,0
0,"sample_00010",55,42.568,0
0,"sample_00010",56,42.568,0
0,"sample_00010",57,42.568,0
0,"sample_00010",58,42.568,0
0,"sample_00010",59,42.568,0
0,"sample_00010",60,42.568,0
0,"sample_00010",61,42.568,0
0,"sample_00010",62,42.568,0
0,"sample_00010",63,42.568,0
0,"sample_00010",64,42.568,0
0,"sample_00010",65,42.568,0
0,"sample_00010",66,42.568,0
0,"sample_00010",67,42.568,0
0,"sample_00010",68,42.568,0
0,"sample_00010",69,42.568,0
0,"sample_00010",70,42.568,0
0,"sample_00010",71,42.568,0
0,"sample_00010",72,42.568,0
0,"sample_00010",73,42.568,0
0,"sample_00010",74,42.568,0
0,"sample_00010",75,42.568,0
0,"sample_00010",76,42.568,0
0,"sample_00010",77,42.568,0
0,"sample_00010",78,42.568,0
0,"sample_00010",79,42.568,0
0,"sample_00010",80,42.568,0
0,"sample_00010",81,42.568,0
0,"sample_00010",82,42.568,0
0,"sample_00010",83,42.568,0
0,"sample_00010",84,42.568,0
0,"sample_00010",85,42.568,0
0,"sample_00010",86,42.568,0
0,"sample_00010",87,42.568,0
0,"sample_00010",88,42.568,0
0,"sample_00010",89,42.568,0
0,"sample_00010",90,42.568,0
0,"sample_00010",91,42.568,0
0,"sample_00010",92,42.568,0
0,"sample_00010",93,42.568,0
0,"sample_00010",94,42.568,0
0,"sample_00010",95,42.568,0
0,"sample_00010",96,42.568,0
0,"sample_00010",97,42.568,0
0,"sample_00010",98,42.568,0
0,"sample_00010",99,42.568,0
0,"sample_00010",100,42.568,0
0,"sample_00010",101,42.568,0
0,"sample_00010",102,42.568,0
0,"sample_00010",103,42.568,0
0,"sample_00010",104,42.568,0
0,"sample_00010",105,42.568,0
0,"sample_00010",106,42.568,0
0,"sample_00010",107,42.568,0
0,"sample_00010",108,42.568,0
0,"sample_00010",109,42.568,0
0,"sample_00010",110,42.568,0
0,"sample_00011",1,36.4,1
0,"sample_00011",2,36.4,1
0,"sample_00011",3,36.4,1
0,"sample_00011",4,36.4,1
0,"sample_00011",5,36.4,1
0,"sample_00011",6,36.4,1
0,"sample_00011",7,36.4,1
0,"sample_00011",8,36.4,1
0,"sample_00011",9,36.4,1
0,"sample_00011",10,36.4,1
0,"sample_00011",11,36.4,1
0,"sample_00011",12,36.4,1
0,"sample_00011",13,36.4,1
0,"sample_00011",14,36.4,1
0,"sample_00011",15,36.4,1
0,"sample_00011",16,36.4,1
0,"sample_00011",17,36.4,1
0,"sample_00011",18,36.4,1
0,"sample_00011",19,36.4,1
0,"sample_00011",20,36.4,1
0,"sample_00011",21,36.4,1
0,"sample_00011",22,36.4,1
0,"sample_00011",23,36.4,1
0,"sample_00011",24,36.4,1
0,"sample_00011",25,36.4,1
0,"sample_00011",26,36.4,1
0,"sample_00011",27,36.4,1
0,"sample_00011",28,36.4,1
0,"sample_00011",29,36.4,1
0,"sample_00011",30,36.4,1
0,"sample_00011",31,36.4,1
0,"sample_00011",32,36.4,1
0,"sample_00011",33,36.4,1
0,"sample_00011",34,36.4,1
0,"sample_00011",35,36.4,1
0,"sample_00011",36,36.4,1
0,"sample_00011",37,36.4,1
0,"sample_00011",38,36.4,1
0,"sample_00011",39,36.4,1
0,"sample_00011",40,36.4,1
0,"sample_00011",41,36.4,1
0,"sample_00011",42,36.4,1
0,"sample_00011",43,36.4,1
0,"sample_00011",44,36.4,1
0,"sample_00011",45,36.4,1
0,"sample_00011",46,36.4,1
0,"sample_00011",47,36.4,1
0,"sample_00011",48,36.4,1
0,"sample_00011",49,36.4,1
0,"sample_00011",50,36.4,1
0,"sample_00011",51,36.4,1
0,"sample_00011",52,36.4,1
0,"sample_00011",53,36.4,1
0,"sample_00011",54,36.4,1
0,"sample_00011",55,36.4,1
0,"sample_00011",56,36.4,1
0,"sample_00011",57,36.4,1
0,"sample_00011",58,36.4,1
0,"sample_00011",59,36.4,1
0,"sample_00011",60,36.4,1
0,"sample_00011",61,36.4,1
0,"sample_00011",62,36.4,1
0,"sample_00011",63,36.4,1
0,"sample_00011",64,36.4,1
0,"sample_00011",65,36.4,1
0,"sample_00011",66,36.4,1
0,"sample_00011",67,36.4,1
0,"sample_00011",68,36.4,1
0,"sample_00011",69,36.4,1
0,"sample_00011",70,36.4,1
0,"sample_00011",71,36.4,1
0,"sample_00011",72,36.4,1
0,"sample_00011",73,36.4,1
0,"sample_00011",74,36.4,1
0,"sample_00011",75,36.4,1
0,"sample_00011",76,36.4,1
0,"sample_00011",77,36.4,1
0,"sample_00011",78,36.4,1
0,"sample_00011",79,36.4,1
0,"sample_00011",80,36.4,1
0,"sample_00011",81,36.4,1
0,"sample_00011",82,36.4,1
0,"sample_00011",83,36.4,1
0,"sample_00011",84,36.4,1
0,"sample_00011",85,36.4,1
0,"sample_00011",86,36.4,1
0,"sample_00011",87,36.4,1
0,"sample_00011",88,36.4,1
0,"sample_00011",89,36.4,1
0,"sample_00011",90,36.4,1
0,"sample_00011",91,36.4,1
0,"sample_00011",92,36.4,1
0,"sample_00011",93,36.4,1
0,"sample_00011",94,36.4,1
0,"sample_00011",95,36.4,1
0,"sample_00011",96,36.4,1
0,"sample_00011",97,36.4,1
0,"sample_00011",98,36.4,1
0,"sample_00011",99,36.4,1
0,"sample_00011",100,36.4,1
0,"sample_00011",101,36.4,1
0,"sample_00011",102,36.4,1
0,"sample_00011",103,36.4,1
0,"sample_00011",104,36.4,1
0,"sample_00011",105,36.4,1
0,"sample_00011",106,36.4,1
0,"sample_00011",107,36.4,1
0,"sample_00011",108,36.4,1
0,"sample_00011",109,36.4,1
0,"sample_00011",110,36.4,1
0,"sample_00012",1,21.696,0
0,"sample_00012",2,21.696,0
0,"sample_00012",3,21.696,0
0,"sample_00012",4,21.696,0
0,"sample_00012",5,21.696,0
0,"sample_00012",6,21.696,0
0,"sample_00012",7,21.696,0
0,"sample_00012",8,21.696,0
0,"sample_00012",9,21.696,0
0,"sample_00012",10,21.696,0
0,"sample_00012",11,21.696,0
0,"sample_00012",12,21.696,0
0,"sample_00012",13,21.696,0
0,"sample_00012",14,21.696,0
0,"sample_00012",15,21.696,0
0,"sample_00012",16,21.696,0
0,"sample_00012",17,21.696,0
0,"sample_00012",18,21.696,0
0,"sample_00012",19,21.696,0
0,"sample_00012",20,21.696,0
0,"sample_00012",21,21.696,0
0,"sample_00012",22,21.696,0
0,"sample_00012",23,21.696,0
0,"sample_00012",24,21.696,0
0,"sample_00012",25,21.696,0
0,"sample_00012",26,21.696,0
0,"sample_00012",27,21.696,0
0,"sample_00012",28,21.696,0
0,"sample_00012",29,21.696,0
0,"sample_00012",30,21.696,0
0,"sample_00012",31,21.696,0
0,"sample_00012",32,21.696,0
0,"sample_00012",33,21.696,0
0,"sample_00012",34,21.696,0
0,"sample_00012",35,21.696,0
0,"sample_00012",36,21.696,0
0,"sample_00012",37,21.696,0
0,"sample_00012",38,21.696,0
0,"sample_00012",39,21.696,0
0,"sample_00012",40,21.696,0
0,"sample_00012",41,21.696,0
0,"sample_00012",42,21.696,0
0,"sample_00012",43,21.696,0
0,"sample_00012",44,21.696,0
0,"sample_00012",45,21.696,0
0,"sample_00012",46,21.696,0
0,"sample_00012",47,21.696,0
0,"sample_00012",48,21.696,0
0,"sample_00012",49,21.696,0
0,"sample_00012",50,21.696,0
0,"sample_00012",51,21.696,0
0,"sample_00012",52,21.696,0
0,"sample_00012",53,21.696,0
0,"sample_00012",54,21.696,0
0,"sample_00012",55,21.696,0
0,"sample_00012",56,21.696,0
0,"sample_00012",57,21.696,0
0,"sample_00012",58,21.696,0
0,"sample_00012",59,21.696,0
0,"sample_00012",60,21.696,0
0,"sample_00012",61,21.696,0
0,"sample_00012",62,21.696,0
0,"sample_00012",63,21.696,0
0,"sample_00012",64,21.696,0
0,"sample_00012",65,21.696,0
0,"sample_00012",66,21.696,0
0,"sample_00012",67,21.696,0
0,"sample_00012",68,21.696,0
0,"sample_00012",69,21.696,0
0,"sample_00012",70,21.696,0
0,"sample_00012",71,21.696,0
0,"sample_00012",72,21.696,0
0,"sample_00012",73,21.696,0
0,"sample_00012",74,21.696,0
0,"sample_00012",75,21.696,0
0,"sample_00012",76,21.696,0
0,"sample_00012",77,21.696,0
0,"sample_00012",78,21.696,0
0,"sample_00012",79,21.696,0
0,"sample_00012",80,21.696,0
0,"sample_00012",81,21.696,0
0,"sample_00012",82,21.696,0
0,"sample_00012",83,21.696,0
0,"sample_00012",84,21.696,0
0,"sample_00012",85,21.696,0
0,"sample_00012",86,21.696,0
0,"sample_00012",87,21.696,0
0,"sample_00012",88,21.696,0
0,"sample_00012",89,21.696,0
0,"sample_00012",90,21.696,0
0,"sample_00012",91,21.696,0
0,"sample_00012",92,21.696,0
0,"sample_00012",93,21.696,0
0,"sample_00012",94,21.696,0
0,"sample_00012",95,21.696,0
0,"sample_00012",96,21.696,0
0,"sample_00012",97,21.696,0
0,"sample_00012",98,21.696,0
0,"sample_00012",99,21.696,0
0,"sample_00012",100,21.696,0
0,"sample_00012",101,21.696,0
0,"sample_00012",102,21.696,0
0,"sample_00012",103,21.696,0
0,"sample_00012",104,21.696,0
0,"sample_00012",105,21.696,0
0,"sample_00012",106,21.696,0
0,"sample_00012",107,21.696,0
0,"sample_00012",108,21.696,0
0,"sample_00012",109,21.696,0
0,"sample_00012",110,21.696,0
1,"sample_00001",1,40.392,1
1,"sample_00002",2,38.312,0
1,"sample_00003",3,35.2,3
1,"sample_00004",4,36.48,0
1,"sample_00005",5,35.04,1.712
1,"sample_00006",6,42.608,1
1,"sample_00007",7,37.592,0
1,"sample_00008",8,40.968,2.552
1,"sample_00009",9,28.536,1.528
1,"sample_00010",10,37.992,1.952
1,"sample_00011",11,39.92,0.752000000000001
1,"sample_00012",12,55,4.88
1,"sample_00013",13,34.416,3
1,"sample_00014",14,28.312,1
1,"sample_00015",15,29,1
1,"sample_00016",16,52.096,1.512
1,"sample_00017",17,36.112,2
1,"sample_00018",18,41.952,3
1,"sample_00019",19,33.496,2
1,"sample_00020",20,37.984,2
1,"sample_00021",21,34.344,1.56
1,"sample_00022",22,69.6,0
1,"sample_00023",23,41.2,2.368
1,"sample_00024",24,47.776,1.896
1,"sample_00025",25,44.176,1.696
1,"sample_00026",26,39.456,3
1,"sample_00027",27,53.136,1
1,"sample_00028",28,42.176,1
1,"sample_00029",29,47.12,1.224
1,"sample_00030",30,26.888,2
1,"sample_00031",31,33.936,3
1,"sample_00032",32,39.048,3
1,"sample_00033",33,43.712,1.608
1,"sample_00034",34,44.616,0
1,"sample_00035",35,49.824,2
1,"sample_00036",36,35.792,0
1,"sample_00037",37,22.952,0
1,"sample_00038",38,37.576,2
1,"sample_00039",39,35.416,3.232
1,"sample_00040",40,27.248,1
1,"sample_00041",41,73.008,3.584
1,"sample_00042",42,29.752,4.66399999999999
1,"sample_00043",43,46.464,1
1,"sample_00044",44,39.464,2.024
1,"sample_00045",45,51.344,2
1,"sample_00046",46,33.224,2
1,"sample_00047",47,33.504,0
1,"sample_00048",48,49.528,2.448
1,"sample_00049",49,44.76,0.84
1,"sample_00050",50,38.168,1.784
1,"sample_00051",51,42.096,3
1,"sample_00052",52,36.92,0
1,"sample_00053",53,29.272,0
1,"sample_00054",54,47.648,1.424
1,"sample_00055",55,44.72,1
1,"sample_00056",56,39.344,1.48
1,"sample_00057",57,34.792,0
1,"sample_00058",58,44.192,1
1,"sample_00059",59,35.064,1
1,"sample_00060",60,41.888,3
1,"sample_00061",61,31.28,1.328
1,"sample_00062",62,37.616,0
1,"sample_00063",63,29.912,0.464000000000001
1,"sample_00064",64,41.152,1
1,"sample_00065",65,35.52,1
1,"sample_00066",66,46.016,1.304
1,"sample_00067",67,41.264,0
1,"sample_00068",68,35.768,3.92
1,"sample_00069",69,29.632,1
1,"sample_00070",70,58.04,1
1,"sample_00071",71,28.712,2
1,"sample_00072",72,43.936,1.736
1,"sample_00073",73,36.776,0
1,"sample_00074",74,53.48,0.808000000000001
1,"sample_00075",75,29.848,0
1,"sample_00076",76,35.808,2.592
1,"sample_00077",77,41.072,1
1,"sample_00078",78,39.44,3
1,"sample_00079",79,52.144,2.488
1,"sample_00080",80,44.592,0
1,"sample_00081",81,44.912,2
1,"sample_00082",82,21.176,1
1,"sample_00083",83,45.928,1.768
1,"sample_00084",84,39.016,2.76
1,"sample_00085",85,45.536,3
1,"sample_00086",86,43.608,1
1,"sample_00087",87,36.96,1
1,"sample_00088",88,46.44,1.584
1,"sample_00089",89,45.264,2.528
1,"sample_00090",90,43.808,3
1,"sample_00091",91,34.792,4
1,"sample_00092",92,28.48,1
1,"sample_00093",93,29.4,1.688
1,"sample_00094",94,44.184,2.304
1,"sample_00095",95,44.696,2
1,"sample_00096",96,39.696,2.432
1,"sample_00097",97,27,1.416
1,"sample_00098",98,39.76,5.856
1,"sample_00099",99,30.464,1
1,"sample_00100",100,27.704,3.424
1,"sample_00101",101,41.824,0
1,"sample_00102",102,30.688,3
1,"sample_00103",103,43.672,2.944
1,"sample_00104",104,45.472,4.03199999999999
1,"sample_00105",105,45.16,1.536
1,"sample_00106",106,33.928,1
1,"sample_00107",107,49.352,0.519999999999999
1,"sample_00108",108,31.4,4.36000000000001
1,"sample_00109",109,32.896,1
1,"sample_00110",110,50.016,2
2,"sample_00001",1,31.472,1
2,"sample_00002",2,58.144,3.24
2,"sample_00003",3,25.352,1.48
2,"sample_00004",4,26.424,0.888
2,"sample_00005",5,34.816,5.16
2,"sample_00006",6,31.848,2
2,"sample_00007",7,31.888,4.22400000000001
2,"sample_00008",8,37.44,0
2,"sample_00009",9,39.744,2.264
2,"sample_00010",10,31.384,2
2,"sample_00011",11,35.896,2
2,"sample_00012",12,29.456,2.464
2,"sample_00013",13,34.64,3.208
2,"sample_00014",14,34.696,1
2,"sample_00015",15,25.12,2
2,"sample_00016",16,23.44,1.032
2,"sample_00017",17,33.88,1
2,"sample_00018",18,26.784,2.488
2,"sample_00019",19,30.104,1.64
2,"sample_00020",20,23.736,2.464
2,"sample_00021",21,34.584,2
2,"sample_00022",22,21.416,2.824
2,"sample_00023",23,31.552,4.38399999999999
2,"sample_00024",24,34.664,3.52800000000001
2,"sample_00025",25,22.92,2.456
2,"sample_00026",26,34.112,0.992000000000001
2,"sample_00027",27,36.688,2.304
2,"sample_00028",28,28.68,2
2,"sample_00029",29,37.36,6.21600000000001
2,"sample_00030",30,40.408,2.52
2,"sample_00031",31,30.664,2.536
2,"sample_00032",32,32.136,0.527999999999999
2,"sample_00033",33,48.712,5.12000000000001
2,"sample_00034",34,27.456,2.912
2,"sample_00035",35,53.536,3
2,"sample_00036",36,40.608,5.36
2,"sample_00037",37,43.2,3.656
2,"sample_00038",38,37.776,3
2,"sample_00039",39,31.576,0
2,"sample_00040",40,44.96,3
2,"sample_00041",41,36.272,5.61599999999999
2,"sample_00042",42,47.792,0.984
2,"sample_00043",43,42.048,7.632
2,"sample_00044",44,57.144,2.272
2,"sample_00045",45,30.104,4.02400000000002
2,"sample_00046",46,33.632,0
2,"sample_00047",47,27.808,1
2,"sample_00048",48,24.624,2.064
2,"sample_00049",49,37.912,1.28
2,"sample_00050",50,38.056,6.00000000000001
2,"sample_00051",51,31.44,2.496
2,"sample_00052",52,32,2
2,"sample_00053",53,25.136,3
2,"sample_00054",54,30.2,1
2,"sample_00055",55,47.112,3
2,"sample_00056",56,24.552,2
2,"sample_00057",57,20.328,1.312
2,"sample_00058",58,21.216,2.312
2,"sample_00059",59,17.512,1
2,"sample_00060",60,29.904,0
2,"sample_00061",61,25.64,1.96
2,"sample_00062",62,32.984,1.776
2,"sample_00063",63,32.432,0.456000000000001
2,"sample_00064",64,32.176,1.96
2,"sample_00065",65,30.432,0.88
2,"sample_00066",66,26.104,2
2,"sample_00067",67,40.736,1
2,"sample_00068",68,31.488,2
2,"sample_00069",69,32.624,0
2,"sample_00070",70,30.304,2.68
2,"sample_00071",71,19.824,2
2,"sample_00072",72,28.344,4.23199999999998
2,"sample_00073",73,17.768,1
2,"sample_00074",74,23.024,1
2,"sample_00075",75,22.496,1.376
2,"sample_00076",76,18.992,0
2,"sample_00077",77,11.536,1
2,"sample_00078",78,20.608,0.88
2,"sample_00079",79,21.224,2
2,"sample_00080",80,10.192,0.871999999999999
2,"sample_00081",81,20.392,0.919999999999999
2,"sample_00082",82,34.944,1.984
2,"sample_00083",83,41.92,2.448
2,"sample_00084",84,29.296,1.496
2,"sample_00085",85,47.4,3
2,"sample_00086",86,44.984,4.23199999999998
2,"sample_00087",87,34.264,0
2,"sample_00088",88,30.288,3.376
2,"sample_00089",89,39.824,5.912
2,"sample_00090",90,38.232,2.512
2,"sample_00091",91,39.576,6.00000000000001
2,"sample_00092",92,29.568,1
2,"sample_00093",93,46.656,2.408
2,"sample_00094",94,40.216,1
2,"sample_00095",95,29.216,3
2,"sample_00096",96,32.96,1.416
2,"sample_00097",97,29.152,0.584
2,"sample_00098",98,38.824,1
2,"sample_00099",99,37.864,3.83199999999999
2,"sample_00100",100,33.912,2
2,"sample_00101",101,19.032,1.784
2,"sample_00102",102,26.808,1.816
2,"sample_00103",103,18.608,1
2,"sample_00104",104,19.344,0
2,"sample_00105",105,38.68,0.44
2,"sample_00106",106,22.624,1.184
2,"sample_00107",107,31.904,3.52000000000001
2,"sample_00108",108,33.456,2.712
2,"sample_00109",109,40.92,0.896000000000001
2,"sample_00110",110,34.568,4.56800000000001
3,"sample_00001",1,5.48,1
3,"sample_00002",2,21.624,2
3,"sample_00003",3,17.4,1.984
3,"sample_00004",4,8.816,0
3,"sample_00005",5,15.896,2
3,"sample_00006",6,27.672,4.86399999999999
3,"sample_00007",7,35.424,2.944
3,"sample_00008",8,20.856,0
3,"sample_00009",9,22.112,1
3,"sample_00010",10,30.544,2
3,"sample_00011",11,31.632,2.712
3,"sample_00012",12,36.512,4.16000000000002
3,"sample_00013",13,25.936,3.92
3,"sample_00014",14,17.912,2
3,"sample_00015",15,32.952,2
3,"sample_00016",16,9.392,1.736
3,"sample_00017",17,21.088,1
3,"sample_00018",18,22.04,0
3,"sample_00019",19,18.256,0
3,"sample_00020",20,17.072,0.856000000000001
3,"sample_00021",21,23.04,1
3,"sample_00022",22,12.496,1
3,"sample_00023",23,23.456,4
3,"sample_00024",24,19.664,0
3,"sample_00025",25,10.72,1
3,"sample_00026",26,35.104,4.76000000000001
3,"sample_00027",27,46.96,6.536
3,"sample_00028",28,33.224,1
3,"sample_00029",29,35.232,2
3,"sample_00030",30,35.192,5.53600000000002
3,"sample_00031",31,42.44,2
3,"sample_00032",32,22.056,3.92
3,"sample_00033",33,49.792,1.592
3,"sample_00034",34,33.424,1.92
3,"sample_00035",35,43.408,4.056
3,"sample_00036",36,20.28,1
3,"sample_00037",37,27.056,3.288
3,"sample_00038",38,30.288,0.304
3,"sample_00039",39,16.12,1
3,"sample_00040",40,17.192,0
3,"sample_00041",41,25.072,1
3,"sample_00042",42,27.696,0
3,"sample_00043",43,26.272,2.752
3,"sample_00044",44,22.192,1.208
3,"sample_00045",45,26.76,1
3,"sample_00046",46,16.976,1.352
3,"sample_00047",47,16.552,1
3,"sample_00048",48,17.016,1
3,"sample_00049",49,37.128,5.26400000000002
3,"sample_00050",50,37.048,2
3,"sample_00051",51,31.416,0
3,"sample_00052",52,18.376,0
3,"sample_00053",53,28.096,5.024
3,"sample_00054",54,27.992,1
3,"sample_00055",55,21.336,2.392
3,"sample_00056",56,6.184,0
3,"sample_00057",57,4.224,0
3,"sample_00058",58,4.352,0
3,"sample_00059",59,9.592,0
3,"sample_00060",60,4.512,2
3,"sample_00061",61,19.688,2
3,"sample_00062",62,27.216,1.464
3,"sample_00063",63,34.808,1
3,"sample_00064",64,18,5.40000000000002
3,"sample_00065",65,26.248,0
3,"sample_00066",66,33.528,1
3,"sample_00067",67,23.704,0.976
3,"sample_00068",68,30.288,4
3,"sample_00069",69,33.608,2.408
3,"sample_00070",70,34.896,4
3,"sample_00071",71,7.016,1
3,"sample_00072",72,5.632,0
3,"sample_00073",73,11.744,0
3,"sample_00074",74,9.288,0
3,"sample_00075",75,4.624,0
3,"sample_00076",76,1,0
3,"sample_00077",77,12.752,0
3,"sample_00078",78,8.08,0
3,"sample_00079",79,14.528,1.568
3,"sample_00080",80,6.816,0
3,"sample_00081",81,20.744,1.76
3,"sample_00082",82,23.104,2
3,"sample_00083",83,32.104,2.568
3,"sample_00084",84,34.128,4
3,"sample_00085",85,24.68,3.784
3,"sample_00086",86,23.976,2.984
3,"sample_00087",87,34.256,2
3,"sample_00088",88,30.872,3.368
3,"sample_00089",89,38.112,0
3,"sample_00090",90,26.712,1
3,"sample_00091",91,25.648,1.4
3,"sample_00092",92,31.472,1.864
3,"sample_00093",93,23.784,1.632
3,"sample_00094",94,43.12,6.192
3,"sample_00095",95,32.176,2
3,"sample_00096",96,12.568,2.584
3,"sample_00097",97,42.168,4.68800000000001
3,"sample_00098",98,23.952,3.336
3,"sample_00099",99,36.064,3.74400000000001
3,"sample_00100",100,16.824,1.528
3,"sample_00101",101,13.8,0
3,"sample_00102",102,33.112,1.264
3,"sample_00103",103,8.832,0
3,"sample_00104",104,21.448,2.536
3,"sample_00105",105,2.4,0
3,"sample_00106",106,21.68,1
3,"sample_00107",107,5.96,0.560000000000001
3,"sample_00108",108,21.464,1
3,"sample_00109",109,16.288,2
3,"sample_00110",110,38.76,3.024
4,"sample_00001",1,15.248,1.936
4,"sample_00002",2,8.832,0
4,"sample_00003",3,15.264,0
4,"sample_00004",4,13.808,1
4,"sample_00005",5,5.168,0
4,"sample_00006",6,6.768,1
4,"sample_00007",7,7.872,1
4,"sample_00008",8,6.6,0.976
4,"sample_00009",9,14.304,3.376
4,"sample_00010",10,10.056,2
4,"sample_00011",11,23.744,3.288
4,"sample_00012",12,24.752,2.76
4,"sample_00013",13,21.264,4.90400000000001
4,"sample_00014",14,21.544,3.376
4,"sample_00015",15,24.424,1
4,"sample_00016",16,5.592,0
4,"sample_00017",17,7.68,0
4,"sample_00018",18,4.032,1
4,"sample_00019",19,4.84,1.72
4,"sample_00020",20,4.376,0
4,"sample_00021",21,8,0
4,"sample_00022",22,8.616,2
4,"sample_00023",23,9.92,1
4,"sample_00024",24,7.504,2
4,"sample_00025",25,4.368,0
4,"sample_00026",26,4.976,1
4,"sample_00027",27,11.688,0
4,"sample_00028",28,27.208,2
4,"sample_00029",29,16.544,6.99999999999999
4,"sample_00030",30,33.8,1.584
4,"sample_00031",31,16.16,2.792
4,"sample_00032",32,31.16,4
4,"sample_00033",33,25.992,2.184
4,"sample_00034",34,32.552,5.27999999999999
4,"sample_00035",35,16.776,2
4,"sample_00036",36,28.472,1.56
4,"sample_00037",37,22.432,1
4,"sample_00038",38,23.528,3.66400000000001
4,"sample_00039",39,24.072,2.272
4,"sample_00040",40,19.264,2.672
4,"sample_00041",41,21.648,2
4,"sample_00042",42,19.28,2.072
4,"sample_00043",43,17.144,0
4,"sample_00044",44,24.632,3
4,"sample_00045",45,29.12,3.72
4,"sample_00046",46,20.632,0.272
4,"sample_00047",47,31.224,3.16
4,"sample_00048",48,11.464,0
4,"sample_00049",49,17.056,2
4,"sample_00050",50,18.248,0
4,"sample_00051",51,10.064,1.232
4,"sample_00052",52,17.24,1.496
4,"sample_00053",53,26.8,5.47999999999999
4,"sample_00054",54,13.296,1.648
4,"sample_00055",55,28.592,2
4,"sample_00056",56,2.688,0
4,"sample_00058",58,2.096,0
4,"sample_00059",59,3.792,0
4,"sample_00060",60,1.088,0
4,"sample_00061",61,13.888,3
4,"sample_00062",62,10.888,0.688
4,"sample_00063",63,25.608,4.42400000000001
4,"sample_00064",64,9.368,3
4,"sample_00065",65,11.08,3
4,"sample_00066",66,43.848,3.928
4,"sample_00067",67,24.584,3
4,"sample_00068",68,27.488,3
4,"sample_00069",69,31.44,4
4,"sample_00070",70,35.808,1.536
4,"sample_00071",71,4.216,0
4,"sample_00072",72,4.712,1
4,"sample_00073",73,4.928,0
4,"sample_00074",74,5.976,0
4,"sample_00075",75,3.024,1
4,"sample_00076",76,2,1
4,"sample_00077",77,4,0
4,"sample_00078",78,4.256,1
4,"sample_00079",79,2.376,0
4,"sample_00080",80,8.68,0
4,"sample_00081",81,10.752,1
4,"sample_00082",82,27.456,0
4,"sample_00083",83,13.48,4.44799999999999
4,"sample_00084",84,10.888,2.72
4,"sample_00085",85,14.08,5.45600000000001
4,"sample_00086",86,16.304,0
4,"sample_00087",87,24.936,4.608
4,"sample_00088",88,9.856,1.656
4,"sample_00089",89,11.272,1
4,"sample_00090",90,25.856,2
4,"sample_00091",91,21.752,3.072
4,"sample_00092",92,23.328,3
4,"sample_00093",93,19.984,2.112
4,"sample_00094",94,12.624,1
4,"sample_00095",95,24.608,4
4,"sample_00096",96,19.92,2
4,"sample_00097",97,17.888,2.6
4,"sample_00098",98,26.608,2.608
4,"sample_00099",99,25.552,2
4,"sample_00100",100,10.96,0.856000000000001
4,"sample_00101",101,3.888,0
4,"sample_00102",102,13.736,3.83999999999999
4,"sample_00103",103,2.832,0
4,"sample_00104",104,15.048,6.00000000000001
4,"sample_00105",105,4.048,0
4,"sample_00106",106,24.112,4.99999999999999
4,"sample_00107",107,2.736,0
4,"sample_00108",108,12.968,3.86400000000001
4,"sample_00109",109,4.264,0
4,"sample_00110",110,20.144,4.85599999999999
5,"sample_00001",1,3.84,0
5,"sample_00002",2,3.336,0
5,"sample_00003",3,3.432,0
5,"sample_00004",4,3.248,0
5,"sample_00005",5,4.272,0
5,"sample_00006",6,12.232,0.911999999999998
5,"sample_00007",7,7.736,1
5,"sample_00008",8,9.392,1
5,"sample_00009",9,11.816,1.872
5,"sample_00010",10,9.688,1
5,"sample_00011",11,20.32,3.44
5,"sample_00012",12,20.024,2.44
5,"sample_00013",13,21.968,7.07199999999999
5,"sample_00014",14,13.072,4
5,"sample_00015",15,22.68,1.984
5,"sample_00016",16,5.04,0
5,"sample_00017",17,3,0
5,"sample_00018",18,4.376,0
5,"sample_00019",19,5.136,0.375999999999999
5,"sample_00020",20,4.24,0
5,"sample_00021",21,7.584,0
5,"sample_00022",22,5.336,0.328
5,"sample_00023",23,9.792,0
5,"sample_00024",24,5.104,0.375999999999999
5,"sample_00025",25,7.592,0.24
5,"sample_00026",26,8.648,2.32
5,"sample_00027",27,4.296,0
5,"sample_00028",28,28.816,4.16000000000002
5,"sample_00029",29,19.992,2.832
5,"sample_00030",30,21.328,3.344
5,"sample_00031",31,10.96,1.448
5,"sample_00032",32,33.512,1.672
5,"sample_00033",33,17.776,3
5,"sample_00034",34,16.928,3.296
5,"sample_00035",35,17.944,2
5,"sample_00036",36,18.816,2.408
5,"sample_00037",37,23.272,0
5,"sample_00038",38,19.312,4
5,"sample_00039",39,11.264,0.888
5,"sample_00040",40,17.648,2
5,"sample_00041",41,10.4,3
5,"sample_00042",42,28.232,3
5,"sample_00043",43,9.608,1.696
5,"sample_00044",44,23.632,0.704000000000001
5,"sample_00045",45,25.544,4.59999999999999
5,"sample_00046",46,8.616,0
5,"sample_00047",47,12.52,3.328
5,"sample_00048",48,8.088,0.952000000000001
5,"sample_00049",49,12.536,6.79199999999999
5,"sample_00050",50,7.856,0
5,"sample_00051",51,17.592,3
5,"sample_00052",52,11.312,1
5,"sample_00053",53,16.088,5.21599999999999
5,"sample_00054",54,9.336,1
5,"sample_00055",55,26.632,3.88000000000001
5,"sample_00056",56,1,0
5,"sample_00057",57,0.672,0
5,"sample_00058",58,1.96,0
5,"sample_00060",60,1.224,0
5,"sample_00061",61,6.2,0.919999999999999
5,"sample_00062",62,9.656,2
5,"sample_00063",63,13.424,2.432
5,"sample_00064",64,8.192,1
5,"sample_00065",65,10.408,0.976
5,"sample_00066",66,13.448,0.392
5,"sample_00067",67,17.64,1
5,"sample_00068",68,19.44,3
5,"sample_00069",69,34.08,3
5,"sample_00070",70,34.464,6.76000000000001
5,"sample_00071",71,1,0
5,"sample_00072",72,4.256,1
5,"sample_00073",73,2.376,1
5,"sample_00074",74,3,0
5,"sample_00075",75,1.264,0
5,"sample_00076",76,1.68,0
5,"sample_00077",77,5.056,0
5,"sample_00078",78,1,0
5,"sample_00079",79,2.24,0
5,"sample_00080",80,3.056,0
5,"sample_00081",81,5.456,0
5,"sample_00082",82,10.864,3.89599999999999
5,"sample_00083",83,10.728,2
5,"sample_00084",84,12.216,0
5,"sample_00085",85,10.696,2
5,"sample_00086",86,10.712,1.328
5,"sample_00087",87,17.752,1
5,"sample_00088",88,8.824,2
5,"sample_00089",89,14.32,2
5,"sample_00090",90,24.104,2.608
5,"sample_00091",91,23.464,2.424
5,"sample_00092",92,14.952,3.68799999999999
5,"sample_00093",93,13.12,3
5,"sample_00094",94,15.368,4
5,"sample_00095",95,21.696,3.424
5,"sample_00096",96,10.96,4
5,"sample_00097",97,25.664,5.17600000000001
5,"sample_00098",98,9.16,1
5,"sample_00099",99,12.472,4
5,"sample_00100",100,15.04,4
5,"sample_00101",101,4.664,0
5,"sample_00102",102,18.416,3.656
5,"sample_00103",103,4.352,0
5,"sample_00104",104,19.696,2
5,"sample_00105",105,1.896,0
5,"sample_00106",106,9.696,1
5,"sample_00107",107,5.136,0
5,"sample_00108",108,4.8,1.992
5,"sample_00109",109,2.792,0
5,"sample_00110",110,23.232,4.36000000000001
6,"sample_00001",1,4,1
6,"sample_00002",2,1.04,0
6,"sample_00003",3,2.632,0
6,"sample_00004",4,0.376,0
6,"sample_00005",5,1,0
6,"sample_00006",6,9.04,0.800000000000001
6,"sample_00007",7,9,0
6,"sample_00008",8,12.744,4
6,"sample_00009",9,7.168,0
6,"sample_00010",10,13.216,3
6,"sample_00011",11,21.032,2.08
6,"sample_00012",12,21.016,4.93599999999999
6,"sample_00013",13,20.704,2.928
6,"sample_00014",14,10.52,1
6,"sample_00015",15,22.856,2.304
6,"sample_00016",16,2.72,0
6,"sample_00017",17,3.512,0
6,"sample_00018",18,2.992,0
6,"sample_00019",19,2.856,0
6,"sample_00020",20,0.584,0
6,"sample_00021",21,3.528,1.336
6,"sample_00022",22,1,0
6,"sample_00023",23,3.896,0
6,"sample_00024",24,3.048,0
6,"sample_00025",25,3,1
6,"sample_00026",26,8.288,1
6,"sample_00027",27,3.72,0
6,"sample_00028",28,22.856,4
6,"sample_00029",29,15.128,2
6,"sample_00030",30,23.92,3.88000000000001
6,"sample_00031",31,10.08,3
6,"sample_00032",32,24.728,5.95200000000002
6,"sample_00033",33,14.208,2
6,"sample_00034",34,23.456,3.96799999999999
6,"sample_00035",35,5.88,2.608
6,"sample_00036",36,14.656,6.99999999999999
6,"sample_00037",37,13.52,5.42399999999999
6,"sample_00038",38,18.144,3.256
6,"sample_00039",39,18.696,7.46400000000002
6,"sample_00040",40,17.008,2.416
6,"sample_00041",41,9.672,4
6,"sample_00042",42,9.168,6.76800000000001
6,"sample_00043",43,8.552,1
6,"sample_00044",44,11.448,4.43200000000001
6,"sample_00045",45,14.72,6.536
6,"sample_00046",46,5.96,0
6,"sample_00047",47,14.808,3
6,"sample_00048",48,5.688,0
6,"sample_00049",49,6.656,2
6,"sample_00050",50,7.36,0
6,"sample_00051",51,13.6,2.368
6,"sample_00052",52,3.96,1
6,"sample_00053",53,13.912,3.54399999999998
6,"sample_00054",54,6,0
6,"sample_00055",55,17.712,2
6,"sample_00056",56,0.32,0
6,"sample_00057",57,1,0
6,"sample_00058",58,0.64,0
6,"sample_00061",61,8.064,0
6,"sample_00062",62,4.896,0
6,"sample_00063",63,7,2
6,"sample_00064",64,8.232,0
6,"sample_00065",65,6.352,0
6,"sample_00066",66,10.856,1.808
6,"sample_00067",67,20.904,0.24
6,"sample_00068",68,8.936,1.536
6,"sample_00069",69,5.656,1.48
6,"sample_00070",70,21.032,4.56000000000001
6,"sample_00071",71,1.88,0
6,"sample_00072",72,0.888,0
6,"sample_00074",74,0.744,0
6,"sample_00078",78,2.336,0
6,"sample_00079",79,1,0
6,"sample_00080",80,1.6,0
6,"sample_00081",81,10.968,1
6,"sample_00082",82,4.304,0
6,"sample_00083",83,3.328,0
6,"sample_00084",84,8.176,2
6,"sample_00085",85,7.992,0
6,"sample_00086",86,11.32,2
6,"sample_00087",87,8.488,0
6,"sample_00088",88,5.336,1
6,"sample_00089",89,9.952,0
6,"sample_00090",90,13.68,0
6,"sample_00091",91,9.664,2.328
6,"sample_00092",92,4.424,1.528
6,"sample_00093",93,6.456,0
6,"sample_00094",94,6,1
6,"sample_00095",95,26.264,3
6,"sample_00096",96,10.12,0.248
6,"sample_00097",97,31.04,4
6,"sample_00098",98,11.32,1
6,"sample_00099",99,10.752,1.368
6,"sample_00100",100,5.88,1
6,"sample_00102",102,14.88,1
6,"sample_00103",103,0.928,0
6,"sample_00104",104,14.2,4
6,"sample_00105",105,1.504,0
6,"sample_00106",106,10.952,0
6,"sample_00107",107,4,0
6,"sample_00108",108,6.232,1
6,"sample_00109",109,2,0
6,"sample_00110",110,10.384,1
6,"sample_00111",1,4.768,1
6,"sample_00112",2,5.128,0
6,"sample_00113",3,1.752,0
6,"sample_00114",4,3.944,0
6,"sample_00115",5,2.504,0
6,"sample_00116",6,7.832,2
6,"sample_00117",7,13.872,1
6,"sample_00118",8,6.304,1
6,"sample_00119",9,6.464,0
6,"sample_00120",10,8.224,1
6,"sample_00121",11,23.304,3
6,"sample_00122",12,20.808,3.80800000000001
6,"sample_00123",13,18.456,3.59200000000001
6,"sample_00124",14,7.224,1
6,"sample_00125",15,23.48,5.64
6,"sample_00126",16,1,0
6,"sample_00127",17,3.224,0
6,"sample_00128",18,4.424,0
6,"sample_00129",19,4.312,0
6,"sample_00130",20,1.8,0
6,"sample_00131",21,3.376,0
6,"sample_00132",22,2.752,0
6,"sample_00133",23,3,0
6,"sample_00134",24,2.6,0
6,"sample_00135",25,3.032,0
6,"sample_00136",26,10.632,0
6,"sample_00137",27,10.176,2
6,"sample_00138",28,14.76,2
6,"sample_00139",29,13.856,1
6,"sample_00140",30,11.36,0
6,"sample_00141",31,11.96,2
6,"sample_00142",32,10.848,1
6,"sample_00143",33,7.464,1
6,"sample_00144",34,12.152,4.99999999999999
6,"sample_00145",35,7.848,0
6,"sample_00146",36,6.88,0.375999999999999
6,"sample_00147",37,7.872,1.152
6,"sample_00148",38,18.904,4.24799999999999
6,"sample_00149",39,13.672,3
6,"sample_00150",40,34,3.584
6,"sample_00151",41,13.128,1
6,"sample_00152",42,8.912,1
6,"sample_00153",43,11.352,2.496
6,"sample_00154",44,8.144,3.64
6,"sample_00155",45,13.704,2.8
6,"sample_00156",46,2.488,0
6,"sample_00157",47,8.96,2
6,"sample_00158",48,6.096,0
6,"sample_00159",49,15.32,4.99999999999999
6,"sample_00160",50,6.752,0
6,"sample_00161",51,9.696,1.52
6,"sample_00162",52,8.688,0
6,"sample_00163",53,9.376,3
6,"sample_00164",54,10.776,0
6,"sample_00165",55,17.44,5.61599999999999
6,"sample_00166",56,0.224,0
6,"sample_00168",58,1,0
6,"sample_00170",60,1.104,0
6,"sample_00171",61,7.784,1
6,"sample_00172",62,12.816,1
6,"sample_00173",63,4.424,2
6,"sample_00174",64,6.872,0
6,"sample_00175",65,9.88,0
6,"sample_00176",66,13.552,2.216
6,"sample_00177",67,20.336,2.288
6,"sample_00178",68,16.56,2
6,"sample_00179",69,9.912,0
6,"sample_00180",70,8.6,1.832
6,"sample_00181",71,3.328,0
6,"sample_00182",72,0.984,0
6,"sample_00183",73,1.504,0
6,"sample_00184",74,3.608,0
6,"sample_00186",76,1.08,0
6,"sample_00187",77,0.16,0
6,"sample_00188",78,2.28,0
6,"sample_00189",79,1.32,0
6,"sample_00190",80,1.304,0
6,"sample_00191",81,5.088,0
6,"sample_00192",82,9.376,0
6,"sample_00193",83,5.624,0
6,"sample_00194",84,7.24,0
6,"sample_00195",85,9.928,0
6,"sample_00196",86,14.312,3
6,"sample_00197",87,2.072,0
6,"sample_00198",88,4.328,1
6,"sample_00199",89,13.16,0
6,"sample_00200",90,12.008,2
6,"sample_00201",91,1.416,0.408000000000001
6,"sample_00202",92,8.728,1
6,"sample_00203",93,2.384,0
6,"sample_00204",94,12.272,0
6,"sample_00205",95,9.696,2.216
6,"sample_00206",96,15.528,3
6,"sample_00207",97,18.944,6.31199999999999
6,"sample_00208",98,8.64,2.936
6,"sample_00209",99,8.104,3
6,"sample_00210",100,12.104,3.168
6,"sample_00211",101,1.928,0
6,"sample_00212",102,5,0
6,"sample_00213",103,3.808,0
6,"sample_00214",104,17.384,1.36
6,"sample_00215",105,1.424,0
6,"sample_00216",106,9.384,0
6,"sample_00217",107,0.776,0
6,"sample_00218",108,5.712,0
6,"sample_00219",109,1,0
6,"sample_00220",110,4.928,1
7,"sample_00001",1,2,0
7,"sample_00002",2,0.648,0
7,"sample_00003",3,5,0
7,"sample_00004",4,2,0
7,"sample_00006",6,10.576,4
7,"sample_00007",7,6,0
7,"sample_00008",8,8.512,2
7,"sample_00009",9,3.776,1
7,"sample_00010",10,9.288,1
7,"sample_00011",11,20.456,0.519999999999999
7,"sample_00012",12,16.928,1
7,"sample_00013",13,26.488,3
7,"sample_00014",14,6.864,2
7,"sample_00015",15,26.224,3.344
7,"sample_00016",16,1,0
7,"sample_00017",17,1,0
7,"sample_00018",18,0.2,0
7,"sample_00019",19,1,0
7,"sample_00020",20,0.624,0
7,"sample_00022",22,1.224,0
7,"sample_00023",23,1,0
7,"sample_00024",24,4,0
7,"sample_00025",25,3,0
7,"sample_00026",26,5.496,0
7,"sample_00027",27,6.848,0
7,"sample_00028",28,15.624,1.4
7,"sample_00029",29,10.84,3
7,"sample_00030",30,20.432,3.112
7,"sample_00031",31,11.744,0
7,"sample_00032",32,25.664,4
7,"sample_00033",33,12.176,2
7,"sample_00034",34,22.136,1
7,"sample_00035",35,15.496,0.344
7,"sample_00036",36,11.976,2.944
7,"sample_00037",37,8.776,2.352
7,"sample_00038",38,22.856,0
7,"sample_00039",39,12.608,2
7,"sample_00040",40,15.368,1.376
7,"sample_00041",41,13.272,2.384
7,"sample_00042",42,10.704,1
7,"sample_00043",43,8.224,1
7,"sample_00044",44,6.384,1.608
7,"sample_00045",45,11.8,2
7,"sample_00046",46,6.752,2
7,"sample_00047",47,10.056,1
7,"sample_00048",48,4.816,0
7,"sample_00049",49,9.104,3
7,"sample_00050",50,2.784,0
7,"sample_00051",51,9.304,1
7,"sample_00052",52,4,1
7,"sample_00053",53,9.4,1
7,"sample_00054",54,4.784,0
7,"sample_00055",55,13.16,1
7,"sample_00061",61,6.856,0
7,"sample_00062",62,4.28,0
7,"sample_00063",63,10.144,4.70400000000001
7,"sample_00064",64,11.112,0
7,"sample_00065",65,1,0
7,"sample_00066",66,13.776,2
7,"sample_00067",67,16.8,1
7,"sample_00068",68,5.368,0
7,"sample_00069",69,7.552,2
7,"sample_00070",70,20.664,1
7,"sample_00074",74,1,0
7,"sample_00077",77,0.496,0
7,"sample_00078",78,1,0
7,"sample_00080",80,1,1
7,"sample_00081",81,4.904,0
7,"sample_00082",82,3.704,0
7,"sample_00083",83,8.84,0
7,"sample_00084",84,7.056,0
7,"sample_00085",85,8.624,1.992
7,"sample_00086",86,9.2,0
7,"sample_00087",87,4.24,1
7,"sample_00088",88,5.392,0.648000000000001
7,"sample_00089",89,5.32,1
7,"sample_00090",90,5.008,0.560000000000001
7,"sample_00091",91,15.336,7.37600000000001
7,"sample_00092",92,11.136,1
7,"sample_00093",93,9.544,2
7,"sample_00094",94,9.16,2
7,"sample_00095",95,11.568,1.416
7,"sample_00096",96,6.864,0
7,"sample_00097",97,8.944,3
7,"sample_00098",98,10.968,4
7,"sample_00099",99,10.504,3
7,"sample_00100",100,4.84,2
7,"sample_00101",101,1,0
7,"sample_00102",102,10.616,2.016
7,"sample_00103",103,1,0
7,"sample_00104",104,10.6,2
7,"sample_00105",105,0.248,0
7,"sample_00106",106,2.288,0
7,"sample_00107",107,1,1
7,"sample_00108",108,6.368,0
7,"sample_00109",109,2.224,0.560000000000001
7,"sample_00110",110,7.624,0
7,"sample_00111",1,2,0
7,"sample_00112",2,1.808,0
7,"sample_00113",3,1.984,0
7,"sample_00114",4,2.744,0.336
7,"sample_00116",6,12.928,0
7,"sample_00117",7,11.784,1
7,"sample_00118",8,3.56,0
7,"sample_00119",9,5.72,0
7,"sample_00120",10,11.744,2
7,"sample_00121",11,25.784,2.688
7,"sample_00122",12,18.44,3.36
7,"sample_00123",13,33.552,1
7,"sample_00124",14,5.624,2
7,"sample_00125",15,20.624,3.848
7,"sample_00126",16,2,1
7,"sample_00127",17,0.44,0
7,"sample_00128",18,1,0
7,"sample_00129",19,4,1
7,"sample_00130",20,0.376,0
7,"sample_00131",21,3.24,0
7,"sample_00132",22,1,0
7,"sample_00133",23,1,0
7,"sample_00134",24,3.856,0
7,"sample_00135",25,0.224,0
7,"sample_00136",26,6.624,0.216
7,"sample_00137",27,52.608,1
7,"sample_00138",28,8.112,0
7,"sample_00139",29,7.016,2
7,"sample_00140",30,5.128,0
7,"sample_00141",31,6.512,2
7,"sample_00142",32,7.984,1.8
7,"sample_00143",33,11.624,0.815999999999999
7,"sample_00144",34,24.256,2
7,"sample_00145",35,5.6,1
7,"sample_00146",36,9.536,3
7,"sample_00147",37,8.536,2
7,"sample_00148",38,15.12,1
7,"sample_00149",39,13.536,2
7,"sample_00150",40,16.504,4.01600000000001
7,"sample_00151",41,11.304,2
7,"sample_00152",42,8.512,2
7,"sample_00153",43,8.552,0
7,"sample_00154",44,8.728,2
7,"sample_00155",45,14.104,3.97599999999999
7,"sample_00156",46,4,0
7,"sample_00157",47,10.112,4
7,"sample_00158",48,6.472,0
7,"sample_00159",49,8.744,1
7,"sample_00160",50,7.256,0
7,"sample_00161",51,10.792,3.72
7,"sample_00162",52,7.952,0
7,"sample_00163",53,11.896,1.288
7,"sample_00164",54,8.184,0
7,"sample_00165",55,15,0
7,"sample_00169",59,1.816,0
7,"sample_00171",61,3.192,0
7,"sample_00172",62,1.912,0
7,"sample_00173",63,7.84,1
7,"sample_00174",64,9.312,1
7,"sample_00175",65,1.488,0
7,"sample_00176",66,8.096,0
7,"sample_00177",67,17.36,1.176
7,"sample_00178",68,7.672,2.952
7,"sample_00179",69,13.304,3
7,"sample_00180",70,14.736,2.96
7,"sample_00183",73,0.896,0
7,"sample_00187",77,1,0
7,"sample_00188",78,0.968,0
7,"sample_00190",80,4.744,0
7,"sample_00191",81,8.336,0
7,"sample_00192",82,4.136,0
7,"sample_00193",83,7.192,0
7,"sample_00194",84,7.944,0
7,"sample_00195",85,7.52,0
7,"sample_00196",86,12.296,0
7,"sample_00197",87,6.192,0
7,"sample_00198",88,8.008,0
7,"sample_00199",89,3.936,0
7,"sample_00200",90,3.408,1
7,"sample_00201",91,6.872,0.248
7,"sample_00202",92,7.672,1.656
7,"sample_00203",93,10.368,2
7,"sample_00204",94,9.96,1.84
7,"sample_00205",95,9.456,4.99999999999999
7,"sample_00206",96,6.472,1
7,"sample_00207",97,6.64,1
7,"sample_00208",98,15.856,3
7,"sample_00209",99,6.752,0
7,"sample_00210",100,6.344,0
7,"sample_00211",101,1,0
7,"sample_00212",102,6.872,0
7,"sample_00213",103,1.56,0
7,"sample_00214",104,17.6,0
7,"sample_00216",106,3.512,0.736
7,"sample_00218",108,6.016,0.488
7,"sample_00219",109,0.904,0
7,"sample_00220",110,10.024,0
