"","file","date","time_point","culture_ID","replicate","indiv_per_frame","indiv_per_volume","bioarea_per_frame","bioarea_per_volume","major_mean","major_sd","minor_mean","minor_sd","gross_speed_mean","gross_speed_sd","net_speed_mean","net_speed_sd","sd_turning_mean","Ble","Cep","Col","Eug","Eup","Lox","Pau","Pca","Spi","Spi_te","Tet"
"1","sample_00001","11.05.2022","t7",1,1,2.16,0.0627906976744186,3415.78782,99.2961575581395,49.3072961863464,24.1386539904827,25.5755049045053,14.9294524809874,327.442065468684,328.719858977494,303.4425,325.593477552914,0.38,0,0.0267441860465116,0,0.00767441860465116,0.0283720930232558,0,0,0,0,0,0
"2","sample_00002","11.05.2022","t7",2,1,0.64,0.0186046511627907,473.83542,13.7742854651163,46.3480125,13.9096565917463,21.0274701923077,1.96055281775322,181.97149122807,8.44496388232881,50.27,42.2001327012132,1.025,0,0.0186046511627907,0,0,0,0,0,0,0,0,0
"3","sample_00003","11.05.2022","t7",3,1,3.416,0.0993023255813953,4086.8469,118.803688953488,62.8982085673037,15.87745987674,23.7510917567672,2.98278566386845,206.80450058314,28.7542929744965,146.01,61.1384354208896,0.64625,0,0.08,0,0.0193023255813954,0,0,0,0,0,0,0
"4","sample_00004","11.05.2022","t7",4,1,2,0.0581395348837209,4039.6077,117.430456395349,67.4660502,7.36755004846378,38.9329578,4.93535105708358,357.006,302.245722550378,130.965,28.0226417384229,0.355,0,0.0290697674418605,0,0,0.0290697674418605,0,0,0,0,0,0
"5","sample_00005","11.05.2022","t7",5,1,0,0,0,0,NA,NA,NA,NA,NA,NA,NA,NA,NA,0,0,0,0,0,0,0,0,0,0,0
"6","sample_00006","11.05.2022","t7",6,1,10.008,0.29093023255814,25038.48186,727.862844767442,79.7948010699986,18.838148431511,36.552803368051,9.55240506872273,257.638431342956,227.45467769793,138.076666666667,127.874430547623,0.443333333333333,0.116279069767442,0.0948837209302326,0,0,0.0797674418604651,0,0,0,0,0,0
"7","sample_00007","11.05.2022","t7",7,1,6,0.174418604651163,11320.87428,329.09518255814,78.1325028,18.8684394701642,31.2406146,2.59188184858089,207.616,56.869716679442,104.468333333333,70.5925478833755,0.335,0,0.116279069767442,0,0,0.0290697674418605,0.0290697674418605,0,0,0,0,0
"8","sample_00008","11.05.2022","t7",8,1,7.68,0.223255813953488,21155.41962,614.983128488372,87.3220137883516,31.4599010695888,36.0410573037363,8.48994289693034,353.439803180903,230.234145719908,150.899,126.132373890819,0.543,0.0581395348837209,0.0506976744186047,0,0,0.0472093023255814,0.0290697674418605,0,0.0381395348837209,0,0,0
"9","sample_00009","11.05.2022","t7",9,1,3.152,0.0916279069767442,6330.0528,184.013162790698,58.5119166894282,23.310103845334,31.2022068217212,9.79974040260436,379.448458702333,263.12960209186,184.385,189.62298782057,0.401666666666667,0.0290697674418605,0.0197674418604651,0.0072093023255814,0,0.0355813953488372,0,0,0,0,0,0
"10","sample_00010","11.05.2022","t7",10,1,8.016,0.233023255813954,16521.38532,480.272829069768,77.2177915013423,17.9148127288666,30.2548120979873,8.26219269808525,262.085268187266,191.025132677998,154.424545454545,106.305467532356,0.532727272727273,0.0290697674418605,0.121162790697674,0,0,0.0537209302325581,0,0,0.0290697674418605,0,0,0
"11","sample_00011","11.05.2022","t7",11,1,17.696,0.514418604651163,32216.08464,936.514088372093,66.7429194116855,26.6408370031676,30.0442998244339,7.91187309933275,225.794467221178,147.787089789102,122.5325,151.920845030689,0.7259375,0.0151162790697674,0.375581395348837,0.00767441860465116,0,0.0872093023255814,0,0,0.0288372093023256,0,0,0
"12","sample_00012","11.05.2022","t7",12,1,14.568,0.423488372093023,22883.06214,665.205294767442,64.2864370224445,18.9231653003523,26.9672242089698,6.63362278893799,173.76408644842,83.8392149200159,99.7281818181818,87.2857450222596,0.788181818181818,0.0290697674418605,0.364418604651163,0,0,0.00953488372093023,0,0,0,0,0.0204651162790698,0
"13","sample_00013","11.05.2022","t7",13,1,27.2,0.790697674418605,77813.85366,2262.03062965116,74.942470737229,49.8754779684731,32.4732886675519,11.1487072247734,232.912384695309,148.29798480234,112.869268292683,132.508053592796,0.657317073170732,0.0872093023255814,0.460697674418605,0,0,0.145348837209302,0.0111627906976744,0,0,0,0.0862790697674419,0
"14","sample_00014","11.05.2022","t7",14,1,6.304,0.183255813953488,15101.71614,439.003376162791,88.540275556261,24.4675421213828,31.2875985920522,7.77953882993649,235.848947008753,155.056187522681,102.346,132.452151293296,0.52,0.0581395348837209,0.0662790697674419,0,0,0,0.0290697674418605,0,0.0297674418604651,0,0,0
"15","sample_00015","11.05.2022","t7",15,1,27.312,0.793953488372093,66233.68866,1925.39792616279,80.5809572747166,24.4411441035396,33.6320864852329,8.33133643806585,194.256443603473,113.981672988775,90.97375,75.1085420280338,0.63,0.0972093023255814,0.563720930232558,0,0,0.0355813953488372,0.0109302325581395,0.0865116279069768,0,0,0,0
"16","sample_00016","11.05.2022","t7",16,1,1.192,0.0346511627906977,2763.4932,80.3341046511628,59.46495255,52.7238827881704,25.447750425,14.7567092448052,161.189928571429,56.4583348523132,156.925,51.6258660944298,0.21,0,0.0290697674418605,0,0.00558139534883721,0,0,0,0,0,0,0
"17","sample_00017","11.05.2022","t7",17,1,1,0.0290697674418605,5796.51228,168.503263953488,144.7950492,NA,51.0143184,NA,559.15,NA,196.28,NA,0.4,0,0,0,0,0,0,0.0290697674418605,0,0,0,0
"18","sample_00018","11.05.2022","t7",18,1,0.192,0.00558139534883721,772.62336,22.4599813953488,110.03090625,NA,46.88836875,NA,779.471153846154,NA,332.26,NA,0.51,0,0,0,0,0,0,0,0.00558139534883721,0,0,0
"19","sample_00019","11.05.2022","t7",19,1,1.008,0.0293023255813953,2847.99888,82.7906651162791,102.803180886628,2.66690574436792,34.5012247674419,0.132426629093752,336.244912790698,64.7814644258274,69.9,66.3266160752981,0.535,0,0.00930232558139535,0,0,0,0,0.02,0,0,0,0
"20","sample_00020","11.05.2022","t7",20,1,0.88,0.0255813953488372,1101.98556,32.0344639534884,59.4656409986413,26.509135444419,25.9952317764946,8.5666336491355,118.504150548034,22.9600558021109,39.005,35.9139534164648,0.97,0,0.0255813953488372,0,0,0,0,0,0,0,0,0
"21","sample_00021","11.05.2022","t7",21,1,0,0,0,0,NA,NA,NA,NA,NA,NA,NA,NA,NA,0,0,0,0,0,0,0,0,0,0,0
"22","sample_00022","11.05.2022","t7",22,1,1.2,0.0348837209302326,2853.3789,82.9470610465116,79.6540733709395,11.417267319905,40.1277659258899,10.594505013359,306.406997665824,198.835201494435,279.015,217.286842790814,0.27,0,0.0225581395348837,0,0,0.0123255813953488,0,0,0,0,0,0
"23","sample_00023","11.05.2022","t7",23,1,1,0.0290697674418605,1730.00448,50.2908279069767,72.6626052,NA,30.7835316,NA,121.268,NA,72.67,NA,0.5,0,0.0290697674418605,0,0,0,0,0,0,0,0,0
"24","sample_00024","11.05.2022","t7",24,1,4.056,0.117906976744186,6313.25664,183.524902325581,63.6499737703641,24.7977344823759,27.1997292751178,7.80772733861449,252.863699896305,105.548660606665,173.996666666667,59.3056397542988,0.401666666666667,0,0.0888372093023256,0,0,0.0290697674418605,0,0,0,0,0,0
"25","sample_00025","11.05.2022","t7",25,1,2.872,0.0834883720930233,4669.20126,135.732594767442,72.0342700940547,15.8475462630427,26.371140631975,3.09288711332881,151.538564865341,46.6826250768785,113.08,57.6603289388236,0.5725,0,0.0834883720930233,0,0,0,0,0,0,0,0,0
"26","sample_00026","11.05.2022","t7",26,1,4.512,0.131162790697674,7036.6725,204.554433139535,61.2814183268957,13.9846317806171,26.8417060325053,8.59832094161152,283.061757561543,143.178095087746,204.61625,99.0790675510509,0.5,0,0.0893023255813954,0,0,0.0418604651162791,0,0,0,0,0,0
"27","sample_00027","11.05.2022","t7",27,1,5.512,0.160232558139535,9528.27786,276.984821511628,75.1798324108362,34.0660562341846,26.547549625532,6.92857696566256,260.919580774764,162.906326431829,174.617272727273,158.369081899903,0.544545454545455,0,0.113488372093023,0.0290697674418605,0,0,0,0,0.00906976744186047,0,0.0086046511627907,0
"28","sample_00028","11.05.2022","t7",28,1,10.552,0.306744186046512,33197.61024,965.046809302326,101.905095520336,58.5694932957607,35.732692195967,14.8721027593928,229.165486522996,155.623979756267,112.1,71.7347277769336,0.427142857142857,0.0406976744186046,0.138837209302326,0,0.0358139534883721,0.0290697674418605,0,0.0416279069767442,0.0206976744186047,0,0,0
"29","sample_00029","11.05.2022","t7",29,1,10.824,0.314651162790698,28470.01608,827.616746511628,94.5002582850614,35.672790276209,34.0390052081112,8.21011813481595,412.893810593576,272.155858371461,242.656,225.626672935626,0.504,0.0872093023255814,0.0595348837209302,0,0,0.0834883720930233,0,0,0.0844186046511628,0,0,0
"30","sample_00030","11.05.2022","t7",30,1,18.784,0.546046511627907,45194.26752,1313.78684651163,85.8058454932764,32.6735198930981,32.2187876533957,10.6226678410549,271.722626620916,159.061230657478,149.914,97.718179461354,0.508333333333333,0.0904651162790698,0.279302325581395,0,0,0.0862790697674419,0.0272093023255814,0.0432558139534884,0.0195348837209302,0,0,0
"31","sample_00031","11.05.2022","t7",31,1,11.408,0.331627906976744,17355.8133,504.529456395349,62.8516503944193,11.9549512817864,25.5482597246571,7.08154236646085,221.896707716247,121.804069108173,133.58619047619,68.546396365979,0.692857142857143,0,0.273488372093023,0,0,0.0581395348837209,0,0,0,0,0,0
"32","sample_00032","11.05.2022","t7",32,1,15.608,0.453720930232558,40775.56524,1185.33619883721,82.6561883194183,30.4530600522507,32.0424413650231,11.7091455015712,191.517238791259,98.0889075774614,119.152380952381,55.1769546916792,0.464761904761905,0.116279069767442,0.308372093023256,0,0,0,0,0,0.0290697674418605,0,0,0
"33","sample_00033","11.05.2022","t7",33,1,11.52,0.334883720930233,28449.8082,827.029308139535,80.6514649379597,29.8994603400197,32.1213835836458,9.73147643737419,278.641326158671,199.462205679165,164.01,146.428150445388,0.452,0.0581395348837209,0.163953488372093,0,0,0.0579069767441861,0,0,0.0548837209302326,0,0,0
"34","sample_00034","11.05.2022","t7",34,1,11.064,0.321627906976744,40969.90206,1190.985525,103.010936547037,83.6686483004973,31.2292352401305,10.6673890841337,323.190039492226,203.797979992966,207.269375,143.921970779019,0.499375,0.0290697674418605,0.151860465116279,0,0,0.0158139534883721,0,0.0290697674418605,0.0390697674418605,0.0276744186046512,0.0290697674418605,0
"35","sample_00035","11.05.2022","t7",35,1,14.272,0.414883720930233,34127.56638,992.080418023256,92.72015184613,30.8568711968419,29.9049343939762,6.70322973974803,381.601357433352,199.471007331745,214.029545454545,105.448946007389,0.464090909090909,0.01,0.162790697674419,0.00930232558139535,0,0.0513953488372093,0.0153488372093023,0,0.107906976744186,0,0.0581395348837209,0
"36","sample_00036","11.05.2022","t7",36,1,11.536,0.335348837209302,34422.15528,1000.64404883721,99.3473233245819,31.5195551645973,33.5783966246902,9.87868519334006,380.641011290253,327.833043820126,180.805,246.067556882251,0.478571428571429,0.0855813953488372,0.128837209302326,0,0,0,0,0.0265116279069767,0.0944186046511628,0,0,0
"37","sample_00037","11.05.2022","t7",37,1,8.288,0.24093023255814,23966.15202,696.690465697675,82.8715500813122,36.0388330084455,36.1777553588593,14.3951438155144,365.503993128068,229.336473795813,189.740769230769,175.901112250678,0.628461538461539,0.0683720930232558,0.00604651162790698,0,0.0130232558139535,0.106511627906977,0,0,0.0404651162790698,0.00651162790697674,0,0
"38","sample_00038","11.05.2022","t7",38,1,22.704,0.66,39475.69992,1147.54941627907,66.3903978281607,16.9295043502513,30.1600419891771,7.11968104502125,198.944823841558,107.545438725889,117.216944444444,118.363168591282,0.679722222222222,0,0.554186046511628,0,0,0.037906976744186,0.0388372093023256,0.0290697674418605,0,0,0,0
"39","sample_00039","11.05.2022","t7",39,1,10.2,0.296511627906977,28447.44624,826.960646511628,86.4618380054831,23.3474764544605,38.3976051319454,7.34629474324669,302.889135068416,168.379473613761,158.084615384615,108.904996335903,0.393846153846154,0.0581395348837209,0.104186046511628,0,0,0.113488372093023,0.0206976744186047,0,0,0,0,0
"40","sample_00040","11.05.2022","t7",40,1,15.584,0.453023255813953,39688.27632,1153.7289627907,77.3408229619349,33.4442670262839,32.8477801502613,11.4440003828268,201.942995995721,117.989067414081,92.6360869565217,61.9323276384746,0.550869565217391,0.04,0.262325581395349,0,0,0.0325581395348837,0.0223255813953488,0.0290697674418605,0,0,0.0667441860465116,0
"41","sample_00041","11.05.2022","t7",41,1,12.792,0.371860465116279,29453.90364,856.218129069768,77.9268460099639,24.5796100091774,30.1202259172602,9.35500393103177,215.859597206893,146.252983697121,131.72347826087,156.334875409072,0.62695652173913,0.0693023255813953,0.205116279069767,0,0,0.0581395348837209,0.0290697674418605,0,0.0102325581395349,0,0,0
"42","sample_00042","11.05.2022","t7",42,1,10.096,0.293488372093023,36917.30358,1073.17742965116,102.122838503289,68.3161237595145,35.3312432337652,13.5014199813621,353.645899826405,330.160318265281,246.514615384615,334.259931979475,0.506153846153846,0.0290697674418605,0.111627906976744,0,0,0.0581395348837209,0,0,0.0365116279069767,0.0290697674418605,0.0290697674418605,0
"43","sample_00043","11.05.2022","t7",43,1,9.216,0.267906976744186,21468.77298,624.092237790698,89.484877150067,25.2907547632965,32.9845089682905,6.00419951794065,235.167149339048,172.319650450457,142.285,144.563624967128,0.545,0.0290697674418605,0.13046511627907,0,0.0290697674418605,0.05,0,0,0.0125581395348837,0,0.0167441860465116,0
"44","sample_00044","11.05.2022","t7",44,1,4.216,0.122558139534884,11299.09176,328.461969767442,82.401320660605,42.8529229490519,30.5804545916057,12.5386669024108,193.441636862267,66.3576734490179,140.724285714286,90.895343272202,0.544285714285714,0.0467441860465116,0.0758139534883721,0,0,0,0,0,0,0,0,0
"45","sample_00045","11.05.2022","t7",45,1,8.416,0.244651162790698,23452.03206,681.745118023256,81.3018466498849,29.6614128453372,35.6026479439261,12.5288579500775,184.458289329895,135.832407143244,86.14,47.4729644698491,0.519,0.0581395348837209,0.142093023255814,0,0,0.0444186046511628,0,0,0,0,0,0
"46","sample_00046","11.05.2022","t7",46,1,6.32,0.183720930232558,16730.81244,486.360826744186,80.3554105530636,23.3786654072224,36.942495991776,15.0974753521894,221.978688311688,106.627778249419,100.425714285714,82.6643314570323,0.422857142857143,0.0581395348837209,0.0965116279069767,0,0,0.0290697674418605,0,0,0,0,0,0
"47","sample_00047","11.05.2022","t7",47,1,9.872,0.286976744186047,20238.0606,588.315715116279,69.74777082491,31.5202076101636,27.2657179144174,10.7847695562632,298.666590248339,169.129744077384,193.374,116.792894157625,0.474666666666667,0.0290697674418605,0.129302325581395,0,0,0.0665116279069767,0.023953488372093,0,0.0381395348837209,0,0,0
"48","sample_00048","11.05.2022","t7",48,1,4.632,0.134651162790698,10247.10102,297.880843604651,95.0290533186884,16.3891068800136,29.706954290902,3.78756647636797,446.843484863021,254.149393202745,299.641428571429,232.693890438961,0.582857142857143,0,0.0586046511627907,0,0,0.0290697674418605,0,0,0.0469767441860465,0,0,0
"49","sample_00049","11.05.2022","t7",49,1,8.256,0.24,21674.00106,630.058170348837,78.593055777418,32.9763906551882,33.592678130639,12.0002588352524,280.426792518319,233.213548811254,153.831666666667,176.296336208686,0.3725,0.0872093023255814,0.0644186046511628,0,0,0.0581395348837209,0,0,0.0302325581395349,0,0,0
"50","sample_00050","11.05.2022","t7",50,1,2.8,0.0813953488372093,4758.0372,138.315034883721,67.7647808451157,30.4436779730117,24.0089775799588,5.67213932392665,354.33690094908,172.749692507366,281.62,127.956626401293,0.67,0,0.0397674418604651,0,0,0,0,0.0244186046511628,0.0172093023255814,0,0,0
"51","sample_00051","11.05.2022","t7",51,1,7.672,0.223023255813953,18778.63176,545.890458139535,83.5167462505903,34.5254737251461,31.4678708547939,10.1463814262295,252.780965341853,163.544627700962,171.587272727273,171.590895509692,0.571818181818182,0.0290697674418605,0.0586046511627907,0.00953488372093023,0.00627906976744186,0.0690697674418605,0,0,0.0290697674418605,0,0.0213953488372093,0
"52","sample_00052","11.05.2022","t7",52,1,4.208,0.122325581395349,7607.34828,221.143845348837,76.872678562097,20.2748448600667,27.3584063385059,2.90466303609543,169.218409837986,55.5014073324926,127.796,77.4934779836342,0.61,0.0290697674418605,0.0932558139534884,0,0,0,0,0,0,0,0,0
"53","sample_00053","11.05.2022","t7",53,1,9.04,0.262790697674419,19578.54888,569.143862790698,81.7538959490805,16.1026376347407,35.2103651515039,6.55080453180445,252.373968448563,194.356058974785,153.245,197.001845465129,0.498,0.0290697674418605,0.116279069767442,0,0,0.0741860465116279,0.0290697674418605,0,0.0141860465116279,0,0,0
"54","sample_00054","11.05.2022","t7",54,1,3.784,0.11,8315.54262,241.730890116279,76.2712915740837,44.5429442531375,27.6809620024597,6.29319919944685,378.226254848871,270.584025163423,226.48,234.49226554409,0.532857142857143,0,0.0283720930232558,0.00674418604651163,0.0130232558139535,0,0,0.0327906976744186,0.0290697674418605,0,0,0
"55","sample_00055","11.05.2022","t7",55,1,11.248,0.326976744186046,30663.35838,891.376697093023,86.3204359412094,38.8226892018038,31.556298924211,11.7062356560047,318.339174677619,273.5769423453,219.953125,247.511014319734,0.500625,0.0290697674418605,0.165581395348837,0,0,0.036046511627907,0,0.0290697674418605,0.0448837209302326,0.0223255813953488,0,0
"56","sample_00056","11.05.2022","t7",56,1,0,0,0,0,NA,NA,NA,NA,NA,NA,NA,NA,NA,0,0,0,0,0,0,0,0,0,0,0
"57","sample_00057","11.05.2022","t7",57,1,0,0,0,0,NA,NA,NA,NA,NA,NA,NA,NA,NA,0,0,0,0,0,0,0,0,0,0,0
"58","sample_00058","11.05.2022","t7",58,1,0,0,0,0,NA,NA,NA,NA,NA,NA,NA,NA,NA,0,0,0,0,0,0,0,0,0,0,0
"59","sample_00059","11.05.2022","t7",59,1,0,0,0,0,NA,NA,NA,NA,NA,NA,NA,NA,NA,0,0,0,0,0,0,0,0,0,0,0
"60","sample_00060","11.05.2022","t7",60,1,0,0,0,0,NA,NA,NA,NA,NA,NA,NA,NA,NA,0,0,0,0,0,0,0,0,0,0,0
"61","sample_00061","11.05.2022","t7",61,1,6.696,0.194651162790698,15942.96756,463.458359302326,94.3462123849624,26.9183807773088,30.7404736646616,7.5284814330503,363.42694047619,259.07558138722,289.43375,239.812457852113,0.35625,0,0.107441860465116,0,0,0.0290697674418605,0,0,0.0290697674418605,0,0.0290697674418605,0
"62","sample_00062","11.05.2022","t7",62,1,4.392,0.127674418604651,6982.34742,202.975215697674,71.9269359111753,32.5165877749375,26.1520590200773,6.33929334425569,338.786200101095,336.582781067405,251.622857142857,311.716945091445,0.597142857142857,0,0.0841860465116279,0,0.00627906976744186,0.0290697674418605,0,0,0.00813953488372093,0,0,0
"63","sample_00063","11.05.2022","t7",63,1,10.072,0.292790697674419,34885.23066,1014.10554244186,99.9302899845779,26.1892602749672,40.4373678448052,11.1240269219165,293.964210056918,220.403267221404,160.535,127.999298186996,0.445,0.136744186046512,0.0558139534883721,0,0,0.0581395348837209,0,0.0290697674418605,0.0130232558139535,0,0,0
"64","sample_00064","11.05.2022","t7",64,1,9.728,0.282790697674419,21641.32728,629.108351162791,84.1630436722154,21.8496706499717,32.3019679946777,5.47801410369544,294.054345735341,204.545053968427,173.636153846154,192.522470789709,0.617692307692308,0,0.173023255813954,0,0,0.0455813953488372,0,0.0351162790697674,0.0290697674418605,0,0,0
"65","sample_00065","11.05.2022","t7",65,1,1,0.0290697674418605,1896.65388,55.1352872093023,74.2064652,NA,33.2240616,NA,121.246,NA,54.32,NA,0.72,0,0.0290697674418605,0,0,0,0,0,0,0,0,0
"66","sample_00066","11.05.2022","t7",66,1,12.016,0.349302325581395,32104.67886,933.275548255814,78.2790636109435,31.289834591663,33.2349170451099,10.0835799053408,237.423846219868,217.721918509328,154.182222222222,207.128933831238,0.518333333333333,0.0581395348837209,0.147441860465116,0,0.0162790697674419,0.07,0,0.0574418604651163,0,0,0,0
"67","sample_00067","11.05.2022","t7",67,1,15.592,0.453255813953488,32023.5849,930.918165697674,68.313850359361,20.5273152543851,30.9071504419084,9.33091610860393,215.757740835797,136.820502076051,89.9892857142857,93.2407140815313,0.632857142857143,0.0290697674418605,0.327441860465116,0.00813953488372093,0,0.0709302325581395,0.0086046511627907,0,0.00906976744186047,0,0,0
"68","sample_00068","11.05.2022","t7",68,1,2.84,0.0825581395348837,6310.76346,183.452426162791,72.0630637714286,2.75165349981844,38.7553464,6.61415307166504,408.874,294.845667371932,133.48,83.386007819058,0.5,0,0.0244186046511628,0,0,0.0290697674418605,0.0290697674418605,0,0,0,0,0
"69","sample_00069","11.05.2022","t7",69,1,5.416,0.157441860465116,15202.09944,441.921495348837,86.4685920950461,42.0530469041995,30.9824129794355,11.5424889824645,219.731322712418,142.595013425387,156.68875,156.642183375041,0.5475,0.0581395348837209,0.0881395348837209,0,0,0,0,0,0,0,0.0111627906976744,0
"70","sample_00070","11.05.2022","t7",70,1,11.8,0.343023255813954,38389.46076,1115.97269651163,95.3406022214929,37.299656731901,40.9838910824981,8.60114778891731,492.468155491188,318.710592313089,241.908,323.899282167422,0.355333333333333,0.0290697674418605,0.0490697674418605,0,0,0.182790697674419,0,0.047906976744186,0.00930232558139535,0,0.0248837209302326,0
"71","sample_00071","11.05.2022","t7",71,1,0,0,0,0,NA,NA,NA,NA,NA,NA,NA,NA,NA,0,0,0,0,0,0,0,0,0,0,0
"72","sample_00072","11.05.2022","t7",72,1,0,0,0,0,NA,NA,NA,NA,NA,NA,NA,NA,NA,0,0,0,0,0,0,0,0,0,0,0
"73","sample_00073","11.05.2022","t7",73,1,0,0,0,0,NA,NA,NA,NA,NA,NA,NA,NA,NA,0,0,0,0,0,0,0,0,0,0,0
"74","sample_00074","11.05.2022","t7",74,1,0.656,0.0190697674418605,361.5111,10.5090436046512,40.3176279807692,11.4906591153532,16.5195631730769,0.990652113033935,119.665621266428,28.23337138657,59.005,5.16895057047366,1.05,0,0.012093023255814,0,0.00697674418604651,0,0,0,0,0,0,0
"75","sample_00075","11.05.2022","t7",75,1,0,0,0,0,NA,NA,NA,NA,NA,NA,NA,NA,NA,0,0,0,0,0,0,0,0,0,0,0
"76","sample_00076","11.05.2022","t7",76,1,0,0,0,0,NA,NA,NA,NA,NA,NA,NA,NA,NA,0,0,0,0,0,0,0,0,0,0,0
"77","sample_00077","11.05.2022","t7",77,1,0.416,0.012093023255814,920.90196,26.7704058139535,83.2861471153846,NA,31.4795596153846,NA,131.091346153846,NA,14.21,NA,0.96,0,0.012093023255814,0,0,0,0,0,0,0,0,0
"78","sample_00078","11.05.2022","t7",78,1,1,0.0290697674418605,2016.1953,58.6103284883721,102.520728,NA,25.3634328,NA,112.654,NA,28.03,NA,0.94,0,0.0290697674418605,0,0,0,0,0,0,0,0,0
"79","sample_00079","11.05.2022","t7",79,1,0,0,0,0,NA,NA,NA,NA,NA,NA,NA,NA,NA,0,0,0,0,0,0,0,0,0,0,0
"80","sample_00080","11.05.2022","t7",80,1,1,0.0290697674418605,2678.06898,77.8508424418605,91.1761596,NA,37.6587792,NA,229.608,NA,122.45,NA,0.21,0.0290697674418605,0,0,0,0,0,0,0,0,0,0
"81","sample_00081","11.05.2022","t7",81,1,6,0.174418604651163,10191.59496,296.267295348837,66.1057522671839,13.9395469808519,31.4097062560837,5.58220216507614,229.261439222606,208.576794196201,142.538888888889,198.510177978639,0.768888888888889,0,0.110697674418605,0,0,0.0548837209302326,0.00883720930232558,0,0,0,0,0
"82","sample_00082","11.05.2022","t7",82,1,3.464,0.100697674418605,7800.89778,226.770284302326,90.3281679465517,15.0978388985156,29.4560618431034,5.53269346132822,306.485956896552,104.985574478616,113.8525,61.7830501971752,0.58,0,0.0425581395348837,0,0,0,0,0.0581395348837209,0,0,0,0
"83","sample_00083","11.05.2022","t7",83,1,7.68,0.223255813953488,16915.83264,491.739320930233,83.2042781431582,22.0697524735194,33.3730725548083,6.79905210676131,342.151226220535,244.428749892168,215.21,190.792063776248,0.550833333333333,0,0.124651162790698,0,0,0.0695348837209302,0,0,0.0290697674418605,0,0,0
"84","sample_00084","11.05.2022","t7",84,1,7.464,0.216976744186047,11147.139,324.044738372093,66.3919106370425,18.4042185705011,27.2333128297727,6.53950986193155,213.072549808718,134.790618046411,154.034,132.102176947565,0.609333333333333,0,0.191860465116279,0,0,0.0251162790697674,0,0,0,0,0,0
"85","sample_00085","11.05.2022","t7",85,1,7.344,0.213488372093023,19562.01516,568.663231395349,71.7979409806834,32.2137447230926,34.1510228524179,10.1592618329298,279.205837688278,210.83445453663,145.2425,105.832789138424,0.498333333333333,0.0579069767441861,0.0618604651162791,0,0.00651162790697674,0.0872093023255814,0,0,0,0,0,0
"86","sample_00086","11.05.2022","t7",86,1,5.384,0.156511627906977,13102.44822,380.885122674419,84.5324172735629,28.8520321010775,35.1412889385753,8.2926906829856,543.916171243364,351.427654799852,328.4925,310.877268513752,0.49,0,0.0418604651162791,0,0,0.0544186046511628,0,0.0537209302325581,0.00651162790697674,0,0,0
"87","sample_00087","11.05.2022","t7",87,1,3.656,0.106279069767442,11493.42858,334.111295930233,96.1731222866845,27.9898754929806,35.4142052290733,8.05316848911201,170.555578260205,121.450128522568,75.1366666666667,37.8066050666635,0.39,0.0290697674418605,0.0481395348837209,0,0,0,0,0.0290697674418605,0,0,0,0
"88","sample_00088","11.05.2022","t7",88,1,5.928,0.172325581395349,9570.39948,278.209287209302,64.9150654549147,16.6637278183456,28.3152197903463,7.07319233486617,246.410793179994,134.405944647353,99.4718181818182,99.1362979758859,0.690909090909091,0.0188372093023256,0.114883720930233,0,0,0.01,0,0.0286046511627907,0,0,0,0
"89","sample_00089","11.05.2022","t7",89,1,5.36,0.155813953488372,14249.31102,414.22415755814,85.3408934758585,33.3414516229592,36.1691361126545,9.51620037721254,439.416185124991,296.496090788142,181.914285714286,102.84271564824,0.447142857142857,0.0290697674418605,0.03,0,0,0.0676744186046512,0,0.0290697674418605,0,0,0,0
"90","sample_00090","11.05.2022","t7",90,1,5.544,0.161162790697674,13749.8877,399.706037790698,90.909438566114,36.1846072761503,31.8823194308804,9.42021669434461,486.823641351216,317.710038404455,325.778333333333,252.576446675361,0.53,0.0162790697674419,0.0451162790697674,0,0,0.0358139534883721,0,0,0.063953488372093,0,0,0
"91","sample_00091","11.05.2022","t7",91,1,13.608,0.395581395348837,48545.36388,1411.20243837209,94.7217367252897,34.7969894925018,37.5311536742202,11.0007104541175,323.829740302452,220.995586373338,157.3935,113.691233207129,0.3945,0.214418604651163,0.0648837209302326,0,0,0.0872093023255814,0,0,0.0125581395348837,0,0.0165116279069767,0
"92","sample_00092","11.05.2022","t7",92,1,11.096,0.322558139534884,25537.3803,742.365706395349,78.1078573004768,28.1562517279051,30.2927614231374,9.04553719251452,269.44179753954,181.348169348135,131.354117647059,105.429176527351,0.575882352941177,0.0290697674418605,0.165581395348837,0,0.00953488372093023,0.0290697674418605,0.0072093023255814,0.023953488372093,0.0581395348837209,0,0,0
"93","sample_00093","11.05.2022","t7",93,1,9.432,0.274186046511628,20118.38796,584.836859302326,66.7435856824056,24.214311532253,29.6636647062716,11.525093806975,225.384764025391,180.355745414337,72.9173333333333,59.5017768602233,0.731333333333333,0.0581395348837209,0.128372093023256,0,0.00883720930232558,0.0569767441860465,0,0,0.0218604651162791,0,0,0
"94","sample_00094","11.05.2022","t7",94,1,6.944,0.201860465116279,18801.59526,546.558001744186,85.0626874952348,29.9700457319937,34.3337043860938,11.9063711496543,319.247535273299,265.293142826185,151.392222222222,139.726711724868,0.428888888888889,0.0581395348837209,0.0648837209302326,0,0.00883720930232558,0.0123255813953488,0,0.0576744186046512,0,0,0,0
"95","sample_00095","11.05.2022","t7",95,1,10.92,0.317441860465116,24797.56194,720.85935872093,83.8015249795749,37.5942768573,29.8003906053495,11.2532500023871,388.834459659592,286.559645572407,288.539,262.579026979448,0.429,0.0411627906976744,0.166744186046512,0,0,0.0581395348837209,0,0.0086046511627907,0.0427906976744186,0,0,0
"96","sample_00096","11.05.2022","t7",96,1,6.624,0.192558139534884,14879.6919,432.549183139535,89.4445575601045,28.4280466053789,34.0583515761324,11.2815755503819,444.151196428571,234.616883911879,259.027142857143,241.905950713239,0.35,0,0.0290697674418605,0,0,0.0581395348837209,0.0290697674418605,0,0.0476744186046512,0,0.0286046511627907,0
"97","sample_00097","11.05.2022","t7",97,1,8.752,0.254418604651163,27626.92758,803.108359883721,99.64242130965,40.6873457386395,32.1788772399169,10.9900286470241,300.51585011134,194.345136868856,172.142727272727,106.985522487008,0.456363636363636,0.0872093023255814,0.0818604651162791,0,0,0,0,0.0272093023255814,0.0581395348837209,0,0,0
"98","sample_00098","11.05.2022","t7",98,1,9.544,0.277441860465116,25189.38486,732.249559883721,84.5027585392647,39.460882471504,31.7515397236877,9.71044751676654,296.149231952703,323.409840379077,235.984,330.417213314146,0.426,0.116279069767442,0.0788372093023256,0,0,0.0283720930232558,0.0290697674418605,0.00813953488372093,0.0167441860465116,0,0,0
"99","sample_00099","11.05.2022","t7",99,1,9.936,0.288837209302326,28898.05572,840.059759302326,89.3992600891163,38.1626980258264,34.0565875983565,10.7384861867285,283.714180355057,295.349466098996,215.183076923077,314.390210762162,0.468461538461538,0.0872093023255814,0.143255813953488,0,0,0,0.0290697674418605,0,0.0293023255813953,0,0,0
"100","sample_00100","11.05.2022","t7",100,1,4.832,0.14046511627907,12893.28354,374.804754069767,91.1317600107692,14.6984277583736,37.4228313715385,7.39038917015818,241.355473076923,175.013915532132,125.554,60.7562085716349,0.358,0.0581395348837209,0.0290697674418605,0,0,0,0.0290697674418605,0.0241860465116279,0,0,0,0
"101","sample_00101","11.05.2022","t7",101,1,1,0.0290697674418605,4399.54416,127.893725581395,120.848436,NA,46.3651776,NA,615.886,NA,157.21,NA,0.47,0,0,0,0,0.0290697674418605,0,0,0,0,0,0
"102","sample_00102","11.05.2022","t7",102,1,5.72,0.166279069767442,17589.77856,511.330772093023,85.1361327152159,28.2714816840508,40.0764304935898,8.16429292805942,168.447926705952,135.687164378711,66.6011111111111,59.267035619399,0.414444444444444,0.0586046511627907,0.0667441860465116,0,0,0.0409302325581395,0,0,0,0,0,0
"103","sample_00103","11.05.2022","t7",103,1,0.984,0.0286046511627907,1607.445,46.7280523255814,69.3410707317073,NA,28.9378426829268,NA,119.956,NA,14.41,NA,1.08,0,0.0286046511627907,0,0,0,0,0,0,0,0,0
"104","sample_00104","11.05.2022","t7",104,1,5.776,0.167906976744186,21787.37514,633.353928488372,91.9619087374964,48.0463884094615,38.7037954001449,16.9419964253046,251.214538172878,215.438969738248,119.625714285714,82.1239031092943,0.461428571428571,0.0581395348837209,0.0806976744186046,0,0,0.0290697674418605,0,0,0,0,0,0
"105","sample_00105","11.05.2022","t7",105,1,0,0,0,0,NA,NA,NA,NA,NA,NA,NA,NA,NA,0,0,0,0,0,0,0,0,0,0,0
"106","sample_00106","11.05.2022","t7",106,1,2.328,0.0676744186046512,4556.35206,132.452094767442,80.0367863831675,17.413808742991,30.4589567164183,3.29774206161653,218.689980383887,133.268605212505,75.162,64.450552518966,0.66,0,0.0597674418604651,0,0,0,0,0,0.00790697674418605,0,0,0
"107","sample_00107","11.05.2022","t7",107,1,1,0.0290697674418605,4220.95374,122.702143604651,115.1467488,NA,46.6801704,NA,484.002,NA,430.62,NA,0.29,0.0290697674418605,0,0,0,0,0,0,0,0,0,0
"108","sample_00108","11.05.2022","t7",108,1,3.72,0.108139534883721,6200.145,180.236773255814,67.5728499678863,13.4983383075797,30.5864457529477,7.58552927530392,191.193089174339,100.116335026081,42.6666666666667,27.3001338214058,0.608333333333333,0,0.0509302325581395,0,0,0.0290697674418605,0.0281395348837209,0,0,0,0,0
"109","sample_00109","11.05.2022","t7",109,1,1.96,0.0569767441860465,6434.89758,187.060976162791,105.600750685714,3.25092572139592,37.6128282857143,4.94418141808165,416.324238095238,52.6909908769861,194.3,158.169085475007,0.55,0.0162790697674419,0,0,0,0.0290697674418605,0,0.0116279069767442,0,0,0,0
"110","sample_00110","11.05.2022","t7",110,1,4.768,0.138604651162791,11694.3264,339.951348837209,86.4944207884562,32.5338932552534,34.6689205775538,9.95949807602971,501.487824858757,282.849523037935,210.695,189.5800469195,0.36,0,0.0223255813953488,0,0,0.0872093023255814,0,0,0,0,0.0290697674418605,0
"111","sample_00111","11.05.2022","t7",1,2,1.992,0.0579069767441861,4576.69116,133.043347674419,73.3744005366551,19.3229366657485,29.8856527269076,9.00199331458832,157.786698315479,48.9755291078368,100.7725,52.0380529836901,0.66,0,0.0579069767441861,0,0,0,0,0,0,0,0,0
"112","sample_00112","11.05.2022","t7",2,2,1.712,0.0497674418604651,1368.49338,39.7817843023256,50.7844440636886,23.7491412366744,19.6619443333149,1.73418582063758,244.329501376822,15.1085107020533,202.072,24.729033947973,0.604,0,0.0497674418604651,0,0,0,0,0,0,0,0,0
"113","sample_00113","11.05.2022","t7",3,2,1.984,0.0576744186046512,4371.06942,127.065971511628,72.5307533522495,26.7176853138513,32.0723582935805,8.67221041216129,166.346086598574,54.6665816013186,108.08,96.5850656157566,0.576666666666667,0,0.0576744186046512,0,0,0,0,0,0,0,0,0
"114","sample_00114","11.05.2022","t7",4,2,2.728,0.0793023255813954,8116.21944,235.936611627907,107.2381707,25.8317227742179,38.9423180663265,3.38070144904234,531.118947278911,101.863280109737,297.9375,152.85305457094,0.2775,0.00976744186046512,0,0,0,0.0290697674418605,0,0.0404651162790698,0,0,0,0
"115","sample_00115","11.05.2022","t7",5,2,0,0,0,0,NA,NA,NA,NA,NA,NA,NA,NA,NA,0,0,0,0,0,0,0,0,0,0,0
"116","sample_00116","11.05.2022","t7",6,2,13.368,0.388604651162791,25115.63922,730.10579127907,68.5265543748449,30.6269724411577,29.0473519807311,10.2015497853267,350.630644387041,271.446409852242,225.517619047619,255.279899226413,0.701428571428571,0,0.169302325581395,0,0.0290697674418605,0.144418604651163,0,0,0.0458139534883721,0,0,0
"117","sample_00117","11.05.2022","t7",7,2,10.248,0.297906976744186,23540.47434,684.316114534884,82.8261427725021,39.1306558415067,28.535123147753,7.11155534831374,342.141487133739,300.16136753097,232.498235294118,293.925967108116,0.542941176470588,0.0290697674418605,0.124651162790698,0,0,0,0.0290697674418605,0.0667441860465116,0.0281395348837209,0,0.0202325581395349,0
"118","sample_00118","11.05.2022","t7",8,2,2.384,0.0693023255813953,5797.43082,168.529965697674,71.3189709,22.7595708813553,38.25085365,8.30641962460653,212.225513888889,106.201917178829,149.19,141.865793269555,0.403333333333333,0,0.0290697674418605,0,0,0.0111627906976744,0.0290697674418605,0,0,0,0,0
"119","sample_00119","11.05.2022","t7",9,2,4.648,0.135116279069767,9145.24668,265.850194186047,72.32726105146,21.5785313759626,27.6178446769072,7.25215918792862,272.361101672766,176.237140889017,190.62,172.920856527552,0.631,0,0.0769767441860465,0,0,0,0.0290697674418605,0,0.0290697674418605,0,0,0
"120","sample_00120","11.05.2022","t7",10,2,10.928,0.317674418604651,27934.50726,812.049629651163,88.4339677858798,29.1052800157466,34.4024519609479,9.55924301958288,374.441938617728,268.86927003123,189.485,141.450947341636,0.478571428571429,0.0581395348837209,0.124651162790698,0,0,0.0544186046511628,0,0,0.0804651162790698,0,0,0
"121","sample_00121","11.05.2022","t7",11,2,24.536,0.713255813953488,56930.71554,1654.96266104651,72.7145286713438,30.4225015339489,31.5025274601315,10.1880711333794,220.437949716095,175.39057663251,110.55487804878,153.999507387555,0.712439024390244,0.0781395348837209,0.43,0,0,0.0955813953488372,0.0351162790697674,0.0109302325581395,0.027906976744186,0.00674418604651163,0.0288372093023256,0
"122","sample_00122","11.05.2022","t7",12,2,16.04,0.466279069767442,43774.992,1272.5288372093,87.6011748275253,38.0529813488221,32.4115893536701,10.6597905354558,245.023612240048,177.049884910631,165.7492,105.114559407027,0.4672,0.0976744186046512,0.175348837209302,0,0.0130232558139535,0.036046511627907,0.0290697674418605,0,0.0569767441860465,0,0.0581395348837209,0
"123","sample_00123","11.05.2022","t7",13,2,28.848,0.838604651162791,64613.64654,1878.30367848837,72.4981268864544,28.7830926146049,33.1777128330164,8.59671730933403,216.346371797176,144.663880504098,120.637959183673,140.669337454596,0.647755102040816,0.0290697674418605,0.586744186046512,0,0.0167441860465116,0.16,0,0.037906976744186,0,0,0.00813953488372093,0
"124","sample_00124","11.05.2022","t7",14,2,5.76,0.167441860465116,12537.02124,364.448291860465,75.8124957931749,14.5605282152619,33.7618529224095,4.63360192263303,259.452664041632,216.464059276347,121.672857142857,160.324592178314,0.414285714285714,0.0581395348837209,0.0293023255813953,0,0,0.0218604651162791,0.0581395348837209,0,0,0,0,0
"125","sample_00125","11.05.2022","t7",15,2,17.04,0.495348837209302,39819.88998,1157.55494127907,78.0964217754222,22.3515272807781,30.5248648713291,9.68491890534871,282.272928392106,219.924298314796,177.347,178.432856823338,0.569666666666667,0.111860465116279,0.276279069767442,0.0125581395348837,0.0072093023255814,0.0581395348837209,0,0,0.0293023255813953,0,0,0
"126","sample_00126","11.05.2022","t7",16,2,2.296,0.0667441860465116,4616.9757,134.214409883721,73.6168584172888,21.8294672689304,27.9385703035582,7.15231715142891,165.942455051955,87.8086038453782,129.175,107.153794924243,0.5225,0.0290697674418605,0.0376744186046512,0,0,0,0,0,0,0,0,0
"127","sample_00127","11.05.2022","t7",17,2,0,0,0,0,NA,NA,NA,NA,NA,NA,NA,NA,NA,0,0,0,0,0,0,0,0,0,0,0
"128","sample_00128","11.05.2022","t7",18,2,1,0.0290697674418605,2233.23318,64.9195691860465,84.6371592,NA,34.5259908,NA,158.406,NA,59.66,NA,0.36,0,0.0290697674418605,0,0,0,0,0,0,0,0,0
"129","sample_00129","11.05.2022","t7",19,2,4,0.116279069767442,6914.76912,201.010730232558,61.6585528969852,23.2307920128118,25.1438448602927,7.18027219872241,238.468516717604,40.3856410256463,163.6375,59.0887230599642,0.6325,0.0290697674418605,0.0581395348837209,0,0,0,0.0290697674418605,0,0,0,0,0
"130","sample_00130","11.05.2022","t7",20,2,0.376,0.0109302325581395,1435.28436,41.7233825581395,120.829164893617,NA,40.0144308510638,NA,517.058510638298,NA,470.89,NA,0.22,0,0,0,0,0,0,0.0109302325581395,0,0,0,0
"131","sample_00131","11.05.2022","t7",21,2,3.456,0.10046511627907,5682.4821,165.188433139535,58.4517443079393,26.1229017103534,27.3313854482061,6.74152330100981,118.024189760687,21.4635766355781,39.926,54.7673217347717,0.702,0,0.0925581395348837,0,0.00790697674418605,0,0,0,0,0,0,0
"132","sample_00132","11.05.2022","t7",22,2,1,0.0290697674418605,2529.13428,73.5213453488372,70.230402,NA,45.8608068,NA,712.916,NA,570.86,NA,0.32,0,0,0,0,0.0290697674418605,0,0,0,0,0,0
"133","sample_00133","11.05.2022","t7",23,2,1,0.0290697674418605,4123.06362,119.856500581395,122.4142632,NA,43.094916,NA,391.938,NA,134.2,NA,0.49,0,0,0,0,0,0,0.0290697674418605,0,0,0,0
"134","sample_00134","11.05.2022","t7",24,2,3.808,0.110697674418605,8262.13608,240.178374418605,83.7749595978896,29.575411426057,29.7549011719967,6.65202819379629,308.11906969246,250.87028360288,201.621666666667,254.699729282673,0.508333333333333,0,0.0372093023255814,0,0,0,0.0290697674418605,0.0444186046511628,0,0,0,0
"135","sample_00135","11.05.2022","t7",25,2,0,0,0,0,NA,NA,NA,NA,NA,NA,NA,NA,NA,0,0,0,0,0,0,0,0,0,0,0
"136","sample_00136","11.05.2022","t7",26,2,6.904,0.200697674418605,11962.6713,347.752072674419,71.7061757358062,19.2781725042611,30.5222858650791,6.47612870853499,258.326566767702,250.140407015363,143.932142857143,185.923056797432,0.591428571428571,0.00627906976744186,0.16093023255814,0,0,0.027906976744186,0,0,0.00558139534883721,0,0,0
"137","sample_00137","11.05.2022","t7",27,2,9.216,0.267906976744186,21330.86076,620.083161627907,78.8978312259645,34.7139571678987,29.8251419472718,11.3039104701136,273.309395661066,229.28293285411,147.926,160.609160644271,0.620666666666667,0.0290697674418605,0.129302325581395,0,0,0.0290697674418605,0.0290697674418605,0.0290697674418605,0.0223255813953488,0,0,0
"138","sample_00138","11.05.2022","t7",28,2,2.944,0.0855813953488372,6759.92952,196.509579069767,89.3529809990157,40.7807630722743,29.4149510555785,12.5676991593037,293.333037419028,203.398935004417,168.702857142857,150.427413139393,0.745714285714286,0,0.0397674418604651,0,0,0,0,0,0.033953488372093,0.0118604651162791,0,0
"139","sample_00139","11.05.2022","t7",29,2,6.736,0.195813953488372,14072.29524,409.07835,67.5107009297203,32.544418455391,30.0061169506993,11.0188283389432,374.874187571789,335.391750254079,239.466666666667,351.01281162516,0.441111111111111,0.0581395348837209,0.0183720930232558,0,0.0116279069767442,0.0872093023255814,0,0,0.0204651162790698,0,0,0
"140","sample_00140","11.05.2022","t7",30,2,3.056,0.0888372093023256,4895.1621,142.301223837209,78.5790665051823,43.9185416658167,27.4062756622334,8.36986158339322,335.462433762821,344.648113818113,223.186666666667,277.354749133067,0.55,0,0.0530232558139535,0,0,0,0.00813953488372093,0,0.0276744186046512,0,0,0
"141","sample_00141","11.05.2022","t7",31,2,6.2,0.180232558139535,15954.25248,463.786409302326,91.3791156420596,30.9141753647542,34.7644453458644,8.84243982470107,295.709232015218,271.899613141143,158.433333333333,121.02919596114,0.484444444444444,0.0581395348837209,0.0781395348837209,0,0,0,0.0290697674418605,0,0.0148837209302326,0,0,0
"142","sample_00142","11.05.2022","t7",32,2,7.304,0.212325581395349,23014.41336,669.023644186046,90.1643991909754,47.9448487728706,31.770611135402,11.3720145076964,380.890920214459,396.58135910608,286.590769230769,387.428615843434,0.470769230769231,0.0523255813953488,0.0716279069767442,0,0.016046511627907,0,0,0,0.0723255813953488,0,0,0
"143","sample_00143","11.05.2022","t7",33,2,11.928,0.346744186046512,28014.55146,814.376495930233,81.9219606179802,32.7008525927875,33.3177843385864,7.80530995691698,376.405737452839,238.266892596714,288.207058823529,255.058558074531,0.431764705882353,0.0237209302325581,0.107674418604651,0.0290697674418605,0,0.122325581395349,0.0288372093023256,0,0.0351162790697674,0,0,0
"144","sample_00144","11.05.2022","t7",34,2,9.504,0.276279069767442,28621.7064,832.026348837209,96.2400851773943,40.2545155183157,36.5278713578531,10.0541335901441,381.311286114672,269.68586950272,224.360833333333,221.6582411756,0.46,0.0581395348837209,0.0597674418604651,0,0,0.0576744186046512,0.0290697674418605,0.0290697674418605,0.0425581395348837,0,0,0
"145","sample_00145","11.05.2022","t7",35,2,4.92,0.143023255813954,10508.36004,305.47558255814,70.6651954314839,22.1582999894433,33.8245015970586,9.02286196724503,262.932445965341,262.784523253115,182.485555555556,266.16361035607,0.531111111111111,0.0290697674418605,0.0788372093023256,0,0,0.0290697674418605,0,0,0.00604651162790698,0,0,0
"146","sample_00146","11.05.2022","t7",36,2,8.576,0.249302325581395,24846.11334,722.270736627907,95.5184312001019,20.7285612782823,36.9627342698111,11.3858633086664,363.503408905215,235.524517360564,168.953,85.6539252586957,0.426,0.0872093023255814,0.0769767441860465,0,0,0.0290697674418605,0,0,0.056046511627907,0,0,0
"147","sample_00147","11.05.2022","t7",37,2,7.608,0.221162790697674,20796.13926,604.538931976744,86.0096721772637,24.2806369915354,36.3969337377854,12.6097582327146,323.232463205517,226.893566377666,172.121111111111,165.128056099232,0.404444444444444,0.0581395348837209,0.0609302325581395,0,0,0.0290697674418605,0.0197674418604651,0.0290697674418605,0.0241860465116279,0,0,0
"148","sample_00148","11.05.2022","t7",38,2,12.04,0.35,27715.6323,805.686985465116,78.5221736715714,32.330118838524,30.6275215269442,8.52002849924851,269.18383407326,211.482709142525,129.638823529412,103.282352490778,0.609411764705882,0.0290697674418605,0.203023255813954,0,0.00651162790697674,0.0532558139534884,0,0,0.0581395348837209,0,0,0
"149","sample_00149","11.05.2022","t7",39,2,10.136,0.294651162790698,20908.98846,607.819431976744,70.9381279110255,30.7444263135975,28.7508965414233,9.21215565387273,299.80542203206,184.967778575537,198.32875,146.526193238615,0.535625,0.0581395348837209,0.113488372093023,0,0,0.0362790697674419,0,0,0.0867441860465116,0,0,0
"150","sample_00150","11.05.2022","t7",40,2,15.256,0.443488372093023,42150.88206,1225.31633895349,80.3898013585024,33.5345439707116,33.998688366114,13.597661247616,217.098570855544,109.902520926363,117.174090909091,99.4329430731175,0.565,0.116744186046512,0.261860465116279,0.00674418604651163,0,0,0.0290697674418605,0.0290697674418605,0,0,0,0
"151","sample_00151","11.05.2022","t7",41,2,11.368,0.33046511627907,26731.61352,777.081788372093,75.2980305129786,22.2783690159065,37.1437907690871,9.2595367139388,202.415980131602,116.398556614104,73.01,49.9650849002672,0.651666666666667,0.0823255813953488,0.108372093023256,0,0,0.110697674418605,0.0290697674418605,0,0,0,0,0
"152","sample_00152","11.05.2022","t7",42,2,8.52,0.247674418604651,16326.91728,474.619688372093,72.3724519699554,15.0904896994504,30.5433361931318,9.36361439273685,221.143774076666,142.00612232575,130.190909090909,134.409873629473,0.621818181818182,0.0581395348837209,0.154418604651163,0,0,0.0290697674418605,0,0.00604651162790698,0,0,0,0
"153","sample_00153","11.05.2022","t7",43,2,8.312,0.241627906976744,18681.7914,543.075331395349,78.9367272314409,32.3576633057475,32.2752992430525,9.11213431317079,280.629784938741,186.294832162406,149.112857142857,149.090096117883,0.600714285714286,0,0.10953488372093,0,0.0086046511627907,0.0662790697674419,0.0211627906976744,0,0.0290697674418605,0,0.00697674418604651,0
"154","sample_00154","11.05.2022","t7",44,2,8.568,0.24906976744186,27559.74294,801.155318023256,84.1561160920712,38.3488127163408,38.636468908877,14.031391936043,302.54720081177,180.200447983684,160.754615384615,123.106860735933,0.43,0.0581395348837209,0.119302325581395,0,0,0.0716279069767442,0,0,0,0,0,0
"155","sample_00155","11.05.2022","t7",45,2,11.568,0.336279069767442,34776.5805,1010.94710755814,88.1994393527217,29.3239218597229,33.490431537413,11.5287510720001,272.954900736208,184.470763394006,180.169444444444,169.017478611367,0.473888888888889,0.115581395348837,0.150697674418605,0,0,0.0290697674418605,0,0,0.0409302325581395,0,0,0
"156","sample_00156","11.05.2022","t7",46,2,3.64,0.105813953488372,5113.6434,148.652424418605,71.9211917001794,22.827769957034,21.9889631873679,3.83001376029307,247.326735931059,25.2834176741871,214.077777777778,32.5139000189833,0.585555555555556,0,0.105813953488372,0,0,0,0,0,0,0,0,0
"157","sample_00157","11.05.2022","t7",47,2,10.872,0.316046511627907,39141.48258,1137.83379593023,94.9353165896512,47.9201719139223,35.3854485612738,12.6152225510039,256.25483093216,280.72737381914,171.1325,270.779474517549,0.59625,0.116279069767442,0.143488372093023,0,0,0.0202325581395349,0,0,0.00697674418604651,0.0290697674418605,0,0
"158","sample_00158","11.05.2022","t7",48,2,6.12,0.177906976744186,14584.31568,423.962665116279,83.6222604210188,31.7159762268208,31.9919863787322,13.4151083708289,393.880442360027,198.243753286975,138.72,92.2692901842813,0.616,0,0.0630232558139535,0,0,0.0581395348837209,0,0.012093023255814,0.0446511627906977,0,0,0
"159","sample_00159","11.05.2022","t7",49,2,7.728,0.224651162790698,19297.73808,560.980758139535,79.1947192726276,28.0345719963681,35.5967891310293,9.78528534969594,245.651015549603,196.224553850881,140.456,150.755436179853,0.438,0.0290697674418605,0.111162790697674,0,0,0.0844186046511628,0,0,0,0,0,0
"160","sample_00160","11.05.2022","t7",50,2,6.904,0.200697674418605,16413.52248,477.137281395349,79.7195610359724,45.6990548880476,25.8061840479279,6.69579778846378,527.145371072803,405.75300633404,430.014615384615,430.042258497453,0.567692307692308,0,0.0569767441860465,0,0,0,0.0118604651162791,0.0902325581395349,0.0416279069767442,0,0,0
"161","sample_00161","11.05.2022","t7",51,2,10.368,0.301395348837209,22943.68578,666.967609883721,82.8374132638708,19.668614350935,32.4978961547649,8.30129164426764,448.475625218124,308.377478330121,340.540769230769,292.719396620197,0.324615384615385,0.108139534883721,0.0476744186046512,0,0,0.0693023255813953,0,0.0086046511627907,0.0676744186046512,0,0,0
"162","sample_00162","11.05.2022","t7",52,2,6.904,0.200697674418605,17642.13534,512.852771511628,102.063369724967,20.5514686369662,31.577648906231,3.81086011633241,560.754208057445,299.952315956805,372.156666666667,234.533604660721,0.569166666666667,0,0.0883720930232558,0,0,0,0,0.0581395348837209,0.0541860465116279,0,0,0
"163","sample_00163","11.05.2022","t7",53,2,12.08,0.351162790697674,23867.21214,693.814306395349,73.3887016865778,25.3836561667923,29.4152874837446,7.98372007787562,359.109808622963,244.259035571699,235.379130434783,217.524327080758,0.437826086956522,0.0374418604651163,0.212558139534884,0,0,0.0358139534883721,0.00674418604651163,0,0.0586046511627907,0,0,0
"164","sample_00164","11.05.2022","t7",54,2,8.008,0.232790697674419,21243.46824,617.542681395349,93.3578147501771,39.6726698121536,28.212045483924,8.13358927862595,485.655247583249,255.841854198228,306.495625,209.257699594503,0.565625,0,0.0704651162790698,0.0106976744186047,0,0,0,0.0846511627906977,0.05,0,0.0169767441860465,0
"165","sample_00165","11.05.2022","t7",55,2,10.192,0.296279069767442,18763.8039,545.459415697674,75.3851860146723,33.9497263113342,27.9558671926228,7.50300117133681,304.612255755915,276.110557454604,199.774,217.846916034435,0.568,0,0.196279069767442,0,0,0.0290697674418605,0.0227906976744186,0.0290697674418605,0.0190697674418605,0,0,0
"166","sample_00166","11.05.2022","t7",56,2,0,0,0,0,NA,NA,NA,NA,NA,NA,NA,NA,NA,0,0,0,0,0,0,0,0,0,0,0
"167","sample_00167","11.05.2022","t7",57,2,0,0,0,0,NA,NA,NA,NA,NA,NA,NA,NA,NA,0,0,0,0,0,0,0,0,0,0,0
"168","sample_00168","11.05.2022","t7",58,2,0,0,0,0,NA,NA,NA,NA,NA,NA,NA,NA,NA,0,0,0,0,0,0,0,0,0,0,0
"169","sample_00169","11.05.2022","t7",59,2,1.24,0.036046511627907,2410.38018,70.0691912790698,61.5237714,19.5958400748874,30.3313113,8.79627584614986,100.689833333333,7.56863528356042,25.3,19.3464415332639,0.905,0,0.036046511627907,0,0,0,0,0,0,0,0,0
"170","sample_00170","11.05.2022","t7",60,2,0,0,0,0,NA,NA,NA,NA,NA,NA,NA,NA,NA,0,0,0,0,0,0,0,0,0,0,0
"171","sample_00171","11.05.2022","t7",61,2,3.84,0.111627906976744,7163.03736,208.227830232558,75.9176853157533,23.1443534204965,34.2722494412658,7.36720210918888,337.853177308955,258.105483118193,174.136,234.884176095368,0.788,0,0.0472093023255814,0,0,0.0581395348837209,0,0.00627906976744186,0,0,0,0
"172","sample_00172","11.05.2022","t7",62,2,2.16,0.0627906976744186,5588.39736,162.453411627907,95.5162298601282,49.4334028398962,30.2886658182649,6.52135405976252,498.325198211032,355.892761604425,423.53,368.366043698384,0.598,0,0.0248837209302326,0,0,0.00883720930232558,0,0,0.0290697674418605,0,0,0
"173","sample_00173","11.05.2022","t7",63,2,7.104,0.206511627906977,15415.85682,448.135372674419,74.0681389940642,36.2243548334071,28.9086817932725,8.07787122480472,291.381963143137,265.039647929943,198.329090909091,260.782025816755,0.557272727272727,0.0290697674418605,0.108837209302326,0,0,0,0,0.0579069767441861,0.0106976744186047,0,0,0
"174","sample_00174","11.05.2022","t7",64,2,9.272,0.26953488372093,23022.94266,669.271588953488,84.8782351837273,30.5450884835505,34.8866105673124,8.77664002946193,548.945695209569,297.583652265008,380.235454545455,247.274394119716,0.298181818181818,0.0290697674418605,0.0581395348837209,0,0,0.13093023255814,0,0.0232558139534884,0,0,0.0281395348837209,0
"175","sample_00175","11.05.2022","t7",65,2,1.456,0.0423255813953488,3590.57286,104.377118023256,100.492118412162,18.0022231811684,30.680941722973,0.129795421872449,363.097847847848,247.984082307882,234.2,73.4401102940348,0.305,0,0.0172093023255814,0,0,0,0,0,0.0251162790697674,0,0,0
"176","sample_00176","11.05.2022","t7",66,2,6.224,0.18093023255814,9860.26446,286.635594767442,60.410401717685,15.3726602099467,28.022503521916,10.5544836453906,231.294966115062,170.642024071345,104.03,94.1061879760551,0.682142857142857,0,0.124186046511628,0,0.00558139534883721,0.0511627906976744,0,0,0,0,0,0
"177","sample_00177","11.05.2022","t7",67,2,15.736,0.457441860465116,39906.10152,1160.06109069767,94.1374868896325,25.3826693445492,31.351942022507,7.704144878279,305.393657824187,214.633285017408,203.045333333333,160.490306243589,0.534333333333333,0.0341860465116279,0.290697674418605,0,0.0188372093023256,0,0,0.0574418604651163,0.0393023255813954,0,0.0169767441860465,0
"178","sample_00178","11.05.2022","t7",68,2,4.52,0.131395348837209,13477.47498,391.787063372093,97.913862014153,18.5863290601373,39.7532550658709,8.55507226403318,421.571629095509,266.552679289619,249.118,200.238674885747,0.376,0.0858139534883721,0,0,0,0,0,0,0.0455813953488372,0,0,0
"179","sample_00179","11.05.2022","t7",69,2,5.592,0.162558139534884,17170.7931,499.150962209302,74.6753151283122,35.9624125668329,32.6125254747472,13.5669162828476,208.810229536555,166.470935315412,87.7944444444444,80.1369393774043,0.57,0.0872093023255814,0.0381395348837209,0,0.00813953488372093,0,0,0.0290697674418605,0,0,0,0
"180","sample_00180","11.05.2022","t7",70,2,6.632,0.192790697674419,19336.5792,562.109860465116,97.8057561162914,30.5349816127653,34.6220238085991,8.99040320470524,367.404431069959,173.299618062478,206.592222222222,137.514453401977,0.413333333333333,0.086046511627907,0,0,0,0.0290697674418605,0.00604651162790698,0,0.0716279069767442,0,0,0
"181","sample_00181","11.05.2022","t7",71,2,0,0,0,0,NA,NA,NA,NA,NA,NA,NA,NA,NA,0,0,0,0,0,0,0,0,0,0,0
"182","sample_00182","11.05.2022","t7",72,2,0,0,0,0,NA,NA,NA,NA,NA,NA,NA,NA,NA,0,0,0,0,0,0,0,0,0,0,0
"183","sample_00183","11.05.2022","t7",73,2,0.84,0.0244186046511628,1251.97002,36.3944773255814,60.554361422255,2.07959567633637,29.8092617078114,0.735203867147734,151.705373241976,13.0543182676034,29.195,17.6564563262281,0.925,0,0.0137209302325581,0,0,0.0106976744186047,0,0,0,0,0,0
"184","sample_00184","11.05.2022","t7",74,2,0,0,0,0,NA,NA,NA,NA,NA,NA,NA,NA,NA,0,0,0,0,0,0,0,0,0,0,0
"185","sample_00185","11.05.2022","t7",75,2,0,0,0,0,NA,NA,NA,NA,NA,NA,NA,NA,NA,0,0,0,0,0,0,0,0,0,0,0
"186","sample_00186","11.05.2022","t7",76,2,0,0,0,0,NA,NA,NA,NA,NA,NA,NA,NA,NA,0,0,0,0,0,0,0,0,0,0,0
"187","sample_00187","11.05.2022","t7",77,2,1,0.0290697674418605,2947.8573,85.6935261627907,121.9469904,NA,30.7783152,NA,663.622,NA,59.28,NA,0.03,0,0,0,0,0,0,0,0,0,0.0290697674418605,0
"188","sample_00188","11.05.2022","t7",78,2,0,0,0,0,NA,NA,NA,NA,NA,NA,NA,NA,NA,0,0,0,0,0,0,0,0,0,0,0
"189","sample_00189","11.05.2022","t7",79,2,0,0,0,0,NA,NA,NA,NA,NA,NA,NA,NA,NA,0,0,0,0,0,0,0,0,0,0,0
"190","sample_00190","11.05.2022","t7",80,2,4.8,0.13953488372093,7213.03218,209.681168023256,70.5314638770499,20.3627583842038,28.6779748837734,4.74195232946356,251.049455413762,253.207166716063,142.314285714286,240.114446938479,0.768571428571429,0,0.125581395348837,0,0,0,0,0.013953488372093,0,0,0,0
"191","sample_00191","11.05.2022","t7",81,2,7.376,0.214418604651163,17977.14,522.591279069767,74.0759686,33.0696928045962,34.7192547795455,10.1706340701051,280.121609649123,218.694235080603,93.5355555555556,66.056467342553,0.581111111111111,0,0.0897674418604651,0,0.00837209302325581,0.0872093023255814,0,0.0290697674418605,0,0,0,0
"192","sample_00192","11.05.2022","t7",82,2,3.976,0.115581395348837,6489.74754,188.655451744186,79.6087392303073,34.8436976866851,26.4320441242041,5.64647626734971,430.728441457532,333.127799513912,370.305,359.417517533578,0.535,0,0.0827906976744186,0,0,0,0,0.0246511627906977,0.00813953488372093,0,0,0
"193","sample_00193","11.05.2022","t7",83,2,7.256,0.21093023255814,18514.35468,538.207984883721,88.2584754254292,18.9948943807623,35.2005776441459,6.61815143889758,381.365602987338,313.990522273336,204.674545454545,246.700227173128,0.556363636363636,0,0.120232558139535,0,0,0.0565116279069767,0,0.0230232558139535,0.0111627906976744,0,0,0
"194","sample_00194","11.05.2022","t7",84,2,7.504,0.218139534883721,17412.50034,506.177335465116,76.5134060534181,28.270753649485,35.3083228114289,9.92707262802286,433.489020824543,287.568851905637,219.901538461538,216.716177324404,0.720769230769231,0,0.0727906976744186,0,0,0.0944186046511628,0,0,0.0509302325581395,0,0,0
"195","sample_00195","11.05.2022","t7",85,2,7.12,0.206976744186047,14373.05148,417.821263953488,78.646886089811,26.7582548408708,31.8905495931783,6.48600906746554,341.728806250744,251.282169935316,164.597272727273,201.058959217982,0.58,0,0.0988372093023256,0,0,0.0290697674418605,0.0290697674418605,0.05,0,0,0,0
"196","sample_00196","11.05.2022","t7",86,2,4.344,0.126279069767442,8023.4469,233.239735465116,77.2716675207159,13.1762620682044,29.7360971774786,6.25426710664699,358.022538485904,272.126953267864,266.327142857143,201.533488508675,0.55,0,0.0586046511627907,0.0290697674418605,0,0.0290697674418605,0,0,0.00953488372093023,0,0,0
"197","sample_00197","11.05.2022","t7",87,2,6.024,0.175116279069767,12644.09676,367.560952325581,70.4824486976655,32.7345008012395,27.1317438206804,6.99800045312249,324.542779732789,188.071598738599,164.633636363636,129.482526100839,0.470909090909091,0,0.0516279069767442,0.00813953488372093,0,0.00767441860465116,0,0.0786046511627907,0.0290697674418605,0,0,0
"198","sample_00198","11.05.2022","t7",88,2,8.848,0.257209302325581,16493.0418,479.448889534884,73.4175260271202,28.6535269465904,28.675608816342,6.35592906634671,350.586731527697,293.81235469236,211.387857142857,281.482531694066,0.58,0,0.140232558139535,0,0,0.0793023255813954,0,0.0290697674418605,0.0086046511627907,0,0,0
"199","sample_00199","11.05.2022","t7",89,2,3.272,0.0951162790697674,7596.3258,220.823424418605,89.3649025561261,25.2905662599815,31.9211872302641,4.10031028490969,224.49354914175,80.1761421539593,89.545,54.4975495779397,0.623333333333333,0,0.0851162790697674,0,0,0,0.01,0,0,0,0,0
"200","sample_00200","11.05.2022","t7",90,2,3.392,0.0986046511627907,8766.02088,254.826188372093,106.121313892096,18.3338513111704,30.4601161723322,7.15588573038853,673.835847396616,244.268892690284,517.641666666667,288.791470955544,0.435,0.0290697674418605,0,0,0,0,0,0.0276744186046512,0.0418604651162791,0,0,0
"201","sample_00201","11.05.2022","t7",91,2,4.624,0.134418604651163,11009.48922,320.04329127907,92.0740327573138,30.7852055825391,28.3150438064519,5.06681959097117,527.233708376728,271.075795901915,351.164166666667,226.973530393397,0.62,0.0072093023255814,0.0318604651162791,0,0,0,0.00883720930232558,0,0.0865116279069768,0,0,0
"202","sample_00202","11.05.2022","t7",92,2,8.84,0.256976744186046,21501.31554,625.03824244186,78.6114020388514,30.4959866947135,34.2784465911383,10.7768031285009,219.056933914366,179.540991328585,136.675,153.422049787868,0.588,0.0481395348837209,0.138837209302326,0,0.0118604651162791,0.0290697674418605,0,0.0290697674418605,0,0,0,0
"203","sample_00203","11.05.2022","t7",93,2,9.2,0.267441860465116,21592.64466,627.69315872093,67.9162227227845,28.9722533871054,31.5558013169798,11.3922414976789,208.58941701825,128.209607969973,97.62125,118.430608255073,0.6125,0.0581395348837209,0.116976744186047,0,0.0167441860465116,0.0569767441860465,0.00767441860465116,0,0.0109302325581395,0,0,0
"204","sample_00204","11.05.2022","t7",94,2,9.408,0.273488372093023,27532.84284,800.373338372093,89.8674862278997,22.2872136309498,39.4369624579937,6.97681633770772,195.555287364615,144.37661901257,124.947272727273,64.4484304061641,0.383636363636364,0.0534883720930233,0.107674418604651,0,0,0,0.0832558139534884,0,0.0290697674418605,0,0,0
"205","sample_00205","11.05.2022","t7",95,2,9.36,0.272093023255814,37201.78854,1081.44734127907,107.471650453696,41.0837434880781,37.197454177327,14.9525192287078,393.667133500848,382.504647992115,258.058333333333,328.90089708917,0.5475,0.145348837209302,0.0353488372093023,0,0.0113953488372093,0,0,0,0.08,0,0,0
"206","sample_00206","11.05.2022","t7",96,2,7.096,0.206279069767442,15664.12506,455.352472674419,72.6848797686413,29.4102379602825,29.7402672661988,7.78910200512566,219.114074010732,199.826868141118,80.1245454545455,89.0440926017708,0.803636363636364,0.0290697674418605,0.11906976744186,0,0,0.0290697674418605,0,0.0290697674418605,0,0,0,0
"207","sample_00207","11.05.2022","t7",97,2,6.424,0.186744186046512,14416.09164,419.072431395349,90.3819431148836,29.6071133594637,29.3070748597009,8.59068171465139,579.84694678378,417.008808388477,384.493333333333,459.552467787956,0.37,0.0290697674418605,0.0574418604651163,0,0,0.0290697674418605,0,0,0.0711627906976744,0,0,0
"208","sample_00208","11.05.2022","t7",98,2,12.624,0.366976744186047,31825.31148,925.154403488372,81.8437897130453,23.2187145966374,32.1360454160723,10.8398753382063,220.723947447702,94.3427796437697,130.167222222222,77.2677016311439,0.621111111111111,0.0872093023255814,0.163488372093023,0,0,0.0872093023255814,0,0,0,0,0.0290697674418605,0
"209","sample_00209","11.05.2022","t7",99,2,4.608,0.133953488372093,6960.82734,202.349631976744,59.3025128282693,32.9062872104741,24.764652970253,8.11769672441508,219.782101279486,134.235938006505,117.244444444444,115.564726139847,0.617777777777778,0,0.123023255813953,0,0,0,0,0.0109302325581395,0,0,0,0
"210","sample_00210","11.05.2022","t7",100,2,6.92,0.201162790697674,13466.4525,391.46664244186,77.7153644226007,29.0983242577101,29.9438166654682,5.87689705589529,201.563263044797,162.061909303248,123.513846153846,184.085905061489,0.822307692307692,0,0.148837209302326,0,0,0.036046511627907,0,0,0,0,0.0162790697674419,0
"211","sample_00211","11.05.2022","t7",101,2,1,0.0290697674418605,3402.00972,98.8956313953488,117.7321392,NA,36.7980732,NA,512.622,NA,388.8,NA,0.38,0,0,0,0,0,0,0.0290697674418605,0,0,0,0
"212","sample_00212","11.05.2022","t7",102,2,7.08,0.205813953488372,15185.69694,441.444678488372,87.7236977398848,15.4368699946746,31.3594251354812,3.95469076687557,320.682621535945,180.295247868893,145.494444444444,93.5817056255002,0.515555555555556,0,0.0648837209302326,0,0,0.0290697674418605,0.0290697674418605,0.0246511627906977,0.0581395348837209,0,0,0
"213","sample_00213","11.05.2022","t7",103,2,1.96,0.0569767441860465,4473.15858,130.033679651163,82.0992164582823,6.09926767250436,32.6192539956506,6.94798572737037,154.545964871083,78.0651785428973,71.3625,109.422187687568,0.9525,0,0.0569767441860465,0,0,0,0,0,0,0,0,0
"214","sample_00214","11.05.2022","t7",104,2,6.184,0.179767441860465,11330.32212,329.369829069767,64.0993294821694,24.3509999289813,28.6590747770303,10.0392748657065,242.783664805913,136.308423227176,163.365454545455,99.8679675735555,0.701818181818182,0,0.0809302325581395,0,0,0.0697674418604651,0,0.0290697674418605,0,0,0,0
"215","sample_00215","11.05.2022","t7",105,2,0,0,0,0,NA,NA,NA,NA,NA,NA,NA,NA,NA,0,0,0,0,0,0,0,0,0,0,0
"216","sample_00216","11.05.2022","t7",106,2,3.352,0.0974418604651163,4998.1698,145.29563372093,59.3186727121035,17.396938786505,25.8101703008539,5.68167985028232,166.497752885717,34.6929692677582,68.795,48.5390426063685,0.605,0.0213953488372093,0.076046511627907,0,0,0,0,0,0,0,0,0
"217","sample_00217","11.05.2022","t7",107,2,0,0,0,0,NA,NA,NA,NA,NA,NA,NA,NA,NA,0,0,0,0,0,0,0,0,0,0,0
"218","sample_00218","11.05.2022","t7",108,2,6.752,0.196279069767442,14565.55122,423.417186627907,78.4219622326929,23.4305204539442,35.1160811538541,6.31178358140949,365.831970362051,220.933690165764,133.84125,142.896147647514,0.65875,0.0141860465116279,0.0202325581395349,0.023953488372093,0,0.0872093023255814,0,0.0290697674418605,0.0216279069767442,0,0,0
"219","sample_00219","11.05.2022","t7",109,2,0.888,0.0258139534883721,2433.99978,70.7558075581395,95.6914297297298,NA,36.4135864864865,NA,174.984234234234,NA,124.66,NA,0.62,0,0.0258139534883721,0,0,0,0,0,0,0,0,0
"220","sample_00220","11.05.2022","t7",110,2,9.488,0.275813953488372,18027.52848,524.056060465116,66.8542396926612,12.3879765729394,32.2860506264147,8.56276792386894,226.392538956665,99.4370970397668,113.043846153846,97.5221465051624,0.566153846153846,0,0.157906976744186,0,0,0.0597674418604651,0.0581395348837209,0,0,0,0,0
